# Blender 5.1.0
# www.blender.org
mtllib tower.mtl
o SM_Electric_trellis_1_Base
v -4.075669 -0.765374 10.391863
v -3.953710 0.623235 10.386288
v -4.075669 0.623235 10.386288
v -3.953710 -0.765377 10.391865
v -3.953710 -0.765519 10.355740
v -3.953710 0.623092 10.350164
v -4.075669 0.623090 10.350164
v -4.075669 -0.765519 10.355740
v -4.075669 -0.764243 10.673603
v -3.953710 0.624366 10.668028
v -4.075669 0.624366 10.668028
v -3.953710 -0.764246 10.673603
v -3.953710 -0.764388 10.637480
v -3.953710 0.624223 10.631905
v -4.075669 0.624221 10.631905
v -4.075669 -0.764388 10.637478
v -2.467071 -0.930642 11.131800
v -1.014341 1.022558 11.535894
v -1.166775 1.013051 11.499395
v -2.624525 -0.921903 11.088245
v -1.010307 1.022229 11.513611
v -2.461850 -0.930740 11.107283
v -1.162743 1.012707 11.477110
v -2.619305 -0.922001 11.063730
v -2.432387 0.793860 11.122250
v -1.200307 -1.131285 11.486687
v -1.044978 -1.141758 11.529922
v -2.588763 0.784130 11.083742
v -1.040991 -1.141712 11.508892
v -2.429542 0.793587 11.100985
v -1.196321 -1.131370 11.465656
v -2.585914 0.783864 11.062481
v -3.926978 -0.764434 10.704309
v -2.590913 0.765768 11.084137
v -2.744430 0.757162 11.052494
v -4.087010 -0.764565 10.671509
v -2.587589 0.765508 11.061735
v -3.923423 -0.764534 10.679497
v -2.741106 0.756904 11.030092
v -4.083455 -0.764665 10.646696
v -3.914588 0.624429 10.691767
v -2.776832 -0.876665 11.020041
v -2.624821 -0.884033 11.073786
v -4.072161 0.624294 10.658449
v -2.619404 -0.884116 11.053080
v -3.912452 0.624343 10.670420
v -2.771416 -0.876728 10.999329
v -4.070023 0.624209 10.637102
v -2.149458 -1.043155 10.354858
v -1.519062 -1.067695 11.353722
v -1.705175 -1.045302 11.302376
v -2.298570 -1.012116 10.364504
v -2.143058 -1.011689 10.354914
v -1.517261 -1.037268 11.356169
v -1.703374 -1.015301 11.304827
v -2.292172 -0.980985 10.364559
v -1.204354 -1.204048 10.365274
v -1.561339 -1.073963 11.354786
v -1.703291 -1.058602 11.302843
v -1.055241 -1.237772 10.355642
v -1.048842 -1.203769 10.355684
v -1.559965 -1.043467 11.354389
v -1.197957 -1.170390 10.365318
v -1.701917 -1.028301 11.302452
v -4.103700 -0.706483 10.317640
v -1.011448 -1.128322 10.319334
v -4.103700 -0.815161 10.318077
v -1.011448 -1.255629 10.319845
v -1.011448 -1.253895 10.452164
v -4.103700 -0.814630 10.450399
v -4.108065 -0.787206 10.353710
v -4.103700 -0.706325 10.357065
v -1.011448 -1.127800 10.358759
v -1.011448 -1.217743 10.452019
v -4.103700 -0.783795 10.450275
v -1.007083 -1.222788 10.355457
v -4.103699 -0.814180 10.562429
v -0.943779 -1.206698 11.458153
v -4.103700 -0.813669 10.689745
v -0.943779 -1.208383 11.585478
v -0.943779 -1.080195 11.584963
v -4.103700 -0.704991 10.689308
v -4.103700 -0.784448 10.655855
v -4.103699 -0.781801 10.562300
v -0.943779 -1.168521 11.458000
v -0.943779 -1.079757 11.548836
v -4.103700 -0.705136 10.653187
v -0.943779 -1.173280 11.553944
v -3.125276 -0.898461 10.354279
v -2.595127 -0.914529 11.011648
v -2.735731 -0.899693 11.008011
v -3.274388 -0.874515 10.363951
v -3.118876 -0.868620 10.354340
v -2.593325 -0.886496 11.014107
v -2.733930 -0.871852 11.010471
v -3.267990 -0.844744 10.364012
v -2.261634 -1.001004 10.364460
v -2.623157 -0.919349 11.054798
v -2.765109 -0.907814 11.002872
v -2.112521 -1.032055 10.354816
v -2.106122 -1.000537 10.354870
v -2.621784 -0.891231 11.054417
v -2.255236 -0.969827 10.364513
v -2.763735 -0.879946 11.002493
v -3.956378 -0.815243 10.358917
v -3.953377 -0.800536 10.688253
v -4.071756 -0.796560 10.655676
v -4.080729 -0.795720 10.358843
v -3.951041 -0.785796 10.358803
v -3.952232 -0.773495 10.688150
v -4.070610 -0.769519 10.655567
v -4.075394 -0.766273 10.358725
v -3.239852 -0.863033 10.363905
v -3.601375 -0.824427 10.785666
v -3.743327 -0.819995 10.733768
v -3.090739 -0.887149 10.354235
v -3.600002 -0.797368 10.785286
v -3.084340 -0.857304 10.354294
v -3.233454 -0.833335 10.363966
v -3.741953 -0.792955 10.733391
v -1.519062 0.946826 11.345634
v -2.149458 0.910581 10.347015
v -1.705175 0.924153 11.294468
v -2.298570 0.878849 10.356913
v -2.143058 0.878645 10.347324
v -1.517261 0.916033 11.348328
v -1.703374 0.893776 11.297161
v -2.292172 0.847265 10.357218
v -1.561339 0.953307 11.346645
v -1.204354 1.073523 10.356131
v -1.703291 0.937652 11.294828
v -1.055241 1.106806 10.346230
v -1.048842 1.072328 10.346546
v -1.559965 0.922368 11.346497
v -1.197957 1.039540 10.356445
v -1.701917 0.907028 11.294682
v -1.011448 0.995508 10.310808
v -4.103700 0.563748 10.312542
v -4.103700 0.672426 10.312105
v -1.011448 1.124155 10.310291
v -1.011448 1.124687 10.442614
v -4.103700 0.672958 10.444427
v -4.103700 0.563906 10.351967
v -4.108065 0.644758 10.347960
v -1.011448 0.995667 10.350233
v -1.011448 1.088066 10.442760
v -4.103700 0.642123 10.444551
v -1.007083 1.091461 10.346167
v -0.943779 1.085342 11.448950
v -4.103699 0.673407 10.556458
v -4.103700 0.673919 10.683773
v -0.943779 1.087791 11.576258
v -0.943779 0.958326 11.576778
v -4.103700 0.565240 10.684210
v -4.103700 0.644426 10.650120
v -4.103699 0.641028 10.556587
v -0.943779 1.046779 11.449104
v -4.103700 0.565095 10.648088
v -0.943779 0.957665 11.540657
v -0.943779 1.052210 11.545010
v -2.595127 0.787540 11.004814
v -3.125276 0.758674 10.347626
v -2.735731 0.771796 11.001299
v -3.274388 0.733661 10.357494
v -3.118876 0.728661 10.347927
v -2.593325 0.759165 11.007500
v -2.733930 0.743673 11.003986
v -3.267990 0.703838 10.357794
v -2.623157 0.792602 11.047924
v -2.261634 0.867750 10.356956
v -2.765109 0.779792 10.996098
v -2.112521 0.899459 10.347061
v -2.106122 0.867577 10.347368
v -2.621784 0.764158 11.047771
v -2.255236 0.836223 10.357262
v -2.763735 0.751504 10.995943
v -4.080729 0.653313 10.353024
v -4.071756 0.656537 10.649841
v -3.956378 0.672837 10.352942
v -3.953377 0.660774 10.682386
v -3.951041 0.643390 10.353064
v -3.952232 0.633733 10.682499
v -4.070610 0.629496 10.649950
v -4.075394 0.623867 10.353142
v -3.239852 0.722383 10.357540
v -3.601375 0.687520 10.779594
v -3.090739 0.747546 10.347672
v -3.743327 0.681424 10.727739
v -3.600002 0.660319 10.779432
v -3.084340 0.717543 10.347971
v -3.233454 0.692523 10.357840
v -3.741953 0.654352 10.727579
v -2.458612 -0.957686 10.391466
v -1.076486 1.006630 10.360973
v -1.233067 0.996376 10.368345
v -2.621956 -0.948802 10.393456
v -2.460421 -0.958077 10.366465
v -1.078816 1.006432 10.338446
v -1.235397 0.996019 10.345823
v -2.623766 -0.949285 10.368458
v -2.426030 0.805955 10.358297
v -1.271209 -1.125155 10.365725
v -1.109995 -1.136306 10.364017
v -2.586955 0.796433 10.364840
v -2.429216 0.805682 10.337080
v -1.112018 -1.136392 10.342709
v -1.273233 -1.125329 10.344414
v -2.590137 0.796167 10.343624
v -3.920983 -0.765764 10.373180
v -2.588931 0.778185 10.365820
v -2.745197 0.769892 10.378157
v -4.083819 -0.765711 10.386221
v -2.591974 0.777859 10.343378
v -3.924473 -0.765863 10.348360
v -2.748241 0.769513 10.355715
v -4.087312 -0.765810 10.361399
v -3.911021 0.623086 10.357464
v -2.787179 -0.903912 10.370331
v -2.626223 -0.910987 10.379644
v -4.071639 0.623133 10.369322
v -3.914911 0.622971 10.328718
v -2.626784 -0.911756 10.350599
v -2.787740 -0.904501 10.341282
v -4.075528 0.623018 10.340576
v 4.429120 -0.765374 10.391863
v 4.307160 0.623235 10.386288
v 4.307160 -0.765377 10.391865
v 4.429120 0.623235 10.386288
v 4.307160 -0.765519 10.355740
v 4.307160 0.623092 10.350164
v 4.429119 0.623090 10.350164
v 4.429120 -0.765519 10.355740
v 4.429120 -0.764243 10.673603
v 4.307160 0.624366 10.668028
v 4.307160 -0.764246 10.673603
v 4.429120 0.624366 10.668028
v 4.307160 -0.764388 10.637480
v 4.307160 0.624223 10.631905
v 4.429119 0.624221 10.631905
v 4.429120 -0.764388 10.637478
v 1.367791 1.022558 11.535894
v 2.820522 -0.930642 11.131800
v 1.520225 1.013051 11.499395
v 2.977975 -0.921903 11.088245
v 1.363758 1.022229 11.513611
v 2.815300 -0.930740 11.107283
v 1.516193 1.012707 11.477110
v 2.972755 -0.922001 11.063730
v 1.553758 -1.131285 11.486687
v 2.785838 0.793860 11.122250
v 1.398428 -1.141758 11.529922
v 2.942213 0.784130 11.083742
v 2.782992 0.793587 11.100985
v 1.394441 -1.141712 11.508892
v 2.939364 0.783864 11.062481
v 1.549771 -1.131370 11.465656
v 2.944363 0.765768 11.084137
v 4.280429 -0.764434 10.704309
v 3.097880 0.757162 11.052494
v 4.440460 -0.764565 10.671509
v 2.941039 0.765508 11.061735
v 4.276873 -0.764534 10.679497
v 3.094556 0.756904 11.030092
v 4.436906 -0.764665 10.646696
v 3.130282 -0.876665 11.020041
v 4.268039 0.624429 10.691767
v 2.978272 -0.884033 11.073786
v 4.425611 0.624294 10.658449
v 4.265903 0.624343 10.670420
v 2.972854 -0.884116 11.053080
v 4.423473 0.624209 10.637102
v 3.124866 -0.876728 10.999329
v 1.872512 -1.067695 11.353722
v 2.502908 -1.043155 10.354858
v 2.058626 -1.045302 11.302376
v 2.652021 -1.012116 10.364504
v 1.870711 -1.037268 11.356169
v 2.496508 -1.011689 10.354914
v 2.056824 -1.015301 11.304827
v 2.645622 -0.980985 10.364559
v 1.914789 -1.073963 11.354786
v 1.557805 -1.204048 10.365274
v 2.056741 -1.058602 11.302843
v 1.408692 -1.237772 10.355642
v 1.913416 -1.043467 11.354389
v 1.402292 -1.203769 10.355684
v 2.055367 -1.028301 11.302452
v 1.551407 -1.170390 10.365318
v 1.364899 -1.128322 10.319334
v 4.457150 -0.706483 10.317640
v 4.457150 -0.815161 10.318077
v 1.364899 -1.255629 10.319845
v 1.364899 -1.253895 10.452164
v 4.457150 -0.814630 10.450399
v 4.461515 -0.787206 10.353710
v 4.457150 -0.706325 10.357065
v 1.364899 -1.127800 10.358759
v 4.457150 -0.783795 10.450275
v 1.364899 -1.217743 10.452019
v 1.360533 -1.222788 10.355457
v 1.297229 -1.206698 11.458153
v 4.457150 -0.814180 10.562429
v 4.457150 -0.813669 10.689745
v 1.297229 -1.208383 11.585478
v 1.297229 -1.080195 11.584963
v 4.457150 -0.704991 10.689308
v 4.457150 -0.784448 10.655855
v 4.457150 -0.781801 10.562300
v 1.297229 -1.168521 11.458000
v 1.297229 -1.079757 11.548836
v 4.457150 -0.705136 10.653187
v 1.297229 -1.173280 11.553944
v 3.627839 -0.874515 10.363951
v 3.089181 -0.899693 11.008011
v 3.478726 -0.898461 10.354279
v 2.948577 -0.914529 11.011648
v 2.946776 -0.886496 11.014107
v 3.472326 -0.868620 10.354340
v 3.087380 -0.871852 11.010471
v 3.621440 -0.844744 10.364012
v 2.976607 -0.919349 11.054798
v 2.615084 -1.001004 10.364460
v 3.118559 -0.907814 11.002872
v 2.465971 -1.032055 10.354816
v 2.975234 -0.891231 11.054417
v 2.459572 -1.000537 10.354870
v 3.117185 -0.879946 11.002493
v 2.608686 -0.969827 10.364513
v 4.306828 -0.800536 10.688253
v 4.309829 -0.815243 10.358917
v 4.425206 -0.796560 10.655676
v 4.434178 -0.795720 10.358843
v 4.305682 -0.773495 10.688150
v 4.304491 -0.785796 10.358803
v 4.424061 -0.769519 10.655567
v 4.428843 -0.766273 10.358725
v 3.954825 -0.824427 10.785666
v 3.593302 -0.863033 10.363905
v 4.096777 -0.819995 10.733768
v 3.444190 -0.887149 10.354235
v 3.953452 -0.797368 10.785286
v 3.437790 -0.857304 10.354294
v 4.095404 -0.792955 10.733391
v 3.586905 -0.833335 10.363966
v 2.058626 0.924153 11.294468
v 2.652021 0.878849 10.356913
v 2.502908 0.910581 10.347015
v 1.872512 0.946826 11.345634
v 2.496508 0.878645 10.347324
v 1.870711 0.916033 11.348328
v 2.056824 0.893776 11.297161
v 2.645622 0.847265 10.357218
v 1.914789 0.953307 11.346645
v 1.557805 1.073523 10.356131
v 1.408692 1.106806 10.346230
v 2.056741 0.937652 11.294828
v 1.402292 1.072328 10.346546
v 1.913416 0.922368 11.346497
v 1.551407 1.039540 10.356445
v 2.055367 0.907028 11.294682
v 1.364899 0.995508 10.310808
v 4.457150 0.672426 10.312105
v 4.457150 0.563748 10.312542
v 1.364899 1.124155 10.310291
v 1.364899 1.124687 10.442614
v 4.457150 0.672958 10.444427
v 4.461515 0.644758 10.347960
v 4.457150 0.563906 10.351967
v 1.364899 0.995667 10.350233
v 1.364899 1.088066 10.442760
v 4.457150 0.642123 10.444551
v 1.360533 1.091461 10.346167
v 1.297229 1.085342 11.448950
v 4.457150 0.673919 10.683773
v 4.457150 0.673407 10.556458
v 1.297229 1.087791 11.576258
v 1.297229 0.958326 11.576778
v 4.457150 0.565240 10.684210
v 4.457150 0.644426 10.650120
v 4.457150 0.641028 10.556587
v 1.297229 1.046779 11.449104
v 1.297229 0.957665 11.540657
v 4.457150 0.565095 10.648088
v 1.297229 1.052210 11.545010
v 3.478726 0.758674 10.347626
v 2.948577 0.787540 11.004814
v 3.089181 0.771796 11.001299
v 3.627839 0.733661 10.357494
v 3.472326 0.728661 10.347927
v 2.946776 0.759165 11.007500
v 3.087380 0.743673 11.003986
v 3.621440 0.703838 10.357794
v 2.976607 0.792602 11.047924
v 2.615084 0.867750 10.356956
v 2.465971 0.899459 10.347061
v 3.118559 0.779792 10.996098
v 2.459572 0.867577 10.347368
v 2.975234 0.764158 11.047771
v 2.608686 0.836223 10.357262
v 3.117185 0.751504 10.995943
v 4.309829 0.672837 10.352942
v 4.425206 0.656537 10.649841
v 4.434178 0.653313 10.353024
v 4.306828 0.660774 10.682386
v 4.304491 0.643390 10.353064
v 4.305682 0.633733 10.682499
v 4.424061 0.629496 10.649950
v 4.428843 0.623867 10.353142
v 3.954825 0.687520 10.779594
v 3.593302 0.722383 10.357540
v 3.444190 0.747546 10.347672
v 4.096777 0.681424 10.727739
v 3.953452 0.660319 10.779432
v 3.437790 0.717543 10.347971
v 3.586905 0.692523 10.357840
v 4.095404 0.654352 10.727579
v 1.429937 1.006630 10.360973
v 2.812062 -0.957686 10.391466
v 1.586518 0.996376 10.368345
v 2.975406 -0.948802 10.393456
v 2.813872 -0.958077 10.366465
v 1.432266 1.006432 10.338446
v 1.588847 0.996019 10.345823
v 2.977217 -0.949285 10.368458
v 1.624659 -1.125155 10.365725
v 2.779480 0.805955 10.358297
v 1.463445 -1.136306 10.364017
v 2.940405 0.796433 10.364840
v 2.782666 0.805682 10.337080
v 1.465469 -1.136392 10.342709
v 2.943588 0.796167 10.343624
v 1.626683 -1.125329 10.344414
v 2.942381 0.778185 10.365820
v 4.274433 -0.765764 10.373180
v 3.098648 0.769892 10.378157
v 4.437270 -0.765711 10.386221
v 2.945424 0.777859 10.343378
v 4.277924 -0.765863 10.348360
v 3.101691 0.769513 10.355715
v 4.440762 -0.765810 10.361399
v 3.140629 -0.903912 10.370331
v 4.264471 0.623086 10.357464
v 2.979673 -0.910987 10.379644
v 4.425090 0.623133 10.369322
v 4.268361 0.622971 10.328718
v 2.980234 -0.911756 10.350599
v 4.428979 0.623018 10.340576
v 3.141191 -0.904501 10.341282
v -1.287179 -1.553084 5.875766
v -1.124322 1.124528 8.118647
v -1.136445 1.243464 7.910473
v -1.300102 -1.450747 5.658924
v -1.255891 -1.551208 5.871793
v -1.096203 1.127466 8.115198
v -1.108327 1.246403 7.907026
v -1.268814 -1.448873 5.654949
v -1.265871 1.356037 5.901000
v -1.145844 -1.399245 7.873854
v -1.134222 -1.289578 8.087078
v -1.277286 1.245932 5.687988
v -1.237769 1.355410 5.896410
v -1.106081 -1.291587 8.083174
v -1.117704 -1.401254 7.869944
v -1.249184 1.245304 5.683396
v -1.126376 -1.402207 7.979984
v -1.013223 1.006218 9.824780
v -1.025347 1.125154 9.616608
v -1.139298 -1.299871 7.763144
v -1.095087 -1.400332 7.976011
v -0.985104 1.009156 9.821333
v -0.997228 1.128093 9.613161
v -1.108010 -1.297996 7.759171
v -1.116172 1.247515 7.963743
v -1.024609 -1.274101 9.579008
v -1.012986 -1.164434 9.792234
v -1.127587 1.137409 7.750731
v -1.088070 1.246887 7.959152
v -0.984845 -1.166443 9.788328
v -0.996468 -1.276110 9.575100
v -1.099485 1.136782 7.746141
v -1.013627 -1.271219 9.661873
v -0.932067 0.920446 11.591700
v -0.944191 1.039382 11.383526
v -1.026550 -1.168883 9.445030
v -0.980595 -1.269344 9.657900
v -0.902205 0.923384 11.588251
v -0.914329 1.042321 11.380079
v -0.993518 -1.167008 9.441055
v -1.003745 1.120847 9.749397
v -0.941709 -1.185199 11.345226
v -0.930086 -1.075532 11.558453
v -1.015160 1.010741 9.536383
v -0.975643 1.120219 9.744804
v -0.901946 -1.077541 11.554546
v -0.913569 -1.187208 11.341318
v -0.987058 1.010114 9.531792
v -0.905860 0.574053 11.909391
v -0.920756 1.054612 11.483759
v -0.932171 0.944506 11.270744
v -0.909841 0.221920 11.910807
v -1.456015 -1.733415 3.488074
v -1.268932 1.258444 6.027017
v -1.281056 1.377380 5.818845
v -1.468938 -1.631078 3.271233
v -1.424727 -1.731540 3.484102
v -1.240813 1.261382 6.023568
v -1.252938 1.380319 5.815397
v -1.437650 -1.629203 3.267260
v -1.438716 1.519908 3.529210
v -1.282658 -1.542467 5.783334
v -1.271035 -1.432800 5.996560
v -1.444982 1.409801 3.315985
v -1.410512 1.519282 3.525298
v -1.242895 -1.434808 5.992655
v -1.254518 -1.544476 5.779427
v -1.416778 1.409176 3.312073
v -1.649321 -1.953570 0.946736
v -1.430202 1.397306 3.639414
v -1.436468 1.516242 3.430984
v -1.662243 -1.851233 0.729896
v -1.618032 -1.951695 0.942763
v -1.401998 1.400248 3.636760
v -1.408264 1.519183 3.428329
v -1.630956 -1.849359 0.725922
v -1.667765 1.746926 0.955093
v -1.453264 -1.715531 3.397252
v -1.441641 -1.605863 3.610478
v -1.674030 1.636820 0.741868
v -1.631991 1.746301 0.951180
v -1.405931 -1.607873 3.606572
v -1.417554 -1.717540 3.393344
v -1.638257 1.636194 0.737955
v -1.937628 -2.221715 -1.971815
v -1.663734 1.605774 1.056083
v -1.670000 1.724710 0.847652
v -1.950551 -2.119379 -2.188656
v -1.906340 -2.219840 -1.975788
v -1.635529 1.608716 1.053427
v -1.641796 1.727651 0.844997
v -1.919263 -2.117504 -2.192629
v -2.187675 -2.519165 -5.447982
v -1.930161 1.836416 -1.843766
v -1.936426 1.976204 -2.038825
v -2.199298 -2.431459 -5.671143
v -2.159534 -2.517557 -5.452071
v -1.901956 1.839616 -1.846104
v -1.908222 1.979404 -2.041162
v -2.171157 -2.429852 -5.675232
v -1.915451 1.969372 -1.939003
v -1.664146 -1.981923 0.797046
v -1.652523 -1.872256 1.010273
v -1.921717 1.859265 -2.152228
v -1.887247 1.968747 -1.942915
v -1.624383 -1.874265 1.006367
v -1.636006 -1.983932 0.793139
v -1.893512 1.858640 -2.156141
v -2.207354 2.278481 -5.525633
v -1.954517 -2.235245 -2.095840
v -1.942895 -2.125577 -1.882613
v -2.213619 2.168375 -5.738858
v -2.179149 2.277857 -5.529545
v -1.914754 -2.127586 -1.886519
v -1.926377 -2.237254 -2.099747
v -2.185415 2.167751 -5.742770
v -2.229366 -2.434471 -5.437147
v -2.250224 2.165565 -5.695394
v -2.250224 -2.435433 -5.676921
v -2.229366 2.166528 -5.455619
v -2.178864 -2.434489 -5.441540
v -2.178864 2.166511 -5.460012
v -2.199723 -2.435452 -5.681314
v -2.199723 2.165549 -5.699787
v -2.354594 -1.238439 -7.540329
v -2.218194 -2.496245 -5.578397
v -2.342971 -1.036838 -7.410522
v -2.206571 -2.294645 -5.448590
v -2.178431 -2.298338 -5.450968
v -2.314831 -1.040532 -7.412901
v -2.190053 -2.499939 -5.580775
v -2.326454 -1.242133 -7.542707
v -2.200662 -0.009461 -5.599494
v -2.542822 -2.361098 -9.391198
v -2.179803 -0.209018 -5.466567
v -2.563681 -2.161541 -9.524125
v -2.459411 -2.357442 -9.393633
v -2.139307 -0.205362 -5.469002
v -2.160165 -0.005805 -5.601929
v -2.480269 -2.157885 -9.526561
v -2.453237 -2.804077 -8.322782
v -2.374665 -1.199803 -7.739990
v -2.464859 -2.696127 -8.536882
v -2.350549 -1.307759 -7.526937
v -2.425096 -2.802099 -8.326705
v -2.322686 -1.305788 -7.532501
v -2.346803 -1.197832 -7.745555
v -2.436719 -2.694149 -8.540805
v -2.552765 -2.958901 -9.329620
v -2.552765 -2.096929 -9.333081
v -2.573623 -2.959864 -9.569395
v -2.573623 -2.097892 -9.572856
v -2.446268 -2.958919 -9.334014
v -2.446268 -2.096947 -9.337475
v -2.467126 -2.959882 -9.573788
v -2.467126 -2.097909 -9.577249
v -2.542822 2.061410 -9.408954
v -2.290232 -0.269798 -5.598448
v -2.269374 -0.069180 -5.467128
v -2.563681 1.860792 -9.540275
v -2.460050 2.057734 -9.411360
v -2.186601 -0.072856 -5.469534
v -2.207460 -0.273474 -5.600854
v -2.480908 1.857116 -9.542681
v -2.366940 0.753097 -7.417709
v -2.206571 1.992094 -5.526966
v -2.218194 2.192646 -5.658387
v -2.378562 0.953649 -7.549130
v -2.178431 1.995769 -5.529374
v -2.338799 0.756771 -7.420117
v -2.190053 2.196321 -5.660795
v -2.350422 0.957324 -7.551538
v -2.453237 2.518523 -8.346993
v -2.395595 0.913406 -7.749819
v -2.383972 1.023073 -7.536592
v -2.464859 2.408855 -8.560221
v -2.425096 2.516514 -8.350901
v -2.355832 1.021064 -7.540499
v -2.367455 0.911397 -7.753726
v -2.436719 2.406846 -8.564127
v -2.556357 1.797733 -9.344448
v -2.577215 2.647217 -9.591907
v -2.577215 1.796754 -9.588492
v -2.556357 2.648197 -9.347863
v -2.446270 1.797716 -9.348842
v -2.446270 2.648179 -9.352256
v -2.467129 1.796736 -9.592886
v -2.467129 2.647199 -9.596300
v 1.506126 1.124528 8.118647
v 1.668984 -1.553084 5.875766
v 1.518250 1.243464 7.910473
v 1.681906 -1.450747 5.658924
v 1.478007 1.127466 8.115198
v 1.637695 -1.551208 5.871793
v 1.490132 1.246403 7.907026
v 1.650619 -1.448873 5.654949
v 1.647676 1.356037 5.901000
v 1.527649 -1.399245 7.873854
v 1.659091 1.245932 5.687988
v 1.516026 -1.289578 8.087078
v 1.619574 1.355410 5.896410
v 1.487886 -1.291587 8.083174
v 1.630989 1.245304 5.683396
v 1.499509 -1.401254 7.869944
v 1.395028 1.006218 9.824780
v 1.508180 -1.402207 7.979984
v 1.407151 1.125154 9.616608
v 1.521103 -1.299871 7.763144
v 1.366909 1.009156 9.821333
v 1.476892 -1.400332 7.976011
v 1.379033 1.128093 9.613161
v 1.489815 -1.297996 7.759171
v 1.497977 1.247515 7.963743
v 1.406413 -1.274101 9.579008
v 1.509392 1.137409 7.750731
v 1.394791 -1.164434 9.792234
v 1.469875 1.246887 7.959152
v 1.366650 -1.166443 9.788328
v 1.481290 1.136782 7.746141
v 1.378273 -1.276110 9.575100
v 1.313872 0.920446 11.591700
v 1.395432 -1.271219 9.661873
v 1.325995 1.039382 11.383526
v 1.408354 -1.168883 9.445030
v 1.284009 0.923384 11.588251
v 1.362400 -1.269344 9.657900
v 1.296133 1.042321 11.380079
v 1.375323 -1.167008 9.441055
v 1.385549 1.120847 9.749397
v 1.323514 -1.185199 11.345226
v 1.396964 1.010741 9.536383
v 1.311891 -1.075532 11.558453
v 1.357448 1.120219 9.744804
v 1.283750 -1.077541 11.554546
v 1.368863 1.010114 9.531792
v 1.295373 -1.187208 11.341318
v 1.302561 1.054612 11.483759
v 1.291645 0.221920 11.910807
v 1.313976 0.944506 11.270744
v 1.287664 0.574053 11.909391
v 1.285874 0.943878 11.266153
v 1.263378 0.215865 11.910830
v 1.274459 1.053984 11.479166
v 1.259397 0.568069 11.909416
v 1.650737 1.258444 6.027017
v 1.837820 -1.733415 3.488074
v 1.662861 1.377380 5.818845
v 1.850742 -1.631078 3.271233
v 1.622618 1.261382 6.023568
v 1.806531 -1.731540 3.484102
v 1.634742 1.380319 5.815397
v 1.819454 -1.629203 3.267260
v 1.820521 1.519908 3.529210
v 1.664463 -1.542467 5.783334
v 1.826787 1.409801 3.315985
v 1.652840 -1.432800 5.996560
v 1.792317 1.519282 3.525298
v 1.624699 -1.434808 5.992655
v 1.798582 1.409176 3.312073
v 1.636322 -1.544476 5.779427
v 1.812007 1.397306 3.639414
v 2.031126 -1.953570 0.946736
v 1.818272 1.516242 3.430984
v 2.044048 -1.851233 0.729896
v 1.783802 1.400248 3.636760
v 1.999837 -1.951695 0.942763
v 1.790068 1.519183 3.428329
v 2.012760 -1.849359 0.725922
v 2.049569 1.746926 0.955093
v 1.835068 -1.715531 3.397252
v 2.055835 1.636820 0.741868
v 1.823446 -1.605863 3.610478
v 2.013796 1.746301 0.951180
v 1.787736 -1.607873 3.606572
v 2.020061 1.636194 0.737955
v 1.799359 -1.717540 3.393344
v 2.045538 1.605774 1.056083
v 2.319433 -2.221715 -1.971815
v 2.051804 1.724710 0.847652
v 2.332355 -2.119379 -2.188656
v 2.017334 1.608716 1.053427
v 2.288145 -2.219840 -1.975788
v 2.023600 1.727651 0.844997
v 2.301068 -2.117504 -2.192629
v 2.311965 1.836416 -1.843766
v 2.581102 -2.335010 -5.687078
v 2.318231 1.976204 -2.038825
v 2.569480 -2.519829 -5.534321
v 2.283761 1.839616 -1.846104
v 2.541339 -2.516443 -5.537120
v 2.552962 -2.331624 -5.689878
v 2.290027 1.979404 -2.041162
v 2.297256 1.969372 -1.939003
v 2.045950 -1.981923 0.797046
v 2.303521 1.859265 -2.152228
v 2.034328 -1.872256 1.010273
v 2.269051 1.968747 -1.942915
v 2.006187 -1.874265 1.006367
v 2.275317 1.858640 -2.156141
v 2.017810 -1.983932 0.793139
v 2.588564 2.280879 -5.511665
v 2.336322 -2.235245 -2.095840
v 2.594829 2.170774 -5.724890
v 2.324699 -2.125577 -1.882613
v 2.560359 2.280255 -5.515577
v 2.296559 -2.127586 -1.886519
v 2.566625 2.170147 -5.728802
v 2.308182 -2.237254 -2.099747
v 2.632029 -2.435433 -5.676921
v 2.632029 2.165565 -5.695394
v 2.611170 -2.434471 -5.437147
v 2.611170 2.166528 -5.455619
v 2.560669 -2.434489 -5.441540
v 2.560669 2.166511 -5.460012
v 2.581527 -2.435452 -5.681314
v 2.581527 2.165549 -5.699787
v 2.599998 -2.496245 -5.578397
v 2.700236 -1.036838 -7.410522
v 2.588376 -2.294645 -5.448590
v 2.711859 -1.238439 -7.540329
v 2.560235 -2.298338 -5.450968
v 2.673528 -1.040532 -7.412901
v 2.571858 -2.499939 -5.580775
v 2.683718 -1.242133 -7.542707
v 2.920526 -2.361098 -9.391198
v 2.578365 -0.009461 -5.599494
v 2.557506 -0.209018 -5.466567
v 2.941384 -2.161541 -9.524125
v 2.839588 -2.357442 -9.393633
v 2.476569 -0.205362 -5.469002
v 2.497427 -0.005805 -5.601929
v 2.860446 -2.157885 -9.526561
v 2.731930 -1.199803 -7.739990
v 2.835041 -2.799159 -8.320302
v 2.846664 -2.691207 -8.534403
v 2.707813 -1.307759 -7.526937
v 2.806901 -2.797181 -8.324225
v 2.679950 -1.305788 -7.532501
v 2.704067 -1.197832 -7.745555
v 2.818523 -2.689229 -8.538325
v 2.924627 -2.096911 -9.328424
v 2.924627 -2.949569 -9.325001
v 2.945485 -2.950550 -9.569432
v 2.945485 -2.097892 -9.572856
v 2.800943 -2.096928 -9.332817
v 2.800943 -2.949586 -9.329393
v 2.821802 -2.097909 -9.577249
v 2.821802 -2.950568 -9.573826
v 2.897160 2.061410 -9.408954
v 2.644571 -0.269798 -5.598448
v 2.918019 1.860792 -9.540275
v 2.623712 -0.069180 -5.467128
v 2.833565 2.057734 -9.411360
v 2.572109 -0.072856 -5.469534
v 2.854423 1.857116 -9.542681
v 2.592968 -0.273474 -5.600854
v 2.588376 1.992094 -5.526966
v 2.748744 0.753097 -7.417709
v 2.599998 2.192646 -5.658387
v 2.760367 0.953649 -7.549130
v 2.560235 1.995769 -5.529374
v 2.720604 0.756771 -7.420117
v 2.571858 2.196321 -5.660795
v 2.732227 0.957324 -7.551538
v 2.835041 2.508528 -8.341853
v 2.760367 0.913406 -7.749819
v 2.846664 2.398861 -8.555080
v 2.748744 1.023073 -7.536592
v 2.806901 2.506518 -8.345760
v 2.720604 1.021064 -7.540499
v 2.818523 2.396851 -8.558987
v 2.743224 0.911397 -7.753726
v 2.945485 1.796754 -9.588492
v 2.945485 2.650424 -9.591920
v 2.924627 1.797716 -9.348718
v 2.924627 2.651387 -9.352145
v 2.806893 1.797699 -9.353111
v 2.806893 2.651370 -9.356539
v 2.827751 1.796736 -9.592886
v 2.827751 2.650407 -9.596313
v 1.641287 -1.635596 5.876097
v -1.147070 -1.476648 7.921394
v 1.538080 -1.649387 5.659721
v -1.027298 -1.463690 8.129038
v 1.639395 -1.604323 5.872005
v -1.030251 -1.435586 8.125490
v -1.150022 -1.448544 7.917847
v 1.536189 -1.618114 5.655629
v -1.267711 -1.614138 5.912925
v 1.495471 -1.486236 7.874203
v 1.386661 -1.473756 8.087818
v -1.158461 -1.626410 5.699520
v -1.267101 -1.586056 5.908219
v 1.388654 -1.445631 8.083792
v 1.497465 -1.458112 7.870173
v -1.157852 -1.598328 5.694813
v 1.498860 -1.466342 7.980242
v -1.021910 -1.358702 9.626579
v 1.395653 -1.480133 7.763866
v -0.902139 -1.345745 9.834223
v 1.496968 -1.435070 7.976151
v -0.905091 -1.317640 9.830675
v -1.024863 -1.330598 9.623032
v 1.393762 -1.448861 7.759775
v -1.150907 -1.456160 7.974600
v 1.377174 -1.358154 9.579346
v 1.268364 -1.345673 9.792961
v -1.041657 -1.468433 7.761194
v -1.150297 -1.428077 7.969891
v 1.270358 -1.317549 9.788935
v 1.379168 -1.330029 9.575317
v -1.041047 -1.440350 7.756487
v 1.374626 -1.346840 9.662176
v -0.929045 -1.270454 11.392801
v 1.271419 -1.360631 9.445801
v -0.809274 -1.257497 11.600443
v 1.372734 -1.313824 9.658077
v -0.812226 -1.227648 11.596888
v -0.931997 -1.240606 11.389246
v 1.269528 -1.327616 9.441700
v -1.017070 -1.336567 9.759264
v 1.295364 -1.268162 11.345558
v 1.186554 -1.255682 11.559175
v -0.907821 -1.348839 9.545856
v -1.016461 -1.308484 9.754557
v 1.188548 -1.227557 11.555149
v 1.297358 -1.240038 11.341530
v -0.907211 -1.320756 9.541151
v -0.461609 -1.230020 11.916636
v -0.943872 -1.246617 11.492998
v -0.834623 -1.258889 11.279591
v -0.109473 -1.234001 11.916651
v 1.812029 -1.814019 3.488398
v -1.289383 -1.629654 5.830917
v 1.708822 -1.827811 3.272022
v -1.169612 -1.616696 6.038560
v 1.810138 -1.782747 3.484307
v -1.172564 -1.588592 6.035010
v -1.292335 -1.601549 5.827370
v 1.706932 -1.796539 3.267932
v -1.441102 -1.796503 3.542525
v 1.630298 -1.631445 5.783691
v 1.521487 -1.618965 5.997308
v -1.331853 -1.803627 3.328886
v -1.440493 -1.768315 3.538497
v 1.523481 -1.590840 5.993281
v 1.632291 -1.603320 5.779663
v -1.331243 -1.775438 3.324859
v 2.021979 -2.017530 0.946994
v -1.437831 -1.794649 3.444277
v 1.918773 -2.031322 0.730618
v -1.318059 -1.787549 3.652201
v 2.020088 -1.986258 0.942903
v -1.321012 -1.759355 3.649445
v -1.440783 -1.766456 3.441522
v 1.916882 -2.000050 0.726526
v -1.678454 -2.035881 0.970281
v 1.793780 -1.811632 3.397637
v 1.684970 -1.799152 3.611254
v -1.569204 -2.043004 0.756642
v -1.677844 -2.000123 0.966223
v 1.686963 -1.763458 3.607197
v 1.795774 -1.775939 3.393579
v -1.568595 -2.007247 0.752584
v 2.278404 -2.317557 -1.971430
v -1.656669 -2.038548 0.862761
v 2.175198 -2.331349 -2.187804
v -1.536898 -2.031447 1.070685
v 2.276513 -2.286285 -1.975521
v -1.539850 -2.003253 1.067929
v -1.659621 -2.010354 0.860005
v 2.173307 -2.300077 -2.191895
v 2.376781 -2.594143 -5.686038
v -1.779180 -2.309510 -1.827120
v -1.919750 -2.316557 -2.021589
v 2.562212 -2.581910 -5.534072
v 2.558814 -2.553782 -5.536970
v -1.782389 -2.281316 -1.829557
v 2.373383 -2.566015 -5.688936
v -1.922959 -2.288362 -2.024026
v -1.912517 -2.295181 -1.921881
v 2.049731 -2.032957 0.797251
v 1.940920 -2.020476 1.010868
v -1.803268 -2.302305 -2.135520
v -1.911908 -2.266993 -1.925909
v 1.942914 -1.992352 1.006841
v 2.051724 -2.004833 0.793223
v -1.802658 -2.274116 -2.139548
v -2.186500 -2.601606 -5.538409
v 2.291435 -2.334945 -2.095439
v 2.182625 -2.322464 -1.881822
v -2.077250 -2.608731 -5.752048
v -2.185890 -2.573418 -5.542438
v 2.184619 -2.294340 -1.885849
v 2.293429 -2.306820 -2.099466
v -2.076641 -2.580543 -5.756076
v 2.477245 -2.623209 -5.436389
v -2.123792 -2.623209 -5.436389
v -2.123792 -2.645030 -5.676079
v 2.477245 -2.645030 -5.676079
v 2.477245 -2.572726 -5.440985
v -2.123792 -2.572726 -5.440985
v 2.477245 -2.594547 -5.680676
v -2.123792 -2.594547 -5.680676
v 2.337374 -2.600458 -5.447362
v 1.071700 -2.720175 -7.403764
v 2.538452 -2.612606 -5.577929
v 1.272778 -2.732322 -7.534331
v 2.341058 -2.572327 -5.449868
v 1.075384 -2.700371 -7.406237
v 2.542136 -2.584476 -5.580435
v 1.276462 -2.712517 -7.536804
v 2.387997 -2.952538 -9.388824
v 0.051603 -2.595119 -5.589112
v 2.187907 -2.973926 -9.520864
v 0.251692 -2.573730 -5.457072
v 2.384331 -2.881932 -9.391527
v 0.248026 -2.503124 -5.459777
v 2.184242 -2.903321 -9.523567
v 0.047937 -2.524513 -5.591816
v 2.775406 -2.858548 -8.292081
v 1.233341 -2.753193 -7.733754
v 2.666596 -2.871028 -8.505698
v 1.342151 -2.728224 -7.521234
v 2.773412 -2.830423 -8.296109
v 1.340157 -2.708709 -7.526869
v 1.231347 -2.733680 -7.739388
v 2.664603 -2.842904 -8.509726
v 2.124063 -2.963857 -9.329600
v 2.895313 -2.985678 -9.569291
v 2.895313 -2.963857 -9.329600
v 2.124063 -2.985678 -9.569291
v 2.895313 -2.848957 -9.334455
v 2.124063 -2.848957 -9.334455
v 2.124063 -2.870778 -9.574145
v 2.895313 -2.870778 -9.574145
v 0.311943 -2.684689 -5.588753
v -2.034546 -2.952538 -9.388824
v -1.834457 -2.973926 -9.520864
v 0.111854 -2.663300 -5.456713
v -2.030880 -2.863805 -9.391601
v 0.115520 -2.586576 -5.459442
v 0.315609 -2.607965 -5.591481
v -1.830791 -2.885193 -9.523641
v -0.718249 -2.793287 -7.403471
v -2.150723 -2.612851 -5.639093
v -0.919327 -2.805434 -7.534038
v -1.949644 -2.600703 -5.508526
v -0.721934 -2.765156 -7.405977
v -1.953329 -2.572573 -5.511032
v -2.154407 -2.584720 -5.641600
v -0.923012 -2.777303 -7.536544
v -2.421956 -2.858548 -8.292081
v -0.879890 -2.806239 -7.734885
v -0.988701 -2.793760 -7.521268
v -2.313146 -2.871028 -8.505698
v -2.419962 -2.830423 -8.296109
v -0.986707 -2.765635 -7.525295
v -0.877897 -2.778116 -7.738913
v -2.311152 -2.842904 -8.509726
v -1.770613 -2.962070 -9.324275
v -2.542456 -2.962070 -9.324275
v -2.542456 -2.983913 -9.569299
v -1.770613 -2.983913 -9.569299
v -1.770613 -2.836942 -9.329171
v -2.542456 -2.836942 -9.329171
v -1.770613 -2.858784 -9.574194
v -2.542456 -2.858784 -9.574194
v -1.027298 1.304719 8.117922
v 1.641287 1.458526 5.863674
v -1.147070 1.316008 7.910183
v 1.538080 1.470580 5.647196
v 1.639395 1.427222 5.859835
v -1.030251 1.276586 8.114599
v -1.150022 1.287876 7.906860
v 1.536189 1.439276 5.643353
v 1.495471 1.325218 7.862915
v -1.267711 1.437366 5.900674
v 1.386661 1.314453 8.076622
v -1.158461 1.447924 5.687178
v -1.267101 1.409246 5.896194
v 1.388654 1.286297 8.072824
v -1.157852 1.419804 5.682695
v 1.497465 1.297062 7.859110
v -0.902139 1.200469 9.823999
v 1.498860 1.306175 7.969110
v -1.021910 1.211759 9.616261
v 1.395653 1.318229 7.752632
v 1.496968 1.274871 7.965271
v -0.905091 1.172337 9.820677
v -1.024863 1.183627 9.612938
v 1.393762 1.286925 7.748793
v 1.377174 1.210831 9.569031
v -1.150907 1.295949 7.963549
v 1.268364 1.200066 9.782742
v -1.041657 1.306507 7.750051
v -1.150297 1.267829 7.959068
v 1.270358 1.171910 9.778940
v -1.041047 1.278387 7.745573
v 1.379168 1.182675 9.565228
v -0.809274 1.126406 11.590872
v 1.374626 1.200182 9.651949
v -0.929045 1.137696 11.383131
v 1.271419 1.212236 9.435471
v 1.372734 1.167135 9.648117
v -0.812226 1.096530 11.587557
v -0.931997 1.107820 11.379816
v 1.269528 1.179189 9.431637
v 1.295364 1.135024 11.335911
v -1.017070 1.190690 9.749117
v 1.186554 1.124260 11.549620
v -0.907821 1.201248 9.535618
v -1.016461 1.162570 9.744635
v 1.188548 1.096104 11.545818
v -0.907211 1.173128 9.531137
v 1.297358 1.106869 11.332108
v -0.834013 1.097102 11.265539
v -0.103418 1.077182 11.907372
v -0.943263 1.086544 11.479036
v -0.455625 1.073202 11.907389
v -1.169612 1.440933 6.026284
v 1.812029 1.617771 3.474619
v -1.289383 1.452222 5.818544
v 1.708822 1.629825 3.258141
v 1.810138 1.586467 3.470780
v -1.172564 1.412799 6.022960
v -1.292335 1.424089 5.815222
v 1.706932 1.598521 3.254300
v 1.630298 1.453635 5.771305
v -1.441102 1.600690 3.528886
v 1.521487 1.442869 5.985015
v -1.331853 1.606098 3.315197
v -1.440493 1.572470 3.525084
v 1.523481 1.414714 5.981214
v -1.331243 1.577878 3.311395
v 1.632291 1.425478 5.767502
v -1.318059 1.592617 3.638630
v 2.021979 1.817410 0.931597
v -1.437831 1.598047 3.430655
v 1.918773 1.829464 0.715117
v 2.020088 1.782433 0.927772
v -1.321012 1.560729 3.636115
v -1.440783 1.566159 3.428142
v 1.916882 1.794487 0.711291
v 1.793780 1.614655 3.383882
v -1.678454 1.819405 0.954803
v 1.684970 1.603891 3.597591
v -1.569204 1.824813 0.741113
v -1.677844 1.783616 0.951031
v 1.686963 1.568166 3.593821
v -1.568595 1.800335 0.737296
v 1.795774 1.590241 3.380063
v -1.536898 1.815778 1.055240
v 2.278404 2.077452 -1.989076
v -1.656669 1.821209 0.847264
v 2.175198 2.089505 -2.205554
v 2.276513 2.046148 -1.992915
v -1.539850 1.787563 1.052709
v -1.659621 1.792994 0.844735
v 2.173307 2.058202 -2.209394
v -1.779180 2.070564 -1.844706
v 2.394099 2.344274 -5.726991
v -1.919750 2.076048 -2.039226
v 2.579530 2.333261 -5.574932
v 2.576132 2.305110 -5.577604
v -1.782389 2.042350 -1.846917
v 2.390702 2.316123 -5.729663
v -1.922959 2.047835 -2.041435
v 2.049731 1.815092 0.781801
v -1.912517 2.055474 -1.939348
v 1.940920 1.804327 0.995512
v -1.803268 2.060881 -2.153038
v -1.911908 2.027254 -1.943150
v 1.942914 1.776171 0.991710
v -1.802658 2.032662 -2.156839
v 2.051724 1.786936 0.777999
v 2.291435 2.093843 -2.113220
v -2.186500 2.332850 -5.558221
v 2.182625 2.083078 -1.899509
v -2.077250 2.338257 -5.771910
v -2.185890 2.304630 -5.562022
v 2.184619 2.054922 -1.903311
v -2.076641 2.310038 -5.775711
v 2.293429 2.065687 -2.117022
v -2.123792 2.355269 -5.456377
v 2.477245 2.355269 -5.456377
v -2.123792 2.375165 -5.696235
v 2.477245 2.375165 -5.696235
v 2.477245 2.309150 -5.461432
v -2.123792 2.309150 -5.461432
v -2.123792 2.314914 -5.701233
v 2.477245 2.314914 -5.701233
v 1.071700 2.436435 -7.424468
v 2.337374 2.332432 -5.467167
v 2.538452 2.343530 -5.597828
v 1.272778 2.447532 -7.555128
v 2.341058 2.304281 -5.469447
v 1.075384 2.408284 -7.426748
v 2.542136 2.315381 -5.600108
v 1.276462 2.419383 -7.557408
v 2.387997 2.652849 -9.411328
v 0.051603 2.325953 -5.608870
v 0.251692 2.305625 -5.476663
v 2.187907 2.673177 -9.543536
v 0.246276 2.232830 -5.484812
v 2.382580 2.547387 -9.419347
v 0.046187 2.253158 -5.617020
v 2.182491 2.567715 -9.551554
v 1.233341 2.466803 -7.754712
v 2.775406 2.567670 -8.313867
v 2.666596 2.578434 -8.527577
v 1.342151 2.443541 -7.541998
v 2.773412 2.539514 -8.317669
v 1.340157 2.415656 -7.547442
v 1.231347 2.438919 -7.760156
v 2.664603 2.550278 -8.531379
v 2.895147 2.681937 -9.592047
v 2.124063 2.681937 -9.592047
v 2.124063 2.662054 -9.349098
v 2.895147 2.662054 -9.349098
v 2.124063 2.534955 -9.356773
v 2.895147 2.534955 -9.356773
v 2.124063 2.554838 -9.599721
v 2.895147 2.554838 -9.599721
v -2.034546 2.652849 -9.411328
v 0.311943 2.415524 -5.609230
v -1.834457 2.673177 -9.543536
v 0.111854 2.395195 -5.477022
v -2.029456 2.569103 -9.416500
v 0.116944 2.311449 -5.482194
v 0.317034 2.331777 -5.614402
v -1.829367 2.589431 -9.548708
v -0.718249 2.484942 -7.424663
v -2.150723 2.343285 -5.658992
v -1.949644 2.332186 -5.528331
v -0.919327 2.496041 -7.555323
v -1.953329 2.304037 -5.530611
v -0.721934 2.456793 -7.426943
v -2.154407 2.315135 -5.661272
v -0.923012 2.467891 -7.557603
v -0.879890 2.495234 -7.756170
v -2.421956 2.567670 -8.313867
v -0.988701 2.484469 -7.542459
v -2.313146 2.578434 -8.527577
v -2.419962 2.539514 -8.317669
v -0.986707 2.456314 -7.546261
v -2.311152 2.550278 -8.531379
v -0.867761 2.482620 -7.761262
v -2.548240 2.669461 -9.352218
v -1.770613 2.669461 -9.352218
v -2.548240 2.689357 -9.592076
v -1.770613 2.689357 -9.592076
v -1.770613 2.556462 -9.356157
v -2.548240 2.556462 -9.356157
v -2.548240 2.576358 -9.596016
v -1.770613 2.576358 -9.596016
v -1.943850 -2.332367 -1.559800
v -2.347233 -3.014757 -9.576372
v -1.688620 -2.332367 -1.559800
v -2.602463 -3.014757 -9.576372
v -2.602463 -2.759531 -9.577396
v -1.943850 -2.077138 -1.560825
v -2.347233 -2.895566 -9.576851
v -1.688620 -2.213176 -1.560279
v -1.826993 -2.077138 -1.560825
v -2.485606 -2.759531 -9.577396
v -1.826993 -2.213176 -1.560279
v -2.485606 -2.895566 -9.576851
v -1.259417 -1.867418 3.260289
v -0.823292 -1.400402 9.663172
v -1.078529 -1.400414 9.662996
v -1.514630 -1.867401 3.260466
v -1.514645 -1.612184 3.259264
v -1.078520 -1.145176 9.662148
v -1.397772 -1.612168 3.259440
v -0.961671 -1.145182 9.661970
v -0.961663 -1.281213 9.662695
v -1.397788 -1.748229 3.259810
v -1.259401 -1.748212 3.259987
v -0.823300 -1.281225 9.662518
v 2.297300 -2.332367 -1.559800
v 2.700684 -3.014757 -9.576372
v 2.955914 -3.014757 -9.576372
v 2.042070 -2.332367 -1.559800
v 2.955914 -2.759531 -9.577396
v 2.297300 -2.077138 -1.560825
v 2.700684 -2.883691 -9.576899
v 2.042070 -2.201301 -1.560327
v 2.839052 -2.759531 -9.577396
v 2.180439 -2.077138 -1.560825
v 2.180439 -2.201301 -1.560327
v 2.839052 -2.883691 -9.576899
v 1.176742 -1.400402 9.663172
v 1.612867 -1.867418 3.260289
v 1.431979 -1.400414 9.662996
v 1.868080 -1.867401 3.260466
v 1.868096 -1.612184 3.259264
v 1.431971 -1.145176 9.662148
v 1.751218 -1.612168 3.259440
v 1.315117 -1.145182 9.661970
v 1.315109 -1.269337 9.662647
v 1.751234 -1.736354 3.259763
v 1.612852 -1.736336 3.259939
v 1.176750 -1.269350 9.662470
v -1.943850 2.095565 -1.577579
v -2.347233 2.713561 -9.599371
v -2.602463 2.713561 -9.599371
v -1.688620 2.095565 -1.577579
v -2.602463 2.458333 -9.598347
v -1.943850 1.840336 -1.576553
v -2.347233 2.589902 -9.598874
v -1.688620 1.971907 -1.577082
v -2.482730 2.458333 -9.598347
v -1.824116 1.840336 -1.576553
v -1.824116 1.971907 -1.577082
v -2.482730 2.589902 -9.598874
v -0.823292 1.253751 9.652517
v -1.259417 1.669333 3.246089
v -1.078529 1.253760 9.652338
v -1.514630 1.669320 3.246265
v -1.514645 1.414101 3.247114
v -1.078520 0.998524 9.653542
v -1.394896 1.414086 3.247291
v -0.958795 0.998528 9.653364
v -1.394912 1.545678 3.246586
v -0.958787 1.130094 9.653013
v -1.259401 1.545663 3.246762
v -0.823300 1.130103 9.652836
v 2.700684 2.713561 -9.599371
v 2.297300 2.095565 -1.577579
v 2.955914 2.713561 -9.599371
v 2.042070 2.095565 -1.577579
v 2.955914 2.458333 -9.598347
v 2.297300 1.840336 -1.576553
v 2.700684 2.610785 -9.598958
v 2.042070 1.992790 -1.577166
v 2.204692 1.840336 -1.576553
v 2.863305 2.458333 -9.598347
v 2.204692 1.992790 -1.577166
v 2.863305 2.610785 -9.598958
v 1.612867 1.669333 3.246089
v 1.431979 1.253760 9.652338
v 1.868080 1.669320 3.246265
v 1.176742 1.253751 9.652517
v 1.868096 1.414101 3.247114
v 1.431971 0.998524 9.653542
v 1.775471 1.414086 3.247291
v 1.339371 0.998528 9.653364
v 1.339363 1.150977 9.652929
v 1.775487 1.566561 3.246502
v 1.612852 1.566545 3.246678
v 1.176750 1.150986 9.652752
v -0.877593 0.568069 11.909416
v -0.881573 0.215865 11.910830
v -0.892655 1.053984 11.479166
v -0.904070 0.943878 11.266153
v -0.455625 -1.201753 11.916521
v -0.834013 -1.230806 11.274885
v -0.943263 -1.218534 11.488291
v -0.103418 -1.205733 11.916538
v -0.461609 1.101469 11.907274
v -0.834623 1.125222 11.270020
v -0.943872 1.114664 11.483519
v -0.109473 1.105450 11.907259
v -3.469302 -0.012144 9.356123
v -3.469302 -0.011601 9.491278
v -3.406910 0.013696 9.356018
v -3.406910 0.014238 9.491173
v -3.344518 -0.012144 9.356123
v -3.344518 -0.011601 9.491278
v -3.318676 -0.074537 9.356373
v -3.318676 -0.073994 9.491528
v -3.344518 -0.136927 9.356623
v -3.344518 -0.136385 9.491777
v -3.406910 -0.162769 9.356728
v -3.406910 -0.162226 9.491882
v -3.469302 -0.136927 9.356623
v -3.469302 -0.136385 9.491777
v -3.495146 -0.074537 9.356373
v -3.495146 -0.073994 9.491528
v -3.386971 -0.090481 10.351053
v -3.386971 -0.091648 10.060417
v -3.378712 -0.070543 10.350973
v -3.378712 -0.071710 10.060337
v -3.386971 -0.050603 10.350893
v -3.386971 -0.051770 10.060257
v -3.406910 -0.042346 10.350861
v -3.406910 -0.043513 10.060225
v -3.426848 -0.050603 10.350893
v -3.426848 -0.051770 10.060257
v -3.435107 -0.070543 10.350973
v -3.435107 -0.071710 10.060337
v -3.426848 -0.090481 10.351053
v -3.426848 -0.091648 10.060417
v -3.406910 -0.098739 10.351086
v -3.406910 -0.099906 10.060450
v 0.782700 -1.236815 11.916662
v 1.289438 -1.256980 11.443975
v 1.287547 -1.221306 11.439867
v 0.778104 -1.209991 11.916555
v 0.776434 -1.201776 11.916521
v -0.105712 -1.215789 11.916578
v -0.972028 -1.288865 11.916872
v -0.836362 -1.288864 11.916872
v -0.716799 -1.288864 11.916872
v -0.105712 1.087238 11.907331
v -0.457155 1.079913 11.907360
v 1.273433 0.218159 11.910820
v 1.266108 0.569600 11.909410
v -0.972028 0.905081 11.908064
v -0.908386 0.905080 11.908064
v -0.852294 0.905080 11.908064
v 1.325479 1.160312 11.907038
v 1.325479 1.024646 11.907583
v 1.325479 0.905081 11.908064
v -0.917048 -0.332448 11.913031
v -0.943845 -1.076541 11.226820
v -0.913807 -0.574058 11.914001
v -0.930923 -1.178878 11.443661
v -0.912656 -0.670245 11.914389
v -0.894258 -0.328534 11.913015
v -0.882368 -0.326113 11.913006
v -0.908155 -1.074666 11.222847
v 1.294460 -0.670245 11.914389
v 1.312727 -1.178878 11.443661
v 1.295612 -0.574058 11.914001
v 1.325649 -1.076541 11.226820
v 1.298853 -0.332448 11.913031
v 1.264172 -0.326113 11.913006
v 1.289959 -1.074666 11.222847
v 1.260680 -0.567002 11.913973
v 1.277036 -1.177002 11.439688
v 1.259420 -0.663980 11.914362
v 1.276063 -0.328534 11.913015
v 0.444899 -1.241208 11.916679
v 1.186232 -1.270772 11.227600
v 0.686512 -1.237967 11.916668
v 0.440986 -1.218418 11.916588
v 0.438564 -1.206528 11.916540
v 1.184341 -1.235098 11.223492
v 0.782700 1.108265 11.907248
v 1.289438 1.124633 11.434412
v 0.686512 1.109416 11.907242
v 1.186232 1.136687 11.217934
v 0.444899 1.112657 11.907230
v 0.438564 1.077977 11.907370
v 1.184341 1.100981 11.214111
v 0.679455 1.074485 11.907383
v 1.287547 1.088927 11.430590
v 0.776434 1.073225 11.907389
v -0.972028 -1.033633 11.915846
v -0.972028 -1.153199 11.916327
v -0.855171 -1.169674 11.916393
v -0.855171 -1.097365 11.916103
v -0.855171 -1.033632 11.915846
v -0.716799 -1.225513 11.916616
v -0.716799 -1.169676 11.916393
v 1.325479 -1.288865 11.916872
v 1.325479 -1.153199 11.916327
v 1.325479 -1.033633 11.915846
v -0.972028 1.160312 11.907038
v -0.972028 1.024646 11.907583
v -0.836362 1.160312 11.907038
v -0.716799 1.160312 11.907038
v 1.232870 1.057538 11.907452
v 1.232870 0.976503 11.907776
v 1.232870 0.905080 11.908064
v 1.070249 1.160312 11.907038
v 1.070249 1.105685 11.907257
v 1.070249 1.057539 11.907452
v 1.189812 1.160312 11.907038
v 3.760361 0.013696 9.356018
v 3.822752 -0.011601 9.491278
v 3.822752 -0.012144 9.356123
v 3.760361 0.014238 9.491173
v 3.697969 -0.012144 9.356123
v 3.697969 -0.011601 9.491278
v 3.672126 -0.074537 9.356373
v 3.672126 -0.073994 9.491528
v 3.697969 -0.136927 9.356623
v 3.697969 -0.136385 9.491777
v 3.760361 -0.162769 9.356728
v 3.760361 -0.162226 9.491882
v 3.822752 -0.136927 9.356623
v 3.822752 -0.136385 9.491777
v 3.848596 -0.074537 9.356373
v 3.848596 -0.073994 9.491528
v 3.760360 -0.099906 10.060450
v 3.740421 -0.090481 10.351053
v 3.740421 -0.091648 10.060417
v 3.760360 -0.098739 10.351086
v 3.780299 -0.091648 10.060417
v 3.780299 -0.090481 10.351053
v 3.788558 -0.070543 10.350973
v 3.788558 -0.071710 10.060337
v 3.780299 -0.050603 10.350893
v 3.780299 -0.051770 10.060257
v 3.760360 -0.043513 10.060225
v 3.760360 -0.042346 10.350861
v 3.740421 -0.051770 10.060257
v 3.740421 -0.050603 10.350893
v 3.732162 -0.071710 10.060337
v 3.732162 -0.070543 10.350973
v -0.895232 -1.177002 11.439688
v -0.885831 -0.665650 11.914370
v -0.877616 -0.663980 11.914362
v -0.878876 -0.567002 11.913973
v -0.891629 0.218159 11.910820
v 0.679455 -1.203036 11.916527
v 0.440986 1.089868 11.907322
v 1.263363 -1.033632 11.915846
v 1.208617 -1.033632 11.915846
v 1.208617 -1.157798 11.916346
v 1.208617 -1.091802 11.916080
v 1.135071 -1.157801 11.916346
v 1.070249 -1.157801 11.916346
v 1.070249 -1.288864 11.916872
v 1.070249 -1.219201 11.916592
v 1.189812 -1.288864 11.916872
v -0.884303 0.569600 11.909410
v -0.457155 -1.208463 11.916550
v -0.852294 0.966720 11.907816
v -0.852295 1.036655 11.907536
v -0.780275 1.036656 11.907536
v -0.716799 1.036656 11.907536
v -0.716799 1.094585 11.907303
v 1.267636 -0.665650 11.914370
v 0.778104 1.081440 11.907354
v -0.909915 -1.033632 11.915846
v -0.781622 -1.169676 11.916393
v 1.276255 0.905080 11.908064
v 1.146433 1.057539 11.907452
v -3.542293 -0.073921 9.509510
v -3.443995 -0.037010 9.465889
v -3.459356 -0.074096 9.466038
v -3.502640 0.021809 9.509125
v -3.574804 -0.073785 9.543404
v -3.406910 0.061460 9.508966
v -3.406910 -0.021651 9.465828
v -3.369825 -0.037010 9.465889
v -3.525629 0.044934 9.542927
v -3.406910 0.094108 9.542730
v -3.508964 0.028425 9.582039
v -3.551236 -0.073628 9.582449
v -3.311179 0.021809 9.509125
v -3.443995 -0.036413 9.614464
v -3.459356 -0.073499 9.614613
v -3.542293 -0.073325 9.658083
v -3.406910 0.070697 9.581869
v -3.288190 0.044934 9.542927
v -3.502640 0.022406 9.657698
v -3.574804 -0.073188 9.691978
v -3.304856 0.028425 9.582039
v -3.239015 -0.073785 9.543404
v -3.271526 -0.073921 9.509510
v -3.354464 -0.074096 9.466038
v -3.311179 -0.169650 9.509895
v -3.369825 -0.111180 9.466187
v -3.262583 -0.073628 9.582449
v -3.406910 -0.209302 9.510054
v -3.406910 -0.126540 9.466248
v -3.443995 -0.111180 9.466187
v -3.288191 -0.192504 9.543880
v -3.502640 -0.169650 9.509895
v -3.406910 -0.241678 9.544077
v -3.525629 -0.192504 9.543880
v -3.508964 -0.175681 9.582859
v -3.304856 -0.175681 9.582859
v -3.406910 -0.217951 9.583029
v -3.443995 -0.110584 9.614761
v -3.502640 -0.169054 9.658468
v -3.406910 -0.125944 9.614822
v -3.525629 -0.191907 9.692455
v -3.406910 -0.208706 9.658627
v -3.369825 -0.110584 9.614761
v -3.406910 -0.241081 9.692652
v -3.354464 -0.073499 9.614613
v -3.311179 -0.169054 9.658468
v -3.369825 -0.036413 9.614464
v -3.271526 -0.073325 9.658083
v -3.406910 -0.021054 9.614403
v -3.406910 0.062056 9.657539
v -3.311179 0.022406 9.657698
v -3.239015 -0.073188 9.691978
v -3.406910 0.094704 9.691305
v -3.525629 0.045530 9.691502
v -3.288190 0.045530 9.691502
v -3.508964 0.029022 9.730614
v -3.551236 -0.073032 9.731024
v -3.304856 0.029022 9.730614
v -3.406910 0.071293 9.730444
v -3.443995 -0.035817 9.763041
v -3.459356 -0.072903 9.763189
v -3.542293 -0.072728 9.806658
v -3.406910 -0.020458 9.762980
v -3.502640 0.023002 9.806273
v -3.574804 -0.072592 9.840551
v -3.406910 0.062653 9.806114
v -3.369825 -0.035817 9.763041
v -3.525629 0.046127 9.840075
v -3.262583 -0.073032 9.731024
v -3.508964 0.029618 9.879187
v -3.551236 -0.072435 9.879597
v -3.406910 0.095301 9.839878
v -3.443995 -0.035220 9.911615
v -3.459356 -0.072306 9.911764
v -3.542293 -0.072132 9.955233
v -3.406910 0.071890 9.879017
v -3.311179 0.023002 9.806273
v -3.502640 0.023599 9.954847
v -3.574804 -0.071995 9.989130
v -3.406910 -0.019861 9.911554
v -3.525629 0.046723 9.988653
v -3.406910 0.063249 9.954689
v -3.508964 0.030215 10.027761
v -3.551236 -0.071839 10.028172
v -3.406910 0.095898 9.988457
v -3.406910 0.072486 10.027592
v -3.304856 0.030215 10.027761
v -3.288190 0.046723 9.988653
v -3.262583 -0.071839 10.028172
v -3.311179 0.023599 9.954847
v -3.239015 -0.071995 9.989130
v -3.304856 -0.173891 10.028582
v -3.271526 -0.072132 9.955233
v -3.406910 -0.216161 10.028751
v -3.288191 -0.190714 9.989607
v -3.508964 -0.173891 10.028582
v -3.406910 -0.239888 9.989803
v -3.525629 -0.190714 9.989607
v -3.502640 -0.167861 9.955618
v -3.311179 -0.167861 9.955618
v -3.406910 -0.207513 9.955776
v -3.443995 -0.109391 9.911913
v -3.508964 -0.174488 9.880007
v -3.406910 -0.124751 9.911974
v -3.525629 -0.191310 9.841028
v -3.369825 -0.109391 9.911913
v -3.406910 -0.216758 9.880177
v -3.406910 -0.240485 9.841225
v -3.502640 -0.168457 9.807043
v -3.304856 -0.174488 9.880007
v -3.354464 -0.072306 9.911764
v -3.288191 -0.191310 9.841028
v -3.369825 -0.035220 9.911615
v -3.262583 -0.072435 9.879597
v -3.304856 0.029618 9.879187
v -3.239015 -0.072592 9.840551
v -3.288190 0.046127 9.840075
v -3.311179 -0.168457 9.807043
v -3.271526 -0.072728 9.806658
v -3.354464 -0.072903 9.763189
v -3.406910 -0.208109 9.807201
v -3.369825 -0.109987 9.763338
v -3.304856 -0.175084 9.731434
v -3.406910 -0.125347 9.763399
v -3.288191 -0.191907 9.692455
v -3.406910 -0.217354 9.731604
v -3.443995 -0.109987 9.763338
v -3.508964 -0.175084 9.731434
v 3.797445 -0.037010 9.465889
v 3.895743 -0.073921 9.509510
v 3.812806 -0.074096 9.466038
v 3.856091 0.021809 9.509125
v 3.928255 -0.073785 9.543404
v 3.760360 0.061460 9.508966
v 3.760360 -0.021651 9.465828
v 3.723275 -0.037010 9.465889
v 3.879080 0.044934 9.542927
v 3.664629 0.021809 9.509125
v 3.862414 0.028425 9.582039
v 3.904686 -0.073628 9.582449
v 3.760360 0.094108 9.542730
v 3.797445 -0.036413 9.614464
v 3.812806 -0.073499 9.614613
v 3.895743 -0.073325 9.658083
v 3.760360 0.070697 9.581869
v 3.641640 0.044934 9.542927
v 3.856091 0.022406 9.657698
v 3.928255 -0.073188 9.691978
v 3.658306 0.028425 9.582039
v 3.592465 -0.073785 9.543404
v 3.624977 -0.073921 9.509510
v 3.707914 -0.074096 9.466038
v 3.664629 -0.169650 9.509895
v 3.723275 -0.111180 9.466187
v 3.616034 -0.073628 9.582449
v 3.760360 -0.209302 9.510054
v 3.760360 -0.126540 9.466248
v 3.797445 -0.111180 9.466187
v 3.641641 -0.192504 9.543880
v 3.856091 -0.169650 9.509895
v 3.760360 -0.241678 9.544077
v 3.879080 -0.192504 9.543880
v 3.862414 -0.175681 9.582859
v 3.658306 -0.175681 9.582859
v 3.760360 -0.217951 9.583029
v 3.797445 -0.110584 9.614761
v 3.707914 -0.073499 9.614613
v 3.760360 -0.125944 9.614822
v 3.723275 -0.110584 9.614761
v 3.760360 -0.208706 9.658627
v 3.856091 -0.169054 9.658468
v 3.664629 -0.169054 9.658468
v 3.760360 -0.241081 9.692652
v 3.879080 -0.191907 9.692455
v 3.862414 -0.175084 9.731434
v 3.904686 -0.073032 9.731024
v 3.812806 -0.072903 9.763189
v 3.641641 -0.191907 9.692455
v 3.797445 -0.109987 9.763338
v 3.760360 -0.217354 9.731604
v 3.658306 -0.175084 9.731434
v 3.592465 -0.073188 9.691978
v 3.624977 -0.073325 9.658083
v 3.723275 -0.036413 9.614464
v 3.760360 -0.021054 9.614403
v 3.664629 0.022406 9.657698
v 3.760360 0.062056 9.657539
v 3.760360 0.094704 9.691305
v 3.641640 0.045530 9.691502
v 3.658306 0.029022 9.730614
v 3.879080 0.045530 9.691502
v 3.862414 0.029022 9.730614
v 3.760360 0.071293 9.730444
v 3.797445 -0.035817 9.763041
v 3.895743 -0.072728 9.806658
v 3.760360 -0.020458 9.762980
v 3.856091 0.023002 9.806273
v 3.928255 -0.072592 9.840551
v 3.760360 0.062653 9.806114
v 3.723275 -0.035817 9.763041
v 3.879080 0.046127 9.840075
v 3.616034 -0.073032 9.731024
v 3.862414 0.029618 9.879187
v 3.904686 -0.072435 9.879597
v 3.760360 0.095301 9.839878
v 3.797445 -0.035220 9.911615
v 3.812806 -0.072306 9.911764
v 3.895743 -0.072132 9.955233
v 3.760360 0.071890 9.879017
v 3.664629 0.023002 9.806273
v 3.856091 0.023599 9.954847
v 3.928255 -0.071995 9.989130
v 3.760360 -0.019861 9.911554
v 3.879080 0.046723 9.988653
v 3.760360 0.063249 9.954689
v 3.862414 0.030215 10.027761
v 3.904686 -0.071839 10.028172
v 3.760360 0.095898 9.988457
v 3.760360 0.072486 10.027592
v 3.658306 0.030215 10.027761
v 3.616034 -0.071839 10.028172
v 3.641640 0.046723 9.988653
v 3.658306 -0.173891 10.028582
v 3.592465 -0.071995 9.989130
v 3.664629 0.023599 9.954847
v 3.641641 -0.190714 9.989607
v 3.723275 -0.035220 9.911615
v 3.624977 -0.072132 9.955233
v 3.664629 -0.167861 9.955618
v 3.658306 0.029618 9.879187
v 3.707914 -0.072306 9.911764
v 3.641640 0.046127 9.840075
v 3.616034 -0.072435 9.879597
v 3.592465 -0.072592 9.840551
v 3.658306 -0.174488 9.880007
v 3.624977 -0.072728 9.806658
v 3.641641 -0.191310 9.841028
v 3.707914 -0.072903 9.763189
v 3.664629 -0.168457 9.807043
v 3.723275 -0.109987 9.763338
v 3.760360 -0.240485 9.841225
v 3.760360 -0.125347 9.763399
v 3.760360 -0.208109 9.807201
v 3.856091 -0.168457 9.807043
v 3.879080 -0.191310 9.841028
v 3.862414 -0.174488 9.880007
v 3.760360 -0.216758 9.880177
v 3.797445 -0.109391 9.911913
v 3.723275 -0.109391 9.911913
v 3.760360 -0.124751 9.911974
v 3.760360 -0.207513 9.955776
v 3.856091 -0.167861 9.955618
v 3.760360 -0.239888 9.989803
v 3.879080 -0.190714 9.989607
v 3.862414 -0.173891 10.028582
v 3.760360 -0.216161 10.028751
v -3.406910 -0.074537 9.356373
v 3.760361 -0.074537 9.356373
vn -0.0000 0.0040 1.0000
vn 1.0000 -0.0000 -0.0000
vn -0.0000 -0.0040 -1.0000
vn -1.0000 -0.0000 -0.0000
vn -0.0000 -1.0000 0.0040
vn -0.0000 -1.0000 0.0039
vn -0.0000 1.0000 -0.0040
vn -0.2517 -0.0197 0.9676
vn 0.7758 -0.6106 0.1592
vn 0.7758 -0.6106 0.1591
vn 0.2517 0.0197 -0.9676
vn -0.7726 0.6143 -0.1601
vn -0.7726 0.6143 -0.1602
vn -0.0550 -0.9985 -0.0039
vn -0.0550 -0.9985 -0.0038
vn -0.0550 0.9981 -0.0275
vn -0.0550 0.9981 -0.0276
vn -0.2517 0.0196 0.9676
vn -0.2518 0.0196 0.9676
vn 0.7927 0.5970 0.1232
vn 0.2517 -0.0196 -0.9676
vn 0.2518 -0.0196 -0.9676
vn -0.7898 -0.6007 -0.1240
vn -0.7898 -0.6007 -0.1239
vn -0.0629 -0.9980 -0.0117
vn -0.0629 -0.9980 -0.0118
vn -0.0550 0.9983 -0.0197
vn -0.0551 0.9983 -0.0197
vn -0.1971 -0.0670 0.9781
vn -0.1971 -0.0671 0.9781
vn -0.1972 -0.0671 0.9781
vn 0.7336 -0.6701 0.1131
vn 0.1971 0.0670 -0.9781
vn 0.1972 0.0671 -0.9781
vn -0.7298 0.6744 -0.1125
vn -0.7298 0.6744 -0.1126
vn -0.2684 0.0039 0.9633
vn -0.2685 0.0039 0.9633
vn 0.7390 0.6609 0.1310
vn 0.2685 -0.0039 -0.9633
vn 0.2684 -0.0039 -0.9633
vn 0.2685 -0.0038 -0.9633
vn -0.7315 -0.6691 -0.1310
vn -0.7315 -0.6691 -0.1311
vn -0.0472 -0.9988 -0.0117
vn -0.1653 -0.9834 0.0748
vn -0.1652 -0.9834 0.0748
vn 0.8408 -0.0886 -0.5340
vn 0.8403 -0.0885 -0.5349
vn 0.1653 0.9834 -0.0748
vn -0.8408 0.0886 0.5340
vn -0.0629 0.0117 -0.9980
vn -0.0629 0.0118 -0.9980
vn -0.2752 -0.0591 0.9596
vn -0.2752 -0.0590 0.9596
vn -0.1730 -0.9827 0.0668
vn -0.1731 -0.9826 0.0670
vn -0.1730 -0.9827 0.0669
vn -0.1730 -0.9826 0.0669
vn 0.8801 -0.1003 0.4640
vn 0.1731 0.9831 -0.0590
vn -0.8718 0.1002 -0.4795
vn -0.8718 0.1001 -0.4795
vn -0.0628 0.0117 -0.9980
vn -0.3397 0.0275 0.9401
vn -0.3398 0.0275 0.9401
vn -0.1414 -0.9899 0.0118
vn -0.1414 -0.9899 0.0119
vn -0.9977 0.0233 -0.0629
vn 0.1337 0.9910 -0.0118
vn -0.9959 -0.0868 0.0241
vn -0.9959 -0.0869 0.0241
vn 0.1413 0.9890 -0.0432
vn -0.0079 -0.0353 0.9993
vn -0.0078 -0.0353 0.9993
vn -0.1260 -0.9920 -0.0039
vn -0.2757 0.0039 0.9612
vn 0.2758 -0.0039 -0.9612
vn 0.2757 -0.0039 -0.9612
vn 0.1182 0.9930 0.0039
vn 0.2683 -0.0433 -0.9624
vn 0.2682 -0.0433 -0.9624
vn 0.1103 0.9933 0.0354
vn -0.1334 -0.9883 0.0746
vn -0.1333 -0.9883 0.0746
vn -0.1334 -0.9882 0.0746
vn 0.7792 -0.0812 -0.6215
vn 0.1334 0.9883 -0.0746
vn 0.1334 0.9882 -0.0746
vn -0.7652 0.0814 0.6386
vn -0.7652 0.0815 0.6386
vn -0.0316 -0.0829 0.9961
vn -0.1502 -0.9880 0.0356
vn 0.7949 -0.0999 0.5985
vn 0.1490 0.9882 -0.0353
vn 0.1491 0.9882 -0.0353
vn -0.7706 0.0997 -0.6295
vn -0.3397 0.0274 0.9401
vn -0.1026 -0.9943 0.0277
vn 0.9939 -0.1104 0.0004
vn 0.0948 0.9954 -0.0119
vn -0.9936 0.1105 0.0232
vn -0.0000 -0.0039 -1.0000
vn -0.2685 0.0118 0.9632
vn -0.2684 0.0118 0.9632
vn -0.2685 0.0117 0.9632
vn -0.1027 -0.9947 0.0040
vn -0.1026 -0.9947 0.0040
vn 0.6391 -0.0837 0.7646
vn 0.6385 -0.0837 0.7650
vn 0.6385 -0.0836 0.7650
vn 0.0948 0.9955 -0.0040
vn -0.5817 0.0753 -0.8099
vn -0.5817 0.0754 -0.8099
vn -0.1653 0.9840 0.0669
vn -0.1652 0.9840 0.0669
vn 0.8408 0.0843 -0.5347
vn 0.1653 -0.9845 -0.0590
vn 0.1654 -0.9845 -0.0590
vn -0.8408 -0.0843 0.5347
vn -0.0628 -0.0198 -0.9978
vn -0.0628 -0.0197 -0.9978
vn -0.2752 0.0667 0.9591
vn -0.2752 0.0668 0.9591
vn -0.1730 0.9832 0.0590
vn 0.8801 0.1040 0.4632
vn 0.1731 -0.9836 -0.0511
vn 0.1730 -0.9836 -0.0511
vn -0.8718 -0.1040 -0.4787
vn -0.8718 -0.1041 -0.4787
vn -0.0629 -0.0197 -0.9978
vn -0.3398 -0.0199 0.9403
vn -0.3397 -0.0199 0.9403
vn -0.3399 -0.0199 0.9403
vn -0.1414 0.9899 -0.0040
vn -0.9977 -0.0238 -0.0627
vn -0.9977 -0.0238 -0.0628
vn 0.1414 -0.9899 0.0040
vn 0.1415 -0.9899 0.0040
vn -0.0000 0.0041 1.0000
vn -0.9959 0.0870 0.0234
vn -0.9959 0.0871 0.0233
vn 0.1414 -0.9896 -0.0275
vn 0.1413 -0.9896 -0.0274
vn 0.1414 -0.9896 -0.0274
vn -0.0079 0.0434 0.9990
vn -0.0079 0.0433 0.9990
vn -0.1260 0.9920 -0.0119
vn -0.1260 0.9920 -0.0118
vn -0.2758 0.0039 0.9612
vn 0.1182 -0.9929 0.0118
vn 0.1182 -0.9929 0.0119
vn 0.2682 0.0356 -0.9627
vn 0.1181 -0.9921 0.0434
vn -0.1334 0.9893 0.0588
vn -0.1335 0.9893 0.0588
vn 0.7792 0.0762 -0.6221
vn 0.1334 -0.9893 -0.0588
vn 0.1335 -0.9893 -0.0588
vn -0.7652 -0.0763 0.6393
vn -0.7652 -0.0764 0.6393
vn -0.0316 0.0909 0.9954
vn -0.1579 0.9871 0.0276
vn 0.7949 0.1047 0.5977
vn 0.1502 -0.9885 -0.0198
vn 0.1503 -0.9884 -0.0197
vn -0.7706 -0.1047 -0.6286
vn -0.7706 -0.1048 -0.6286
vn -0.3398 -0.0200 0.9403
vn -0.1026 0.9945 0.0197
vn 0.9939 0.1105 -0.0004
vn 0.9939 0.1104 -0.0004
vn 0.0948 -0.9955 -0.0039
vn -0.9936 -0.1103 0.0241
vn -0.0000 -0.0041 -1.0000
vn -0.2685 -0.0040 0.9633
vn -0.2684 -0.0041 0.9633
vn -0.1026 0.9946 -0.0119
vn -0.1026 0.9947 -0.0119
vn -0.1027 0.9946 -0.0119
vn 0.6385 0.0898 0.7643
vn 0.6386 0.0898 0.7643
vn 0.1027 -0.9946 0.0119
vn 0.1026 -0.9947 0.0119
vn 0.1026 -0.9946 0.0119
vn -0.5817 -0.0818 -0.8093
vn -0.5817 -0.0819 -0.8093
vn 0.0315 -0.0039 0.9995
vn 0.0315 -0.0038 0.9995
vn 0.0314 -0.0038 0.9995
vn 0.8169 -0.5736 -0.0605
vn -0.0315 0.0117 -0.9994
vn -0.8105 0.5826 0.0606
vn -0.0550 -0.9983 0.0197
vn -0.0551 -0.9983 0.0197
vn -0.0629 0.9980 -0.0040
vn -0.0630 0.9980 -0.0040
vn 0.0236 0.0197 0.9995
vn 0.0236 0.0198 0.9995
vn 0.8241 0.5568 -0.1042
vn 0.8241 0.5568 -0.1043
vn -0.0236 -0.0197 -0.9995
vn -0.0236 -0.0198 -0.9995
vn -0.8215 -0.5604 0.1050
vn -0.8215 -0.5604 0.1049
vn -0.8216 -0.5603 0.1050
vn -0.0707 -0.9974 0.0119
vn -0.0707 -0.9974 0.0118
vn 0.0789 -0.0671 0.9946
vn 0.0789 -0.0670 0.9946
vn 0.7525 -0.6510 -0.0993
vn -0.0789 0.0670 -0.9946
vn -0.0789 0.0671 -0.9946
vn -0.7491 0.6549 0.0999
vn -0.7491 0.6549 0.0998
vn -0.0550 0.9984 -0.0118
vn -0.0550 0.9984 -0.0119
vn 0.0079 0.0119 0.9999
vn 0.7660 0.6394 -0.0657
vn 0.7660 0.6394 -0.0658
vn -0.0078 -0.0119 -0.9999
vn -0.0079 -0.0119 -0.9999
vn -0.7622 -0.6441 0.0654
vn -0.7622 -0.6441 0.0655
vn -0.0472 -0.9985 0.0276
vn 0.2517 -0.0118 0.9677
vn 0.2518 -0.0118 0.9677
vn 0.2517 -0.0119 0.9677
vn -0.7758 -0.6106 0.1592
vn -0.2517 0.0197 -0.9676
vn 0.7726 0.6143 -0.1602
vn 0.7726 0.6143 -0.1601
vn 0.0550 -0.9985 -0.0038
vn 0.0550 -0.9985 -0.0039
vn 0.0550 0.9981 -0.0276
vn 0.0551 0.9981 -0.0275
vn 0.2517 0.0196 0.9676
vn 0.2518 0.0196 0.9676
vn -0.7927 0.5970 0.1232
vn -0.2517 -0.0196 -0.9676
vn -0.2518 -0.0196 -0.9676
vn 0.7898 -0.6007 -0.1239
vn 0.7898 -0.6007 -0.1240
vn 0.0629 -0.9980 -0.0117
vn 0.0551 0.9983 -0.0197
vn 0.0550 0.9983 -0.0197
vn 0.1971 -0.0670 0.9781
vn 0.1972 -0.0671 0.9781
vn -0.7336 -0.6701 0.1131
vn -0.1971 0.0670 -0.9781
vn -0.1971 0.0671 -0.9781
vn 0.7298 0.6744 -0.1126
vn 0.7298 0.6744 -0.1125
vn 0.2685 0.0039 0.9633
vn 0.2685 0.0038 0.9633
vn 0.2684 0.0039 0.9633
vn -0.7390 0.6609 0.1310
vn -0.2684 -0.0039 -0.9633
vn -0.2685 -0.0039 -0.9633
vn 0.7315 -0.6691 -0.1310
vn 0.7315 -0.6691 -0.1311
vn 0.0472 -0.9988 -0.0117
vn 0.1653 -0.9834 0.0748
vn 0.1652 -0.9834 0.0748
vn -0.8408 -0.0886 -0.5340
vn -0.1653 0.9834 -0.0748
vn 0.8408 0.0886 0.5340
vn 0.8408 0.0885 0.5340
vn 0.0629 0.0117 -0.9980
vn 0.2752 -0.0591 0.9596
vn 0.2752 -0.0590 0.9596
vn 0.1730 -0.9827 0.0668
vn 0.1730 -0.9826 0.0669
vn 0.1730 -0.9827 0.0669
vn -0.8801 -0.1003 0.4640
vn -0.1730 0.9832 -0.0590
vn -0.1731 0.9831 -0.0590
vn 0.8718 0.1002 -0.4795
vn 0.8718 0.1001 -0.4795
vn 0.0628 0.0117 -0.9980
vn 0.3398 0.0275 0.9401
vn 0.3397 0.0275 0.9401
vn 0.1414 -0.9899 0.0119
vn 0.1414 -0.9899 0.0118
vn 0.9977 0.0233 -0.0629
vn -0.1337 0.9909 -0.0118
vn -0.1337 0.9910 -0.0118
vn 0.9959 -0.0869 0.0241
vn 0.9959 -0.0868 0.0241
vn 0.9959 -0.0869 0.0240
vn -0.1413 0.9890 -0.0432
vn -0.1413 0.9890 -0.0433
vn 0.0079 -0.0353 0.9993
vn 0.0078 -0.0353 0.9993
vn 0.1260 -0.9920 -0.0039
vn 0.2757 0.0039 0.9612
vn 0.2758 0.0039 0.9612
vn -0.2757 -0.0039 -0.9612
vn -0.1182 0.9930 0.0039
vn -0.2682 -0.0433 -0.9624
vn -0.2683 -0.0433 -0.9624
vn -0.1103 0.9933 0.0354
vn 0.1334 -0.9882 0.0746
vn 0.1333 -0.9883 0.0746
vn 0.1334 -0.9883 0.0746
vn -0.7792 -0.0812 -0.6215
vn -0.1334 0.9882 -0.0746
vn -0.1333 0.9883 -0.0746
vn -0.1334 0.9883 -0.0746
vn 0.7652 0.0814 0.6386
vn 0.7652 0.0815 0.6386
vn 0.0316 -0.0829 0.9961
vn 0.1502 -0.9880 0.0356
vn -0.7949 -0.0999 0.5985
vn -0.1490 0.9882 -0.0353
vn -0.1491 0.9882 -0.0353
vn 0.7706 0.0997 -0.6295
vn 0.1026 -0.9943 0.0277
vn -0.9939 -0.1104 0.0004
vn -0.9939 -0.1105 0.0004
vn -0.0948 0.9954 -0.0119
vn 0.9936 0.1105 0.0232
vn 0.2685 0.0118 0.9632
vn 0.2684 0.0118 0.9632
vn 0.1026 -0.9947 0.0040
vn 0.1027 -0.9947 0.0040
vn -0.6385 -0.0836 0.7650
vn -0.6385 -0.0837 0.7650
vn -0.0948 0.9955 -0.0040
vn 0.5817 0.0754 -0.8099
vn 0.5817 0.0753 -0.8099
vn 0.1652 0.9840 0.0669
vn 0.1653 0.9840 0.0669
vn -0.8408 0.0843 -0.5347
vn -0.8403 0.0842 -0.5355
vn -0.1654 -0.9845 -0.0590
vn -0.1653 -0.9845 -0.0590
vn 0.8408 -0.0843 0.5347
vn 0.0628 -0.0198 -0.9978
vn 0.0628 -0.0197 -0.9978
vn 0.2752 0.0668 0.9591
vn 0.1730 0.9832 0.0590
vn -0.8801 0.1040 0.4632
vn -0.1731 -0.9836 -0.0511
vn -0.1730 -0.9836 -0.0511
vn 0.8718 -0.1041 -0.4787
vn 0.8718 -0.1040 -0.4787
vn 0.0629 -0.0197 -0.9978
vn 0.3397 -0.0199 0.9403
vn 0.3398 -0.0199 0.9403
vn 0.1414 0.9899 -0.0040
vn 0.9977 -0.0238 -0.0628
vn 0.9977 -0.0238 -0.0627
vn -0.1414 -0.9899 0.0040
vn -0.1414 -0.9899 0.0039
vn 0.9959 0.0870 0.0234
vn 0.9959 0.0871 0.0234
vn -0.1414 -0.9896 -0.0274
vn -0.1414 -0.9896 -0.0275
vn 0.0079 0.0434 0.9990
vn 0.0079 0.0433 0.9990
vn 0.1260 0.9920 -0.0119
vn 0.1260 0.9920 -0.0118
vn -0.2758 -0.0039 -0.9612
vn -0.1182 -0.9929 0.0119
vn -0.1182 -0.9929 0.0118
vn -0.2683 0.0356 -0.9627
vn -0.2682 0.0356 -0.9627
vn -0.1181 -0.9921 0.0434
vn 0.1334 0.9893 0.0588
vn 0.1335 0.9893 0.0588
vn -0.7792 0.0762 -0.6221
vn -0.7798 0.0764 -0.6214
vn -0.1334 -0.9893 -0.0588
vn -0.1335 -0.9893 -0.0588
vn 0.7652 -0.0763 0.6393
vn 0.0316 0.0909 0.9954
vn 0.1579 0.9871 0.0276
vn -0.7949 0.1047 0.5977
vn -0.1502 -0.9885 -0.0198
vn -0.1503 -0.9884 -0.0197
vn 0.7706 -0.1048 -0.6286
vn 0.7706 -0.1047 -0.6286
vn 0.1026 0.9945 0.0197
vn -0.9939 0.1105 -0.0004
vn -0.9939 0.1104 -0.0004
vn -0.0948 -0.9955 -0.0039
vn 0.9936 -0.1103 0.0241
vn 0.2684 -0.0040 0.9633
vn 0.2685 -0.0040 0.9633
vn 0.1026 0.9947 -0.0119
vn 0.1026 0.9946 -0.0119
vn 0.1027 0.9946 -0.0119
vn -0.6390 0.0898 0.7639
vn -0.6385 0.0898 0.7643
vn -0.1027 -0.9946 0.0119
vn -0.1026 -0.9947 0.0119
vn -0.1026 -0.9946 0.0119
vn 0.5817 -0.0819 -0.8093
vn 0.5817 -0.0818 -0.8093
vn -0.0315 -0.0039 0.9995
vn -0.0315 -0.0038 0.9995
vn -0.8169 -0.5736 -0.0605
vn 0.0315 0.0117 -0.9994
vn 0.8105 0.5826 0.0606
vn 0.0550 -0.9983 0.0197
vn 0.0550 -0.9983 0.0198
vn 0.0548 -0.9983 0.0197
vn 0.0629 0.9980 -0.0040
vn 0.0630 0.9980 -0.0040
vn -0.0236 0.0198 0.9995
vn -0.0236 0.0197 0.9995
vn -0.8241 0.5568 -0.1042
vn -0.8241 0.5568 -0.1043
vn 0.0236 -0.0198 -0.9995
vn 0.0236 -0.0197 -0.9995
vn 0.8215 -0.5604 0.1050
vn 0.8215 -0.5604 0.1049
vn 0.0707 -0.9974 0.0118
vn 0.0707 -0.9974 0.0119
vn -0.0789 -0.0670 0.9946
vn -0.0789 -0.0671 0.9946
vn -0.7525 -0.6510 -0.0993
vn 0.0789 0.0669 -0.9946
vn 0.0789 0.0670 -0.9946
vn 0.0789 0.0671 -0.9946
vn 0.7491 0.6549 0.0999
vn 0.0550 0.9984 -0.0118
vn 0.0550 0.9984 -0.0119
vn -0.0079 0.0119 0.9999
vn -0.7660 0.6394 -0.0657
vn -0.7660 0.6394 -0.0658
vn 0.0079 -0.0119 -0.9999
vn 0.0078 -0.0119 -0.9999
vn 0.7622 -0.6441 0.0654
vn 0.7622 -0.6441 0.0655
vn 0.0472 -0.9985 0.0276
vn -0.9980 0.0081 0.0628
vn -0.9980 0.0078 0.0632
vn 0.1497 -0.6430 0.7511
vn 0.9980 -0.0081 -0.0628
vn -0.1488 0.6392 -0.7545
vn -0.1488 0.6393 -0.7544
vn -0.9985 0.0002 0.0550
vn -0.9985 0.0003 0.0550
vn 0.1417 0.6329 0.7611
vn 0.1417 0.6329 0.7612
vn 0.9985 -0.0002 -0.0550
vn -0.1417 -0.6329 -0.7612
vn -0.9980 0.0002 0.0629
vn -0.9980 0.0003 0.0628
vn 0.1498 -0.6039 0.7829
vn -0.1498 0.6039 -0.7829
vn -0.9985 0.0004 0.0550
vn 0.1496 0.6014 0.7848
vn 0.1495 0.6014 0.7848
vn -0.1496 -0.6014 -0.7848
vn -0.9985 -0.0076 0.0551
vn -0.9985 -0.0077 0.0551
vn 0.1336 -0.6574 0.7416
vn 0.9985 0.0077 -0.0550
vn 0.9985 0.0076 -0.0551
vn 0.9985 0.0077 -0.0551
vn -0.1337 0.6574 -0.7416
vn -0.1336 0.6574 -0.7416
vn -0.9989 0.0081 0.0472
vn 0.9989 -0.0080 -0.0472
vn 0.9989 -0.0081 -0.0472
vn -0.1417 -0.6329 -0.7611
vn -0.9989 0.0080 0.0472
vn -0.9980 0.0083 0.0629
vn -0.9980 0.0081 0.0630
vn 0.9980 -0.0080 -0.0629
vn 0.9980 -0.0078 -0.0631
vn 0.9980 -0.0081 -0.0627
vn -0.1497 0.6430 -0.7511
vn -0.9988 -0.0155 0.0473
vn -0.9988 -0.0155 0.0472
vn 0.1341 0.6421 0.7548
vn 0.9988 0.0155 -0.0472
vn -0.1341 -0.6421 -0.7548
vn -0.9982 0.0238 0.0549
vn 0.1340 -0.6275 0.7670
vn 0.1340 -0.6274 0.7670
vn 0.9982 -0.0238 -0.0549
vn -0.1340 0.6274 -0.7671
vn -0.9982 -0.0234 0.0551
vn 0.1098 0.6231 0.7744
vn 0.1099 0.6231 0.7744
vn 0.9982 0.0234 -0.0551
vn -0.1099 -0.6231 -0.7744
vn -0.9982 0.0238 0.0550
vn 0.1339 -0.6189 0.7740
vn 0.1338 -0.6189 0.7740
vn -0.1338 0.6188 -0.7740
vn -0.1338 0.6189 -0.7740
vn -0.9984 0.0159 0.0550
vn 0.1419 -0.6353 0.7591
vn 0.9984 -0.0160 -0.0549
vn 0.9984 -0.0159 -0.0550
vn -0.1419 0.6353 -0.7591
vn -0.1418 0.6353 -0.7591
vn -0.9982 -0.0233 0.0551
vn 0.1335 0.6078 0.7828
vn -0.1335 -0.6078 -0.7828
vn -0.9988 -0.0156 0.0472
vn 0.1340 0.6336 0.7620
vn 0.9988 0.0156 -0.0472
vn -0.1340 -0.6336 -0.7620
vn -0.9963 0.0003 0.0863
vn -0.9962 0.0003 0.0867
vn 0.0863 0.0040 0.9963
vn 0.0867 0.0040 0.9962
vn 0.0862 0.0040 0.9963
vn 0.9963 -0.0003 -0.0863
vn 0.9962 -0.0003 -0.0867
vn -0.0862 -0.0040 -0.9963
vn -0.0867 -0.0040 -0.9962
vn -0.9969 0.0082 0.0785
vn 0.1575 0.8369 0.5243
vn 0.9969 -0.0082 -0.0785
vn -0.1575 -0.8369 -0.5243
vn -0.0000 0.5386 -0.8425
vn -0.0000 0.5386 -0.8426
vn -0.0000 -0.5386 0.8425
vn -0.0000 -0.5386 0.8426
vn -0.9934 -0.0311 0.1105
vn -0.9934 -0.0311 0.1104
vn 0.0707 -0.8774 0.4746
vn 0.0706 -0.8774 0.4746
vn 0.9940 0.0390 -0.1027
vn 0.9939 0.0391 -0.1027
vn -0.0707 0.8774 -0.4746
vn -0.0706 0.8774 -0.4746
vn -0.0000 0.5544 0.8323
vn -0.0000 -0.5544 -0.8323
vn -0.9954 0.0162 0.0947
vn 0.1818 -0.4707 0.8634
vn 0.1818 -0.4707 0.8633
vn 0.9954 -0.0162 -0.0947
vn -0.1818 0.4707 -0.8634
vn -0.1818 0.4704 -0.8635
vn -0.1818 0.4707 -0.8633
vn 0.0236 0.8912 0.4529
vn -0.0000 -0.8915 -0.4530
vn -0.9963 0.0003 0.0862
vn 0.0393 0.0040 0.9992
vn 0.0394 0.0040 0.9992
vn -0.0393 -0.0040 -0.9992
vn -0.9947 0.0399 0.0946
vn 0.0550 0.8820 0.4680
vn 0.9947 -0.0399 -0.0946
vn -0.0550 -0.8820 -0.4680
vn -0.0000 -0.5477 0.8367
vn -0.0000 0.5477 -0.8367
vn 0.1575 -0.8326 0.5310
vn -0.1575 0.8326 -0.5310
vn -0.0000 -0.5453 -0.8382
vn -0.0000 -0.5454 -0.8382
vn -0.0000 0.5453 0.8382
vn -0.9979 -0.0155 0.0629
vn 0.1576 0.4763 0.8650
vn 0.9979 0.0155 -0.0629
vn -0.1576 -0.4763 -0.8650
vn -0.0000 -0.8878 0.4602
vn -0.0000 0.8878 -0.4602
vn -0.9963 0.0003 0.0861
vn 0.0392 0.0040 0.9992
vn 0.9963 -0.0003 -0.0864
vn 0.9963 -0.0003 -0.0861
vn -0.0394 -0.0040 -0.9992
vn -0.0396 -0.0040 -0.9992
vn 0.9980 0.0081 0.0628
vn 0.9980 0.0078 0.0632
vn 0.9980 0.0080 0.0629
vn -0.1497 -0.6430 0.7511
vn -0.9980 -0.0081 -0.0628
vn -0.9980 -0.0080 -0.0628
vn 0.1488 0.6392 -0.7545
vn 0.9985 0.0002 0.0550
vn -0.1417 0.6329 0.7612
vn -0.9985 -0.0002 -0.0550
vn 0.1417 -0.6329 -0.7612
vn 0.1417 -0.6329 -0.7611
vn 0.9980 0.0003 0.0629
vn 0.9980 0.0003 0.0628
vn -0.1498 -0.6039 0.7829
vn 0.1498 0.6039 -0.7829
vn -0.1496 0.6014 0.7848
vn -0.9985 -0.0003 -0.0550
vn 0.1496 -0.6014 -0.7848
vn 0.9985 -0.0077 0.0550
vn 0.9985 -0.0076 0.0551
vn 0.9985 -0.0077 0.0551
vn -0.1336 -0.6574 0.7416
vn -0.1337 -0.6574 0.7416
vn -0.9985 0.0076 -0.0551
vn -0.9985 0.0077 -0.0551
vn 0.1336 0.6574 -0.7416
vn 0.9989 0.0081 0.0472
vn -0.1417 0.6329 0.7611
vn -0.9989 -0.0080 -0.0473
vn -0.9989 -0.0081 -0.0472
vn 0.9989 0.0080 0.0472
vn -0.9989 -0.0080 -0.0472
vn 0.9980 0.0080 0.0628
vn 0.9980 0.0081 0.0629
vn 0.9980 0.0083 0.0629
vn -0.9980 -0.0081 -0.0627
vn -0.9980 -0.0078 -0.0631
vn 0.1497 0.6430 -0.7511
vn 0.9988 -0.0155 0.0472
vn -0.1341 0.6421 0.7548
vn -0.9988 0.0155 -0.0472
vn -0.9988 0.0155 -0.0473
vn 0.1341 -0.6421 -0.7548
vn 0.9982 0.0238 0.0549
vn -0.1340 -0.6274 0.7671
vn -0.1340 -0.6274 0.7670
vn -0.9982 -0.0238 -0.0549
vn 0.1340 0.6275 -0.7670
vn 0.9982 -0.0234 0.0551
vn -0.1099 0.6231 0.7744
vn -0.9982 0.0234 -0.0551
vn 0.1099 -0.6231 -0.7744
vn 0.1098 -0.6231 -0.7744
vn -0.1338 -0.6189 0.7740
vn -0.1339 -0.6189 0.7740
vn 0.1339 0.6189 -0.7740
vn -0.1420 -0.6438 0.7519
vn -0.9980 -0.0081 -0.0629
vn 0.1420 0.6438 -0.7519
vn -0.1335 0.6078 0.7828
vn 0.1335 -0.6078 -0.7828
vn 0.9988 -0.0156 0.0472
vn 0.9988 -0.0155 0.0473
vn -0.1340 0.6336 0.7620
vn 0.1340 -0.6336 -0.7620
vn 0.9962 0.0003 0.0867
vn 0.9963 0.0003 0.0862
vn 0.9963 0.0003 0.0863
vn -0.0863 0.0040 0.9963
vn -0.0867 0.0040 0.9962
vn -0.0862 0.0040 0.9963
vn -0.9962 -0.0003 -0.0867
vn -0.9963 -0.0003 -0.0862
vn -0.9963 -0.0003 -0.0863
vn 0.0867 -0.0040 -0.9962
vn 0.0863 -0.0040 -0.9963
vn 0.9979 0.0160 0.0628
vn -0.1575 0.8369 0.5243
vn -0.9979 -0.0159 -0.0628
vn -0.9979 -0.0160 -0.0628
vn 0.1575 -0.8369 -0.5243
vn 0.9934 -0.0311 0.1105
vn 0.9934 -0.0311 0.1104
vn -0.0550 -0.8782 0.4751
vn -0.0550 -0.8783 0.4750
vn -0.9934 0.0311 -0.1105
vn -0.9934 0.0311 -0.1104
vn 0.0550 0.8782 -0.4751
vn 0.9950 0.0320 0.0946
vn -0.1811 -0.4768 0.8601
vn -0.9950 -0.0320 -0.0947
vn -0.9950 -0.0320 -0.0946
vn 0.1818 0.4707 -0.8633
vn -0.0236 0.8912 0.4529
vn -0.0000 -0.8915 -0.4531
vn -0.0393 0.0040 0.9992
vn 0.0393 -0.0040 -0.9992
vn 0.9947 0.0399 0.0946
vn 0.9947 0.0399 0.0945
vn -0.0790 0.8789 0.4705
vn -0.9951 -0.0477 -0.0867
vn 0.0790 -0.8789 -0.4705
vn 0.9963 0.0002 0.0863
vn -0.1575 -0.8326 0.5310
vn 0.1575 0.8326 -0.5310
vn 0.9977 -0.0233 0.0629
vn -0.1576 0.4763 0.8650
vn -0.1576 0.4764 0.8650
vn -0.9962 0.0075 -0.0863
vn 0.1894 -0.4770 -0.8583
vn 0.1894 -0.4773 -0.8581
vn 0.1894 -0.4769 -0.8583
vn 0.9963 0.0003 0.0861
vn -0.9963 -0.0003 -0.0861
vn -0.0079 -0.9977 0.0668
vn 0.6461 0.1527 0.7479
vn 0.6460 0.1527 0.7479
vn 0.0078 0.9977 -0.0668
vn 0.0079 0.9977 -0.0669
vn 0.0080 0.9977 -0.0669
vn -0.6423 -0.1518 -0.7513
vn -0.0000 -0.9983 0.0590
vn -0.6298 0.1448 0.7631
vn -0.6299 0.1448 0.7631
vn -0.0000 0.9983 -0.0590
vn 0.6298 -0.1448 -0.7631
vn -0.0000 -0.9978 0.0669
vn 0.6070 0.1529 0.7798
vn -0.0000 0.9983 -0.0591
vn -0.6070 -0.1529 -0.7798
vn -0.0000 -0.9983 0.0591
vn 0.0001 -0.9983 0.0590
vn -0.5983 0.1527 0.7866
vn 0.5983 -0.1527 -0.7866
vn 0.5983 -0.1528 -0.7866
vn 0.0079 -0.9982 0.0590
vn 0.6604 0.1366 0.7384
vn -0.0079 0.9982 -0.0590
vn -0.6604 -0.1366 -0.7384
vn -0.0079 -0.9987 0.0512
vn 0.0079 0.9987 -0.0512
vn -0.0079 -0.9977 0.0669
vn -0.0080 -0.9977 0.0670
vn 0.0079 0.9977 -0.0668
vn 0.0075 0.9977 -0.0672
vn -0.6461 -0.1527 -0.7479
vn -0.6460 -0.1527 -0.7479
vn 0.0157 -0.9986 0.0512
vn -0.6390 0.1372 0.7568
vn -0.0157 0.9986 -0.0512
vn 0.6390 -0.1372 -0.7568
vn -0.0236 -0.9980 0.0590
vn 0.6305 0.1371 0.7640
vn 0.0236 0.9980 -0.0590
vn -0.6305 -0.1371 -0.7640
vn 0.0236 -0.9980 0.0590
vn -0.6200 0.1130 0.7765
vn -0.0236 0.9980 -0.0590
vn 0.6200 -0.1130 -0.7765
vn 0.6220 0.1369 0.7710
vn 0.6220 0.1370 0.7709
vn -0.6220 -0.1369 -0.7710
vn -0.6219 -0.1369 -0.7710
vn -0.6220 -0.1370 -0.7710
vn -0.0078 -0.9977 0.0669
vn 0.6468 0.1450 0.7488
vn 0.0078 0.9977 -0.0669
vn -0.6468 -0.1450 -0.7488
vn 0.0236 -0.9980 0.0591
vn -0.6046 0.1367 0.7847
vn -0.6046 0.1366 0.7847
vn 0.6046 -0.1366 -0.7847
vn 0.6046 -0.1367 -0.7847
vn -0.0000 -0.9959 0.0907
vn -0.0000 -0.9959 0.0902
vn -0.0000 0.0903 0.9959
vn -0.0000 0.0907 0.9959
vn -0.0000 0.9959 -0.0907
vn -0.0000 -0.0907 -0.9959
vn -0.0000 -0.0902 -0.9959
vn -0.0157 -0.9976 0.0668
vn -0.0157 -0.9976 0.0669
vn -0.8314 0.1825 0.5248
vn 0.0157 0.9971 -0.0747
vn 0.8314 -0.1825 -0.5248
vn -0.5420 -0.0034 -0.8404
vn 0.5420 0.0034 0.8404
vn 0.0315 -0.9929 0.1144
vn 0.0315 -0.9929 0.1143
vn 0.8797 0.0648 0.4710
vn 0.8797 0.0647 0.4711
vn -0.0315 0.9930 -0.1142
vn -0.0315 0.9929 -0.1144
vn -0.0315 0.9929 -0.1143
vn -0.8797 -0.0647 -0.4711
vn -0.8797 -0.0647 -0.4710
vn -0.8798 -0.0647 -0.4710
vn -0.5510 0.0034 0.8345
vn -0.5510 0.0033 0.8345
vn 0.5510 -0.0033 -0.8345
vn 0.5510 -0.0034 -0.8345
vn -0.0316 -0.9938 0.1066
vn 0.4805 0.2161 0.8499
vn 0.0237 0.9948 -0.0988
vn -0.4744 -0.2169 -0.8532
vn -0.4744 -0.2170 -0.8531
vn -0.8922 0.0413 0.4498
vn -0.8921 0.0413 0.4499
vn 0.8897 -0.0018 -0.4566
vn 0.8896 -0.0018 -0.4567
vn -0.0000 0.0434 0.9991
vn -0.0000 0.9959 -0.0902
vn -0.0000 -0.0434 -0.9991
vn -0.0395 -0.9943 0.0987
vn -0.8802 0.0569 0.4713
vn -0.8801 0.0569 0.4713
vn 0.0474 0.9947 -0.0909
vn 0.8801 -0.0569 -0.4713
vn 0.5510 0.0033 0.8345
vn 0.5510 0.0034 0.8345
vn -0.5510 -0.0033 -0.8345
vn -0.5510 -0.0034 -0.8345
vn -0.0000 -0.9951 0.0988
vn 0.8348 0.1596 0.5270
vn 0.8347 0.1596 0.5270
vn -0.0000 0.9951 -0.0988
vn -0.8348 -0.1596 -0.5270
vn 0.5420 -0.0034 -0.8404
vn -0.5420 0.0034 0.8404
vn 0.0078 -0.9977 0.0669
vn 0.0079 -0.9977 0.0668
vn -0.4729 0.1611 0.8663
vn -0.4729 0.1610 0.8663
vn -0.0078 0.9977 -0.0669
vn -0.0079 0.9977 -0.0668
vn 0.4729 -0.1611 -0.8663
vn 0.8897 0.0018 0.4566
vn -0.8897 -0.0018 -0.4566
vn -0.8897 -0.0018 -0.4565
vn -0.8896 -0.0018 -0.4567
vn -0.0000 -0.9959 0.0903
vn -0.0000 0.0355 0.9994
vn -0.0000 0.0356 0.9994
vn -0.0000 0.9959 -0.0903
vn -0.0000 -0.0355 -0.9994
vn -0.0079 0.9982 0.0588
vn -0.0076 0.9982 0.0592
vn 0.6461 -0.1467 0.7491
vn 0.6460 -0.1467 0.7491
vn 0.0078 -0.9982 -0.0589
vn 0.0079 -0.9982 -0.0589
vn -0.6423 0.1458 -0.7525
vn -0.0000 0.9987 0.0510
vn -0.6299 -0.1386 0.7642
vn -0.6298 -0.1386 0.7642
vn -0.0000 -0.9987 -0.0510
vn 0.6298 0.1387 -0.7643
vn 0.6298 0.1387 -0.7642
vn 0.6299 0.1386 -0.7642
vn -0.0000 0.9983 0.0587
vn -0.0000 0.9983 0.0588
vn 0.6070 -0.1467 0.7810
vn 0.6070 -0.1466 0.7810
vn -0.6070 0.1467 -0.7810
vn -0.6070 0.1466 -0.7810
vn 0.0001 0.9987 0.0510
vn -0.5983 -0.1464 0.7878
vn -0.5983 -0.1465 0.7878
vn -0.0001 -0.9987 -0.0510
vn 0.0001 -0.9987 -0.0510
vn 0.5983 0.1464 -0.7878
vn 0.0079 0.9987 0.0510
vn 0.0080 0.9987 0.0510
vn 0.6604 -0.1307 0.7395
vn -0.0079 -0.9987 -0.0510
vn -0.6604 0.1307 -0.7395
vn -0.0079 0.9990 0.0432
vn -0.6298 -0.1387 0.7643
vn -0.6298 -0.1387 0.7642
vn 0.0079 -0.9990 -0.0432
vn 0.6298 0.1386 -0.7643
vn -0.0080 0.9982 0.0590
vn -0.0078 0.9982 0.0588
vn -0.0081 0.9982 0.0590
vn -0.0080 0.9982 0.0591
vn 0.0075 -0.9982 -0.0592
vn 0.0078 -0.9982 -0.0588
vn -0.6461 0.1467 -0.7491
vn 0.0157 0.9989 0.0432
vn -0.6390 -0.1311 0.7579
vn -0.0157 -0.9989 -0.0432
vn 0.6390 0.1311 -0.7579
vn -0.0236 0.9984 0.0510
vn -0.0234 0.9984 0.0510
vn 0.6318 -0.1154 0.7665
vn 0.0236 -0.9984 -0.0510
vn -0.6318 0.1154 -0.7665
vn 0.0236 0.9984 0.0510
vn -0.6200 -0.1067 0.7773
vn 0.0079 -0.9958 -0.0908
vn 0.6150 0.1546 -0.7733
vn 0.6220 -0.1307 0.7720
vn 0.6219 -0.1307 0.7721
vn 0.6220 -0.1307 0.7721
vn -0.6220 0.1308 -0.7720
vn -0.6219 0.1307 -0.7721
vn -0.0079 0.9982 0.0589
vn 0.6468 -0.1390 0.7499
vn 0.0079 -0.9982 -0.0588
vn -0.6468 0.1390 -0.7499
vn -0.6046 -0.1303 0.7858
vn -0.0236 -0.9984 -0.0510
vn 0.6046 0.1303 -0.7858
vn 0.6046 0.1304 -0.7858
vn -0.0000 0.9966 0.0827
vn -0.0000 -0.1065 0.9943
vn -0.0000 -0.1064 0.9943
vn -0.0000 -0.9996 -0.0275
vn -0.0000 0.0827 -0.9966
vn -0.0157 0.9981 0.0589
vn -0.0157 0.9981 0.0588
vn -0.8347 -0.1554 0.5283
vn -0.8348 -0.1554 0.5282
vn 0.0157 -0.9981 -0.0589
vn 0.0157 -0.9981 -0.0588
vn 0.8347 0.1554 -0.5283
vn 0.8348 0.1554 -0.5282
vn -0.5419 -0.0034 -0.8404
vn 0.0315 0.9938 0.1064
vn 0.0315 0.9938 0.1063
vn 0.8808 -0.0925 0.4644
vn -0.0395 -0.9943 -0.0986
vn -0.0394 -0.9943 -0.0986
vn -0.8808 0.0925 -0.4644
vn -0.5539 -0.0521 0.8310
vn -0.5542 -0.0518 0.8308
vn -0.5540 -0.0520 0.8309
vn 0.5506 0.0360 -0.8340
vn -0.0316 0.9946 0.0986
vn 0.4803 -0.1776 0.8589
vn 0.4803 -0.1777 0.8589
vn 0.0316 -0.9946 -0.0986
vn -0.4803 0.1776 -0.8589
vn -0.4803 0.1777 -0.8589
vn -0.8894 -0.0218 0.4566
vn -0.0000 0.9966 0.0821
vn -0.0000 0.9966 0.0820
vn -0.0000 -0.0590 0.9983
vn -0.0000 -0.0589 0.9983
vn -0.0000 -0.0588 0.9983
vn -0.0000 -0.9966 -0.0822
vn -0.0000 -0.9966 -0.0821
vn -0.0000 -0.9966 -0.0820
vn -0.0000 0.0589 -0.9983
vn -0.0000 0.0588 -0.9983
vn -0.0000 0.0590 -0.9983
vn -0.0395 0.9951 0.0907
vn -0.8764 -0.0849 0.4741
vn -0.8764 -0.0850 0.4741
vn 0.0395 -0.9951 -0.0907
vn 0.8764 0.0849 -0.4741
vn 0.8764 0.0850 -0.4741
vn 0.5509 -0.0202 0.8343
vn -0.5509 0.0203 -0.8343
vn -0.5509 0.0201 -0.8343
vn -0.5509 0.0202 -0.8343
vn 0.0001 0.9966 0.0823
vn -0.0000 0.9966 0.0823
vn 0.8347 -0.1554 0.5283
vn 0.8347 -0.1553 0.5283
vn 0.8348 -0.1554 0.5282
vn -0.0001 -0.9966 -0.0823
vn -0.0000 -0.9966 -0.0823
vn -0.0002 -0.9966 -0.0823
vn -0.8347 0.1553 -0.5283
vn -0.8347 0.1554 -0.5283
vn 0.0236 0.9980 0.0588
vn -0.4729 -0.1541 0.8675
vn -0.0079 -0.9958 -0.0908
vn -0.0080 -0.9958 -0.0909
vn 0.4581 0.3363 -0.8228
vn 0.4581 0.3364 -0.8228
vn 0.8602 0.1912 0.4727
vn 0.8602 0.1914 0.4727
vn -0.0000 -0.0353 0.9994
vn -0.0000 -0.0354 0.9994
vn -0.0000 -0.9966 -0.0827
vn -0.0000 0.0354 -0.9994
vn -0.0000 0.0353 -0.9994
vn -0.0000 -0.9966 0.0825
vn -0.0000 -0.9966 0.0826
vn -0.9968 0.0003 0.0796
vn -0.9969 0.0003 0.0786
vn -0.9969 0.0003 0.0785
vn -0.9967 0.0003 0.0812
vn 0.9969 -0.0003 -0.0786
vn 0.9968 -0.0003 -0.0796
vn 0.9967 -0.0003 -0.0812
vn -0.0000 0.9966 -0.0826
vn -0.0000 0.9966 -0.0825
vn 0.9969 -0.0003 -0.0785
vn -0.0000 -0.9972 0.0747
vn -0.0000 -0.9972 0.0746
vn -0.9975 0.0003 0.0707
vn -0.0000 0.9972 -0.0747
vn 0.9975 -0.0003 -0.0707
vn -0.0000 0.9972 -0.0746
vn -0.9962 0.0003 0.0870
vn 0.9962 -0.0003 -0.0870
vn 0.9962 -0.0003 -0.0869
vn 0.9968 0.0003 0.0796
vn 0.9969 0.0003 0.0785
vn 0.9969 0.0003 0.0786
vn 0.9967 0.0003 0.0812
vn -0.9968 -0.0003 -0.0796
vn -0.9969 -0.0003 -0.0786
vn -0.9969 -0.0003 -0.0785
vn -0.9967 -0.0003 -0.0812
vn 0.9975 0.0003 0.0707
vn -0.9975 -0.0003 -0.0707
vn 0.9962 0.0003 0.0870
vn -0.9962 -0.0003 -0.0869
vn -0.9962 -0.0003 -0.0870
vn -0.0000 0.9972 0.0746
vn -0.0000 0.9972 0.0745
vn -0.0000 -0.9972 -0.0745
vn -0.0000 0.9978 0.0666
vn -0.0000 0.9978 0.0667
vn -0.0000 -0.9978 -0.0667
vn -0.0000 -0.9978 -0.0665
vn -0.0000 -0.9978 -0.0666
vn -0.0000 -0.9959 -0.0908
vn -0.0000 -0.9959 -0.0907
vn -0.0000 0.9959 0.0908
vn -0.0000 0.9959 0.0907
vn -0.0000 -0.9972 -0.0746
vn -0.6870 0.6860 -0.2397
vn -0.7071 0.7071 -0.0028
vn -0.0000 0.9705 -0.2409
vn 0.6870 0.6860 -0.2397
vn 0.7071 0.7071 -0.0028
vn 0.9715 -0.0009 -0.2369
vn 0.6870 -0.6879 -0.2341
vn 0.7071 -0.7071 0.0028
vn -0.0000 -0.9725 -0.2330
vn -0.6870 -0.6879 -0.2341
vn -0.7071 -0.7071 0.0028
vn -0.9715 -0.0009 -0.2370
vn 0.4809 -0.4779 0.7351
vn 0.6832 0.0029 0.7303
vn 0.4809 0.4839 0.7312
vn -0.0000 0.6861 0.7275
vn -0.4809 0.4838 0.7312
vn -0.6832 0.0029 0.7303
vn -0.4809 -0.4779 0.7351
vn -0.0000 -0.6802 0.7330
vn 0.6774 0.1289 0.7242
vn 0.6552 -0.1451 -0.7414
vn 0.6552 -0.1450 -0.7414
vn -0.0000 -0.9987 0.0513
vn -0.0000 -0.9987 0.0512
vn -0.0000 0.0042 1.0000
vn -0.0001 0.0040 1.0000
vn 0.0001 0.0040 1.0000
vn -0.0000 -0.9991 -0.0432
vn -0.0000 -0.9991 -0.0431
vn -0.0000 -0.9991 -0.0433
vn 0.9989 0.0002 0.0472
vn -0.9984 -0.0155 0.0551
vn -0.1261 0.6745 -0.7274
vn -0.1260 0.6745 -0.7274
vn 0.9984 -0.0155 0.0551
vn -0.9984 0.0155 -0.0551
vn 0.1261 0.6745 -0.7274
vn 0.1260 0.6745 -0.7274
vn 0.1420 -0.6581 -0.7394
vn 0.1421 -0.6581 -0.7394
vn 0.0157 -0.9981 0.0591
vn 0.0157 -0.9981 0.0590
vn -0.6774 -0.1289 -0.7242
vn -0.6774 -0.1290 -0.7242
vn 0.0157 0.9986 0.0510
vn -0.0157 -0.9986 -0.0509
vn -0.0157 -0.9986 -0.0510
vn 0.6552 0.1391 -0.7425
vn 0.6552 0.1391 -0.7426
vn -0.9989 0.0002 0.0472
vn 0.9989 -0.0002 -0.0472
vn -0.0000 0.9991 0.0432
vn -0.9989 -0.0002 -0.0472
vn -0.9715 -0.0009 -0.2369
vn 0.9715 -0.0010 -0.2370
vn -0.4809 -0.4780 0.7351
vn 0.1260 -0.6745 0.7274
vn 0.1261 -0.6745 0.7274
vn 0.9984 0.0155 -0.0551
vn -0.1421 -0.6581 -0.7394
vn -0.1420 -0.6581 -0.7394
vn -0.1421 0.6581 0.7394
vn -0.0157 0.9981 -0.0590
vn -0.6774 0.1231 -0.7252
vn -0.6552 -0.1391 0.7426
vn -0.6552 -0.1391 0.7425
vn -0.0000 0.9987 -0.0512
vn -0.0000 0.9987 -0.0513
vn 0.0003 0.0040 1.0000
vn -0.0000 0.0038 1.0000
vn 0.1421 0.6581 0.7394
vn 0.1422 0.6582 0.7393
vn -0.1261 -0.6745 0.7274
vn -0.1260 -0.6745 0.7274
vn -0.6552 0.1450 0.7414
vn -0.6552 0.1451 0.7414
vn 0.6774 -0.1231 0.7252
vn -0.0003 0.0039 1.0000
vn -0.6150 -0.0032 -0.7885
vn -0.3313 0.3277 -0.8848
vn -0.4661 -0.0036 -0.8847
vn -0.4342 0.4310 -0.7910
vn -0.9955 -0.0004 -0.0949
vn -0.0000 0.6119 -0.7910
vn -0.0000 0.4625 -0.8866
vn 0.3313 0.3277 -0.8848
vn -0.7039 0.7035 -0.0978
vn -0.0000 0.9951 -0.0987
vn -0.4566 0.4596 0.7617
vn -0.6456 0.0031 0.7637
vn 0.4342 0.4310 -0.7910
vn -0.6953 0.6961 0.1789
vn -0.9835 0.0007 0.1809
vn -0.0000 0.6486 0.7611
vn 0.7039 0.7035 -0.0978
vn -0.4341 0.4310 -0.7911
vn -0.9955 -0.0004 -0.0947
vn 0.4566 0.4596 0.7617
vn 0.9955 -0.0004 -0.0947
vn 0.6150 -0.0032 -0.7885
vn 0.4661 -0.0036 -0.8847
vn 0.4341 -0.4373 -0.7876
vn 0.3313 -0.3348 -0.8821
vn 0.6456 0.0031 0.7637
vn -0.0000 -0.6182 -0.7860
vn -0.0000 -0.4695 -0.8829
vn -0.3313 -0.3348 -0.8821
vn 0.7039 -0.7043 -0.0922
vn -0.4341 -0.4373 -0.7876
vn -0.0000 -0.9959 -0.0909
vn -0.7039 -0.7043 -0.0921
vn -0.4566 -0.4535 0.7654
vn 0.4566 -0.4535 0.7654
vn -0.0000 -0.6425 0.7663
vn -0.6953 -0.6946 0.1845
vn -0.0000 -0.9828 0.1849
vn 0.6953 -0.6946 0.1845
vn 0.9835 0.0007 0.1809
vn 0.6953 0.6961 0.1789
vn -0.0000 0.9842 0.1770
vn 0.4342 0.4310 -0.7911
vn 0.9955 -0.0004 -0.0949
vn 0.7039 0.7035 -0.0977
vn -0.9955 -0.0004 -0.0948
vn -0.0000 0.6119 -0.7909
vn -0.7039 0.7035 -0.0977
vn -0.4566 0.4597 0.7617
vn 0.4341 0.4310 -0.7911
vn -0.4265 0.4297 0.7959
vn -0.6063 0.0032 0.7952
vn -0.0000 0.6095 0.7928
vn 0.4265 0.4297 0.7959
vn 0.6063 0.0032 0.7952
vn 0.9955 -0.0004 -0.0948
vn 0.4265 -0.4233 0.7993
vn -0.0000 -0.6031 0.7977
vn 0.7039 -0.7043 -0.0921
vn -0.4265 -0.4233 0.7993
vn 0.4566 0.4597 0.7617
vn -0.6151 -0.0032 -0.7885
vn -0.7039 -0.7043 -0.0920
vn 0.7039 -0.7043 -0.0920
vn -0.6954 -0.6946 0.1845
vt 0.443604 0.755737
vt 0.498535 0.751221
vt 0.498535 0.756104
vt 0.443604 0.750977
vt 0.443604 0.762085
vt 0.498535 0.763794
vt 0.443604 0.763428
vt 0.498535 0.762329
vt 0.498535 0.757568
vt 0.443604 0.757202
vt 0.442139 0.757202
vt 0.442139 0.762085
vt 0.500000 0.756104
vt 0.500000 0.751221
vt 0.589355 0.386719
vt 0.644043 0.382324
vt 0.644043 0.387207
vt 0.589355 0.382324
vt 0.588867 0.393066
vt 0.644043 0.395020
vt 0.588867 0.394531
vt 0.644043 0.393555
vt 0.644043 0.388672
vt 0.589355 0.388184
vt 0.587891 0.388184
vt 0.587891 0.393066
vt 0.645508 0.387207
vt 0.645508 0.382324
vt 0.390869 0.940491
vt 0.488281 0.940613
vt 0.484375 0.945282
vt 0.387207 0.945801
vt 0.488281 0.950806
vt 0.390869 0.953064
vt 0.390869 0.952057
vt 0.488525 0.951721
vt 0.484131 0.946198
vt 0.387207 0.946808
vt 0.386230 0.947418
vt 0.390137 0.952698
vt 0.489014 0.941223
vt 0.484863 0.945923
vt 0.481201 0.965881
vt 0.572266 0.960754
vt 0.576660 0.965607
vt 0.477783 0.960571
vt 0.576660 0.966431
vt 0.481201 0.966736
vt 0.572266 0.971298
vt 0.477539 0.972076
vt 0.572266 0.959900
vt 0.477539 0.959717
vt 0.573242 0.971802
vt 0.577148 0.966919
vt 0.477051 0.971542
vt 0.480469 0.966217
vt 0.051819 0.422363
vt 0.133423 0.422363
vt 0.129028 0.426758
vt 0.047455 0.427246
vt 0.133423 0.432129
vt 0.051849 0.434082
vt 0.051758 0.433105
vt 0.133545 0.433105
vt 0.129028 0.427734
vt 0.047363 0.428223
vt 0.046692 0.428711
vt 0.051056 0.433594
vt 0.134033 0.423340
vt 0.129639 0.427734
vt 0.302490 0.401367
vt 0.377930 0.396484
vt 0.382324 0.401367
vt 0.298096 0.396973
vt 0.382324 0.401855
vt 0.302246 0.402344
vt 0.377930 0.406738
vt 0.298096 0.407227
vt 0.377930 0.395996
vt 0.298096 0.395996
vt 0.378418 0.407227
vt 0.383057 0.402832
vt 0.297607 0.406738
vt 0.301758 0.401855
vt 0.251221 0.200684
vt 0.297852 0.201660
vt 0.291992 0.207031
vt 0.248291 0.206055
vt 0.250977 0.212891
vt 0.297607 0.214355
vt 0.250977 0.213867
vt 0.297607 0.213379
vt 0.292236 0.208008
vt 0.248291 0.207520
vt 0.247192 0.208008
vt 0.250000 0.213379
vt 0.298584 0.202637
vt 0.292725 0.207520
vt 0.414551 0.599121
vt 0.456055 0.593506
vt 0.457031 0.599609
vt 0.411377 0.593994
vt 0.411377 0.605469
vt 0.456055 0.606689
vt 0.456055 0.607910
vt 0.411133 0.606689
vt 0.414551 0.600342
vt 0.457031 0.600830
vt 0.413574 0.599609
vt 0.410156 0.604736
vt 0.457275 0.593506
vt 0.458252 0.599365
vt 0.364746 0.285645
vt 0.241455 0.285645
vt 0.364258 0.281250
vt 0.240723 0.280762
vt 0.240845 0.275391
vt 0.364258 0.276367
vt 0.368408 0.281250
vt 0.365234 0.279785
vt 0.368652 0.279785
vt 0.364746 0.287109
vt 0.241455 0.287598
vt 0.240967 0.274414
vt 0.364502 0.274902
vt 0.365479 0.276367
vt 0.240845 0.270508
vt 0.364502 0.270996
vt 0.364502 0.290527
vt 0.240845 0.291016
vt 0.477295 0.178711
vt 0.346436 0.179199
vt 0.475830 0.173828
vt 0.345215 0.174316
vt 0.345703 0.169434
vt 0.476318 0.169922
vt 0.480957 0.174805
vt 0.477295 0.172852
vt 0.480957 0.173340
vt 0.346680 0.180664
vt 0.477539 0.180176
vt 0.346191 0.167969
vt 0.476807 0.168457
vt 0.477783 0.169922
vt 0.476562 0.165039
vt 0.345703 0.164062
vt 0.476562 0.183594
vt 0.345703 0.184082
vt 0.417480 0.487305
vt 0.450928 0.489258
vt 0.447021 0.493164
vt 0.413818 0.492188
vt 0.417236 0.498535
vt 0.450439 0.500000
vt 0.416992 0.499512
vt 0.450684 0.498535
vt 0.447021 0.494141
vt 0.413818 0.493164
vt 0.416260 0.499023
vt 0.412842 0.494141
vt 0.451660 0.490234
vt 0.447754 0.494141
vt 0.507812 0.542969
vt 0.538086 0.538086
vt 0.540039 0.543701
vt 0.503418 0.538574
vt 0.503418 0.548584
vt 0.538086 0.550537
vt 0.538086 0.551514
vt 0.503418 0.550049
vt 0.507812 0.544434
vt 0.540039 0.544678
vt 0.506836 0.543457
vt 0.502441 0.547852
vt 0.539062 0.537598
vt 0.541016 0.543457
vt 0.511719 0.707031
vt 0.524414 0.709229
vt 0.522461 0.713623
vt 0.510742 0.711914
vt 0.522949 0.720459
vt 0.509766 0.719238
vt 0.510254 0.718018
vt 0.522949 0.719482
vt 0.522461 0.714600
vt 0.510742 0.713135
vt 0.508789 0.718018
vt 0.509277 0.712891
vt 0.523438 0.714111
vt 0.525391 0.709717
vt 0.625488 0.484375
vt 0.646973 0.479980
vt 0.650391 0.484863
vt 0.620605 0.480957
vt 0.646973 0.490723
vt 0.620117 0.489746
vt 0.620117 0.488770
vt 0.646973 0.491699
vt 0.625488 0.485352
vt 0.650391 0.485840
vt 0.619629 0.487793
vt 0.625000 0.484375
vt 0.651367 0.484375
vt 0.647949 0.479004
vt 0.624512 0.584473
vt 0.578125 0.583496
vt 0.618652 0.589355
vt 0.575195 0.588623
vt 0.577637 0.595459
vt 0.624512 0.597168
vt 0.624512 0.595947
vt 0.577637 0.596680
vt 0.619141 0.590576
vt 0.575195 0.590088
vt 0.573730 0.590576
vt 0.576660 0.595947
vt 0.625488 0.585449
vt 0.619629 0.590332
vt 0.382812 0.458984
vt 0.341309 0.464355
vt 0.383789 0.464844
vt 0.338135 0.459473
vt 0.338135 0.471191
vt 0.382568 0.473633
vt 0.382812 0.472168
vt 0.337891 0.472168
vt 0.341309 0.465820
vt 0.383789 0.466309
vt 0.340332 0.465332
vt 0.336914 0.470215
vt 0.384033 0.458984
vt 0.385010 0.464844
vt 0.451172 0.991707
vt 0.574707 0.991440
vt 0.573730 0.987190
vt 0.450439 0.986671
vt 0.450439 0.981445
vt 0.573730 0.981964
vt 0.578125 0.985764
vt 0.575195 0.985794
vt 0.578125 0.987320
vt 0.574707 0.992989
vt 0.451172 0.993267
vt 0.450684 0.980011
vt 0.574219 0.980743
vt 0.575195 0.981979
vt 0.574219 0.976929
vt 0.450439 0.976196
vt 0.574219 0.996180
vt 0.450439 0.997000
vt 0.861816 0.543457
vt 0.992676 0.543213
vt 0.991211 0.538330
vt 0.860352 0.538574
vt 0.861328 0.533691
vt 0.992188 0.534180
vt 0.996582 0.539062
vt 0.992676 0.537354
vt 0.996582 0.537842
vt 0.862305 0.544922
vt 0.993164 0.544434
vt 0.992188 0.532715
vt 0.861816 0.532227
vt 0.993164 0.534424
vt 0.992188 0.529541
vt 0.861328 0.528564
vt 0.992188 0.548096
vt 0.861328 0.548584
vt 0.497559 0.556885
vt 0.464111 0.555176
vt 0.493652 0.561035
vt 0.460449 0.559814
vt 0.463867 0.565918
vt 0.497314 0.567383
vt 0.497314 0.566406
vt 0.463867 0.567139
vt 0.493896 0.562012
vt 0.460693 0.561035
vt 0.462891 0.566650
vt 0.459473 0.561523
vt 0.498291 0.557617
vt 0.494629 0.561768
vt 0.498047 0.538086
vt 0.467529 0.542969
vt 0.499756 0.543701
vt 0.463379 0.538574
vt 0.463379 0.548828
vt 0.497803 0.551514
vt 0.497803 0.550537
vt 0.463135 0.550049
vt 0.467529 0.544434
vt 0.500000 0.544678
vt 0.466553 0.543457
vt 0.462402 0.547852
vt 0.499023 0.537598
vt 0.500977 0.543457
vt 0.479736 0.799805
vt 0.491455 0.801514
vt 0.480713 0.794922
vt 0.493408 0.797119
vt 0.479004 0.805908
vt 0.491943 0.808350
vt 0.491943 0.807251
vt 0.479004 0.807129
vt 0.491211 0.802490
vt 0.479736 0.801025
vt 0.477783 0.805786
vt 0.478516 0.800781
vt 0.492432 0.801880
vt 0.494385 0.797485
vt 0.511230 0.373535
vt 0.532715 0.369141
vt 0.506348 0.370117
vt 0.535645 0.374023
vt 0.532227 0.379883
vt 0.505859 0.378906
vt 0.532227 0.380859
vt 0.505859 0.377930
vt 0.510742 0.374512
vt 0.535645 0.375000
vt 0.505371 0.376953
vt 0.510254 0.373535
vt 0.536621 0.373535
vt 0.533691 0.368164
vt 0.198364 0.397461
vt 0.293213 0.397949
vt 0.289307 0.402832
vt 0.194946 0.403320
vt 0.198364 0.409668
vt 0.293457 0.409180
vt 0.198486 0.410645
vt 0.293213 0.408203
vt 0.289307 0.403809
vt 0.194824 0.404297
vt 0.194092 0.404785
vt 0.197632 0.410156
vt 0.293945 0.398438
vt 0.290039 0.403320
vt 0.454346 0.008301
vt 0.542969 0.002930
vt 0.546875 0.008301
vt 0.451172 0.002930
vt 0.454346 0.009277
vt 0.546875 0.008789
vt 0.542969 0.014160
vt 0.451172 0.014648
vt 0.451172 0.001953
vt 0.542969 0.002441
vt 0.543945 0.014648
vt 0.547852 0.009277
vt 0.450439 0.014160
vt 0.453613 0.008789
vt 0.570801 0.660400
vt 0.651367 0.660645
vt 0.646973 0.665039
vt 0.566406 0.665283
vt 0.570801 0.672119
vt 0.651367 0.670410
vt 0.651367 0.671143
vt 0.570801 0.671143
vt 0.646973 0.666016
vt 0.566406 0.666260
vt 0.565918 0.666992
vt 0.569824 0.671875
vt 0.651855 0.661133
vt 0.647461 0.665771
vt 0.623047 0.607178
vt 0.697754 0.602051
vt 0.702148 0.606689
vt 0.618652 0.602295
vt 0.622559 0.608154
vt 0.702148 0.607910
vt 0.697754 0.612549
vt 0.618652 0.613037
vt 0.618652 0.601074
vt 0.697754 0.600830
vt 0.698730 0.613281
vt 0.703125 0.608398
vt 0.617676 0.612305
vt 0.622070 0.607422
vt 0.500488 0.831787
vt 0.555176 0.827271
vt 0.500488 0.827026
vt 0.555176 0.832031
vt 0.500488 0.839478
vt 0.555176 0.839722
vt 0.500488 0.838013
vt 0.555176 0.838379
vt 0.555176 0.833496
vt 0.500488 0.833252
vt 0.499023 0.833252
vt 0.499023 0.838013
vt 0.556641 0.832153
vt 0.556641 0.827271
vt 0.249512 0.224121
vt 0.304443 0.219238
vt 0.249634 0.219238
vt 0.304443 0.224121
vt 0.249512 0.231445
vt 0.304443 0.231934
vt 0.249512 0.229980
vt 0.304443 0.230469
vt 0.304443 0.225586
vt 0.249512 0.225586
vt 0.248169 0.225586
vt 0.248047 0.229980
vt 0.305908 0.224121
vt 0.305908 0.219238
vt 0.521973 0.070801
vt 0.424805 0.070801
vt 0.518066 0.075684
vt 0.420898 0.076172
vt 0.424805 0.083496
vt 0.521973 0.081055
vt 0.424805 0.082520
vt 0.521973 0.082031
vt 0.518066 0.076660
vt 0.420898 0.077148
vt 0.420166 0.077637
vt 0.424072 0.083008
vt 0.522949 0.071289
vt 0.518555 0.076172
vt 0.851074 0.419922
vt 0.759277 0.424805
vt 0.854980 0.424805
vt 0.755859 0.419434
vt 0.759277 0.425781
vt 0.854980 0.425293
vt 0.755859 0.431152
vt 0.850586 0.430176
vt 0.850586 0.418945
vt 0.755859 0.418945
vt 0.851562 0.430664
vt 0.855469 0.425781
vt 0.755371 0.430664
vt 0.758789 0.425293
vt 0.734863 0.384277
vt 0.653320 0.383789
vt 0.730469 0.388184
vt 0.648926 0.388672
vt 0.653320 0.395508
vt 0.734863 0.393555
vt 0.653320 0.394531
vt 0.734863 0.394531
vt 0.730469 0.389160
vt 0.648926 0.389648
vt 0.647949 0.390625
vt 0.652344 0.395020
vt 0.735352 0.384766
vt 0.730957 0.389160
vt 0.672363 0.635498
vt 0.597168 0.640381
vt 0.677246 0.640137
vt 0.592773 0.635742
vt 0.597168 0.641357
vt 0.677246 0.640869
vt 0.592773 0.645996
vt 0.672363 0.645508
vt 0.672363 0.634766
vt 0.592773 0.634766
vt 0.673340 0.645996
vt 0.677734 0.641602
vt 0.592285 0.645508
vt 0.596680 0.640625
vt 0.361084 0.523926
vt 0.314209 0.522949
vt 0.355225 0.529053
vt 0.311279 0.528320
vt 0.360840 0.535400
vt 0.314209 0.534912
vt 0.360840 0.536621
vt 0.313965 0.536133
vt 0.355225 0.530273
vt 0.311523 0.529541
vt 0.310303 0.530029
vt 0.312988 0.535400
vt 0.361816 0.524902
vt 0.355957 0.530029
vt 0.535645 0.622070
vt 0.494141 0.627441
vt 0.536621 0.627930
vt 0.490967 0.622314
vt 0.535645 0.635010
vt 0.490967 0.633789
vt 0.535645 0.636230
vt 0.490967 0.635254
vt 0.536621 0.629150
vt 0.494385 0.628662
vt 0.493164 0.628174
vt 0.489746 0.633057
vt 0.537109 0.621826
vt 0.537598 0.627930
vt 0.673340 0.273926
vt 0.796875 0.273926
vt 0.796387 0.269531
vt 0.672852 0.269043
vt 0.672852 0.263672
vt 0.796387 0.264160
vt 0.800781 0.269531
vt 0.797363 0.268066
vt 0.800781 0.268066
vt 0.673340 0.275391
vt 0.796875 0.275391
vt 0.796387 0.263184
vt 0.672852 0.262207
vt 0.797363 0.264160
vt 0.672852 0.258301
vt 0.796875 0.259277
vt 0.796875 0.278320
vt 0.672852 0.279297
vt 0.861816 0.456543
vt 0.992676 0.456543
vt 0.991211 0.451660
vt 0.860352 0.451660
vt 0.861328 0.446777
vt 0.991699 0.447266
vt 0.996582 0.452148
vt 0.992676 0.450684
vt 0.996582 0.450684
vt 0.862305 0.458008
vt 0.992676 0.457520
vt 0.861328 0.445312
vt 0.992188 0.445801
vt 0.993164 0.447266
vt 0.991699 0.442871
vt 0.861328 0.441406
vt 0.991699 0.460938
vt 0.861328 0.461914
vt 0.531738 0.479492
vt 0.564941 0.480469
vt 0.535645 0.474609
vt 0.568848 0.476562
vt 0.568848 0.485840
vt 0.535156 0.485352
vt 0.568359 0.486816
vt 0.535156 0.486816
vt 0.564941 0.481445
vt 0.531738 0.480469
vt 0.534180 0.486328
vt 0.530762 0.480957
vt 0.569824 0.477051
vt 0.565918 0.481445
vt 0.468750 0.459473
vt 0.438232 0.464355
vt 0.470459 0.464844
vt 0.434082 0.459961
vt 0.468506 0.471680
vt 0.433838 0.470215
vt 0.468506 0.472656
vt 0.433838 0.471191
vt 0.470459 0.466309
vt 0.437988 0.465820
vt 0.437256 0.464844
vt 0.433105 0.469238
vt 0.469727 0.458984
vt 0.471680 0.464844
vt 0.523438 0.916077
vt 0.510742 0.913940
vt 0.521484 0.920471
vt 0.509766 0.918823
vt 0.521973 0.926331
vt 0.509277 0.924988
vt 0.521973 0.927368
vt 0.508789 0.926147
vt 0.521484 0.921509
vt 0.509766 0.920044
vt 0.507812 0.924805
vt 0.508789 0.919861
vt 0.522461 0.920959
vt 0.524414 0.916565
vt 0.510742 0.490723
vt 0.489258 0.495117
vt 0.513672 0.495605
vt 0.484131 0.492188
vt 0.510254 0.501709
vt 0.483887 0.500732
vt 0.510254 0.502686
vt 0.483887 0.499512
vt 0.513672 0.497070
vt 0.489014 0.496582
vt 0.483398 0.498535
vt 0.488525 0.495605
vt 0.514648 0.495117
vt 0.511719 0.490234
vt 0.513672 0.193848
vt 0.469727 0.193359
vt 0.472656 0.187988
vt 0.519531 0.188965
vt 0.472656 0.199707
vt 0.519043 0.200684
vt 0.519043 0.201660
vt 0.472412 0.201172
vt 0.513672 0.195312
vt 0.469971 0.194336
vt 0.468750 0.195312
vt 0.471436 0.200684
vt 0.520020 0.189941
vt 0.514160 0.194824
vt 0.616211 0.398926
vt 0.574707 0.404297
vt 0.571777 0.398926
vt 0.617188 0.404785
vt 0.571289 0.410645
vt 0.616211 0.411621
vt 0.616211 0.413086
vt 0.571289 0.412109
vt 0.574707 0.405273
vt 0.617188 0.405762
vt 0.573730 0.404785
vt 0.570312 0.409668
vt 0.617676 0.398438
vt 0.618164 0.404785
vt 0.584473 0.823242
vt 0.707520 0.818726
vt 0.708008 0.822998
vt 0.583984 0.818237
vt 0.583984 0.812988
vt 0.707520 0.813477
vt 0.711914 0.818848
vt 0.708496 0.817383
vt 0.711914 0.817383
vt 0.708008 0.824585
vt 0.584961 0.824829
vt 0.584473 0.811523
vt 0.708008 0.812256
vt 0.708984 0.813477
vt 0.583984 0.807739
vt 0.708008 0.808472
vt 0.708008 0.827759
vt 0.583984 0.828613
vt 0.336426 0.882263
vt 0.465820 0.877136
vt 0.467285 0.881958
vt 0.334961 0.877380
vt 0.335693 0.872314
vt 0.466553 0.872925
vt 0.467285 0.876160
vt 0.470947 0.876526
vt 0.470947 0.877808
vt 0.336670 0.883728
vt 0.467529 0.883240
vt 0.336182 0.870972
vt 0.466797 0.871582
vt 0.467773 0.873047
vt 0.466553 0.868408
vt 0.335693 0.867310
vt 0.466553 0.886841
vt 0.335693 0.887390
vt 0.486328 0.433594
vt 0.519531 0.435059
vt 0.515625 0.439453
vt 0.482422 0.437988
vt 0.485840 0.444336
vt 0.519043 0.444824
vt 0.519043 0.445801
vt 0.485840 0.445312
vt 0.515625 0.440430
vt 0.482666 0.439453
vt 0.484863 0.444824
vt 0.481445 0.439941
vt 0.520020 0.436035
vt 0.516602 0.439941
vt 0.592285 0.491211
vt 0.561523 0.496582
vt 0.557617 0.492188
vt 0.594238 0.497070
vt 0.557617 0.501953
vt 0.592285 0.503662
vt 0.591797 0.504883
vt 0.557617 0.503174
vt 0.561523 0.497559
vt 0.594238 0.498047
vt 0.560547 0.497070
vt 0.556641 0.501221
vt 0.593262 0.491211
vt 0.595215 0.496582
vt 0.507812 0.086426
vt 0.518555 0.092773
vt 0.507324 0.091309
vt 0.520996 0.088379
vt 0.506348 0.097168
vt 0.519531 0.098633
vt 0.519043 0.099609
vt 0.506348 0.098633
vt 0.518555 0.093750
vt 0.506836 0.092285
vt 0.505371 0.097168
vt 0.505859 0.092285
vt 0.519531 0.093262
vt 0.521973 0.088867
vt 0.582031 0.284668
vt 0.560547 0.289062
vt 0.555664 0.286133
vt 0.585449 0.289551
vt 0.582031 0.295898
vt 0.555176 0.294922
vt 0.555176 0.293457
vt 0.581543 0.296875
vt 0.560547 0.290527
vt 0.585449 0.291016
vt 0.554688 0.292480
vt 0.559570 0.289551
vt 0.586426 0.289062
vt 0.583008 0.284180
vt 0.245728 0.569824
vt 0.150757 0.569824
vt 0.241821 0.574707
vt 0.147339 0.575195
vt 0.150757 0.582520
vt 0.245728 0.581299
vt 0.150757 0.581543
vt 0.245728 0.580322
vt 0.241821 0.575684
vt 0.147217 0.576172
vt 0.146484 0.576660
vt 0.150024 0.582275
vt 0.246338 0.570557
vt 0.242432 0.575439
vt 0.433350 0.753784
vt 0.344482 0.759155
vt 0.437256 0.758789
vt 0.341309 0.753662
vt 0.344482 0.760010
vt 0.437256 0.759644
vt 0.341309 0.765503
vt 0.433350 0.764771
vt 0.433350 0.753052
vt 0.341064 0.752808
vt 0.434082 0.765137
vt 0.437988 0.760132
vt 0.340576 0.765015
vt 0.343750 0.759521
vt 0.401367 0.373047
vt 0.320801 0.373047
vt 0.397217 0.377441
vt 0.316650 0.377930
vt 0.320801 0.384766
vt 0.401367 0.382812
vt 0.320801 0.383789
vt 0.401611 0.383789
vt 0.396973 0.378418
vt 0.316406 0.378906
vt 0.315918 0.379395
vt 0.320068 0.384277
vt 0.402100 0.373535
vt 0.397705 0.378418
vt 0.332520 0.448242
vt 0.257568 0.453125
vt 0.336670 0.453125
vt 0.253418 0.448730
vt 0.257568 0.454590
vt 0.336670 0.454102
vt 0.253418 0.459473
vt 0.332520 0.458984
vt 0.332520 0.447266
vt 0.253418 0.447266
vt 0.333252 0.459473
vt 0.337646 0.454590
vt 0.252686 0.458496
vt 0.256592 0.453613
vt 0.005409 0.562500
vt 0.143555 0.562500
vt 0.141968 0.571777
vt 0.002995 0.571777
vt 0.005424 0.582031
vt 0.143555 0.583252
vt 0.005409 0.583252
vt 0.143677 0.582275
vt 0.141968 0.572754
vt 0.003008 0.572998
vt 0.004967 0.471191
vt 0.138672 0.461914
vt 0.140747 0.471191
vt 0.002934 0.461914
vt 0.004913 0.472656
vt 0.140747 0.472168
vt 0.138672 0.481445
vt 0.002899 0.481934
vt 0.002876 0.460938
vt 0.138672 0.460938
vt 0.194580 0.694336
vt 0.314453 0.694336
vt 0.313232 0.703613
vt 0.192505 0.703613
vt 0.194580 0.714111
vt 0.314453 0.715332
vt 0.194580 0.715332
vt 0.314453 0.714111
vt 0.313232 0.704834
vt 0.192505 0.704834
vt 0.380859 0.146484
vt 0.499023 0.136719
vt 0.500488 0.146484
vt 0.379150 0.137207
vt 0.380859 0.147461
vt 0.500488 0.147461
vt 0.499023 0.156738
vt 0.379150 0.156738
vt 0.379150 0.135742
vt 0.499023 0.135742
vt 0.879883 0.491211
vt 0.995605 0.491211
vt 0.993652 0.500244
vt 0.877441 0.500244
vt 0.879883 0.510742
vt 0.995605 0.511963
vt 0.879883 0.511963
vt 0.995605 0.510742
vt 0.993652 0.501465
vt 0.877441 0.501465
vt 0.243042 0.305664
vt 0.353516 0.296387
vt 0.355469 0.305664
vt 0.240967 0.296387
vt 0.242920 0.306641
vt 0.355469 0.306641
vt 0.353516 0.315918
vt 0.240967 0.315918
vt 0.240967 0.295410
vt 0.353516 0.294922
vt 0.412354 0.827393
vt 0.386963 0.827393
vt 0.384766 0.818237
vt 0.422852 0.818115
vt 0.639648 0.186035
vt 0.795410 0.186035
vt 0.793457 0.195312
vt 0.637207 0.195312
vt 0.639648 0.206055
vt 0.795410 0.207031
vt 0.639648 0.207031
vt 0.795410 0.206055
vt 0.793457 0.196777
vt 0.637207 0.196777
vt 0.554199 0.891479
vt 0.704590 0.882080
vt 0.706543 0.891357
vt 0.552246 0.882263
vt 0.554199 0.892639
vt 0.706543 0.892456
vt 0.704590 0.901733
vt 0.552246 0.901917
vt 0.552246 0.881104
vt 0.704590 0.880981
vt 0.005222 0.612061
vt 0.175415 0.611816
vt 0.173828 0.621338
vt 0.002991 0.621094
vt 0.005249 0.631592
vt 0.175415 0.632812
vt 0.005226 0.632812
vt 0.175415 0.631836
vt 0.173950 0.622314
vt 0.003014 0.622314
vt 0.592773 0.146484
vt 0.760254 0.137207
vt 0.762207 0.146484
vt 0.590820 0.137207
vt 0.592773 0.147949
vt 0.762207 0.147949
vt 0.760254 0.157227
vt 0.590820 0.157227
vt 0.590820 0.135742
vt 0.760254 0.135742
vt 0.243774 0.151855
vt 0.050537 0.151855
vt 0.051971 0.142578
vt 0.245972 0.142578
vt 0.243774 0.152832
vt 0.050446 0.152832
vt 0.051880 0.162109
vt 0.245850 0.162109
vt 0.245850 0.141113
vt 0.051880 0.141113
vt 0.275391 0.125977
vt 0.049622 0.125977
vt 0.050415 0.116699
vt 0.273926 0.116699
vt 0.275391 0.127441
vt 0.049530 0.127441
vt 0.050323 0.136719
vt 0.273682 0.136719
vt 0.273682 0.115723
vt 0.050323 0.115723
vt 0.994141 0.211914
vt 0.803711 0.221191
vt 0.802246 0.211914
vt 0.995605 0.221191
vt 0.994141 0.210938
vt 0.802246 0.210938
vt 0.803711 0.222656
vt 0.995605 0.222656
vt 0.994141 0.231934
vt 0.802246 0.231934
vt 0.680664 0.941833
vt 0.903809 0.932495
vt 0.906250 0.941681
vt 0.678711 0.932556
vt 0.680664 0.942963
vt 0.906250 0.942810
vt 0.903809 0.952057
vt 0.678711 0.952240
vt 0.678223 0.931458
vt 0.903809 0.931335
vt 0.053284 0.237793
vt 0.235107 0.247070
vt 0.053284 0.247070
vt 0.235107 0.237793
vt 0.053284 0.235352
vt 0.235107 0.235352
vt 0.053284 0.249023
vt 0.235107 0.258789
vt 0.053284 0.258789
vt 0.235107 0.249023
vt 0.051270 0.258789
vt 0.051270 0.249023
vt 0.237183 0.249023
vt 0.237183 0.258789
vt 0.144775 0.487793
vt 0.237061 0.487793
vt 0.144775 0.497070
vt 0.237061 0.497070
vt 0.237183 0.498047
vt 0.144897 0.498047
vt 0.237061 0.507568
vt 0.144775 0.507568
vt 0.237061 0.486328
vt 0.144775 0.486328
vt 0.143677 0.507568
vt 0.143799 0.498047
vt 0.238159 0.507568
vt 0.238281 0.498047
vt 0.993652 0.352539
vt 0.817871 0.342285
vt 0.994629 0.343262
vt 0.816895 0.351562
vt 0.817871 0.338867
vt 0.995117 0.341309
vt 0.995117 0.363770
vt 0.817871 0.364258
vt 0.994141 0.354004
vt 0.817383 0.354980
vt 0.996582 0.363281
vt 0.995605 0.354004
vt 0.814941 0.364746
vt 0.813965 0.355469
vt 0.527832 0.320801
vt 0.594727 0.330078
vt 0.527344 0.330078
vt 0.594727 0.320801
vt 0.527832 0.340820
vt 0.594727 0.341797
vt 0.527344 0.341797
vt 0.594727 0.340820
vt 0.594727 0.331543
vt 0.527344 0.331543
vt 0.595703 0.331543
vt 0.596191 0.340820
vt 0.526367 0.331543
vt 0.526367 0.340820
vt 0.495850 0.373047
vt 0.461914 0.373047
vt 0.495850 0.363281
vt 0.461914 0.363281
vt 0.495850 0.376953
vt 0.461914 0.376953
vt 0.495850 0.386719
vt 0.461914 0.386719
vt 0.495850 0.359375
vt 0.461914 0.359375
vt 0.457764 0.377441
vt 0.457764 0.386719
vt 0.500000 0.377441
vt 0.500000 0.386719
vt 0.727051 0.766602
vt 0.903320 0.756958
vt 0.903809 0.766479
vt 0.726074 0.757080
vt 0.727051 0.769897
vt 0.904297 0.769653
vt 0.903320 0.779175
vt 0.726562 0.779297
vt 0.726562 0.753906
vt 0.903320 0.753662
vt 0.907227 0.770020
vt 0.906738 0.779541
vt 0.724121 0.769653
vt 0.723145 0.779175
vt 0.597168 0.748779
vt 0.507324 0.748779
vt 0.507324 0.739258
vt 0.597168 0.739258
vt 0.507324 0.750000
vt 0.596680 0.750000
vt 0.507324 0.759399
vt 0.597168 0.759399
vt 0.507324 0.738281
vt 0.597168 0.738281
vt 0.598145 0.749756
vt 0.598145 0.759277
vt 0.506348 0.759277
vt 0.506348 0.749756
vt 0.599121 0.563965
vt 0.666016 0.554443
vt 0.666504 0.563965
vt 0.598633 0.554443
vt 0.599121 0.564941
vt 0.666504 0.564941
vt 0.666016 0.574463
vt 0.598633 0.574463
vt 0.598633 0.553223
vt 0.666016 0.553223
vt 0.667480 0.564941
vt 0.667480 0.574463
vt 0.597656 0.574219
vt 0.598145 0.564941
vt 0.464844 0.594238
vt 0.498291 0.603760
vt 0.464844 0.603760
vt 0.498291 0.594238
vt 0.464844 0.589844
vt 0.498291 0.589844
vt 0.464844 0.608154
vt 0.498291 0.617920
vt 0.464844 0.617920
vt 0.498291 0.608154
vt 0.460449 0.617676
vt 0.460449 0.607910
vt 0.502441 0.617676
vt 0.502441 0.607910
vt 0.189453 0.397461
vt 0.051178 0.397949
vt 0.187744 0.407227
vt 0.048767 0.406738
vt 0.189453 0.417480
vt 0.051208 0.417480
vt 0.189453 0.418457
vt 0.051178 0.418457
vt 0.187744 0.408203
vt 0.048798 0.408203
vt 0.781250 0.639893
vt 0.915039 0.630371
vt 0.779297 0.630615
vt 0.916992 0.639648
vt 0.781250 0.640869
vt 0.916992 0.640869
vt 0.779297 0.650146
vt 0.915039 0.650146
vt 0.779297 0.629395
vt 0.915039 0.629150
vt 0.321777 0.719971
vt 0.201904 0.719971
vt 0.320557 0.729248
vt 0.199829 0.729248
vt 0.321777 0.739746
vt 0.201904 0.739746
vt 0.321777 0.740967
vt 0.201904 0.740967
vt 0.320557 0.730469
vt 0.199829 0.730469
vt 0.831055 0.572021
vt 0.949219 0.562500
vt 0.829590 0.562744
vt 0.951172 0.572021
vt 0.831055 0.573242
vt 0.951172 0.572998
vt 0.829590 0.582520
vt 0.949219 0.582520
vt 0.829590 0.561523
vt 0.949219 0.561523
vt 0.718750 0.757446
vt 0.603516 0.757568
vt 0.717285 0.766724
vt 0.600586 0.766602
vt 0.719238 0.777222
vt 0.603516 0.777100
vt 0.718750 0.778442
vt 0.603516 0.778442
vt 0.717285 0.767944
vt 0.600586 0.767944
vt 0.191772 0.655273
vt 0.302246 0.645996
vt 0.189697 0.645996
vt 0.304199 0.655273
vt 0.191650 0.656494
vt 0.304199 0.656250
vt 0.189697 0.665771
vt 0.302246 0.665527
vt 0.189575 0.645020
vt 0.302246 0.644775
vt 0.345703 0.223145
vt 0.381592 0.213867
vt 0.343506 0.213867
vt 0.371094 0.223145
vt 0.343506 0.233398
vt 0.381836 0.233398
vt 0.345703 0.224121
vt 0.371338 0.224121
vt 0.912598 0.676025
vt 0.757812 0.676025
vt 0.911133 0.685303
vt 0.755371 0.685303
vt 0.912598 0.695801
vt 0.757812 0.695557
vt 0.912598 0.696777
vt 0.757812 0.696777
vt 0.911133 0.686279
vt 0.755371 0.686523
vt 0.004990 0.597656
vt 0.155151 0.588135
vt 0.002909 0.588379
vt 0.157227 0.597412
vt 0.004959 0.598877
vt 0.157227 0.598633
vt 0.002897 0.608154
vt 0.155151 0.607910
vt 0.002874 0.587158
vt 0.155151 0.587158
vt 0.223877 0.322754
vt 0.053741 0.322754
vt 0.222412 0.332031
vt 0.051514 0.332031
vt 0.223999 0.342285
vt 0.053772 0.342285
vt 0.223877 0.343750
vt 0.053741 0.343750
vt 0.222534 0.333008
vt 0.051544 0.333008
vt 0.238525 0.852539
vt 0.406006 0.843018
vt 0.236694 0.843262
vt 0.407715 0.852417
vt 0.238525 0.854004
vt 0.407715 0.853760
vt 0.236694 0.863281
vt 0.406006 0.863037
vt 0.236694 0.841797
vt 0.406006 0.841675
vt 0.711426 0.891541
vt 0.904785 0.891479
vt 0.712891 0.882141
vt 0.906738 0.882263
vt 0.711426 0.892639
vt 0.904785 0.892761
vt 0.712891 0.902039
vt 0.906738 0.901978
vt 0.906738 0.880981
vt 0.712891 0.881042
vt 0.002939 0.827515
vt 0.227173 0.818115
vt 0.003714 0.817993
vt 0.228882 0.827393
vt 0.002851 0.828613
vt 0.228760 0.828613
vt 0.227173 0.837891
vt 0.003633 0.838013
vt 0.227173 0.817017
vt 0.003626 0.816895
vt 0.242310 0.166992
vt 0.052307 0.176758
vt 0.244019 0.176270
vt 0.050568 0.166992
vt 0.242310 0.166016
vt 0.050537 0.166016
vt 0.244019 0.177734
vt 0.052277 0.177734
vt 0.242310 0.187012
vt 0.050568 0.187012
vt 0.769531 0.146484
vt 0.992676 0.136719
vt 0.767090 0.137207
vt 0.995117 0.145996
vt 0.769531 0.147461
vt 0.995117 0.147461
vt 0.767090 0.156738
vt 0.992676 0.156250
vt 0.767090 0.135742
vt 0.992676 0.135742
vt 0.003836 0.706787
vt 0.185669 0.706787
vt 0.003836 0.697266
vt 0.185669 0.697266
vt 0.003836 0.695068
vt 0.185669 0.695068
vt 0.003836 0.718262
vt 0.185669 0.718262
vt 0.003836 0.708740
vt 0.185669 0.708740
vt 0.001830 0.708740
vt 0.001830 0.718262
vt 0.187744 0.708740
vt 0.187744 0.718262
vt 0.667480 0.259766
vt 0.575195 0.269043
vt 0.667480 0.269043
vt 0.575195 0.259766
vt 0.667480 0.270020
vt 0.575195 0.270020
vt 0.667480 0.279785
vt 0.575195 0.279785
vt 0.667480 0.258301
vt 0.575195 0.258301
vt 0.573730 0.279785
vt 0.574219 0.270020
vt 0.668457 0.279785
vt 0.668457 0.270020
vt 0.056030 0.266113
vt 0.232056 0.275879
vt 0.232910 0.266602
vt 0.055145 0.275879
vt 0.056274 0.263184
vt 0.233154 0.263184
vt 0.232300 0.278809
vt 0.056244 0.288086
vt 0.233154 0.288574
vt 0.055359 0.278809
vt 0.236328 0.288086
vt 0.235474 0.278809
vt 0.053040 0.288574
vt 0.052185 0.279297
vt 0.425049 0.420898
vt 0.358398 0.411621
vt 0.358154 0.420898
vt 0.425293 0.411621
vt 0.358398 0.431641
vt 0.425293 0.432617
vt 0.425293 0.431641
vt 0.358398 0.432617
vt 0.425049 0.421875
vt 0.358154 0.421875
vt 0.426270 0.422363
vt 0.426514 0.431641
vt 0.356934 0.422363
vt 0.357178 0.431641
vt 0.374756 0.532959
vt 0.408203 0.532959
vt 0.408203 0.523193
vt 0.374756 0.523193
vt 0.374756 0.537842
vt 0.408203 0.537842
vt 0.374756 0.547607
vt 0.408203 0.547607
vt 0.408203 0.518555
vt 0.374756 0.518555
vt 0.369873 0.538086
vt 0.369873 0.547852
vt 0.413086 0.538086
vt 0.413086 0.547852
vt 0.729004 0.737549
vt 0.905273 0.727783
vt 0.728516 0.728027
vt 0.906250 0.737305
vt 0.729492 0.739990
vt 0.906250 0.739746
vt 0.728516 0.749512
vt 0.905273 0.749268
vt 0.728516 0.725586
vt 0.905273 0.725342
vt 0.908691 0.739990
vt 0.907715 0.749512
vt 0.726562 0.739746
vt 0.726074 0.749268
vt 0.346436 0.330566
vt 0.436035 0.330566
vt 0.346436 0.320801
vt 0.436035 0.320801
vt 0.346191 0.331543
vt 0.435791 0.331543
vt 0.346191 0.341309
vt 0.435791 0.341309
vt 0.435791 0.319824
vt 0.346191 0.319824
vt 0.437012 0.340820
vt 0.437012 0.331543
vt 0.345215 0.340820
vt 0.345215 0.331543
vt 0.340820 0.582275
vt 0.407471 0.572510
vt 0.340576 0.572754
vt 0.407715 0.582031
vt 0.341064 0.583252
vt 0.407959 0.583252
vt 0.340820 0.592773
vt 0.407715 0.592773
vt 0.340820 0.571533
vt 0.407471 0.571777
vt 0.408203 0.592529
vt 0.408936 0.583252
vt 0.339600 0.592529
vt 0.339844 0.583252
vt 0.417480 0.575684
vt 0.451172 0.575684
vt 0.417480 0.566162
vt 0.451172 0.566162
vt 0.417480 0.561523
vt 0.451172 0.561523
vt 0.417480 0.589844
vt 0.451172 0.589844
vt 0.417480 0.580322
vt 0.451172 0.580322
vt 0.412842 0.589600
vt 0.412842 0.580078
vt 0.455811 0.589600
vt 0.455811 0.580078
vt 0.569336 0.856445
vt 0.706055 0.865601
vt 0.566895 0.865601
vt 0.707520 0.856323
vt 0.569336 0.875977
vt 0.707520 0.876099
vt 0.707520 0.877197
vt 0.569336 0.877197
vt 0.706055 0.866821
vt 0.566895 0.866821
vt 0.859863 0.427246
vt 0.993652 0.417969
vt 0.995605 0.427246
vt 0.857910 0.417969
vt 0.859863 0.428711
vt 0.995605 0.428223
vt 0.993652 0.437500
vt 0.857910 0.437988
vt 0.857910 0.416992
vt 0.993652 0.416992
vt 0.598145 0.782227
vt 0.716797 0.791504
vt 0.596191 0.791504
vt 0.718262 0.782104
vt 0.598145 0.802002
vt 0.718262 0.802124
vt 0.718262 0.803223
vt 0.598145 0.803223
vt 0.716797 0.792603
vt 0.596191 0.792725
vt 0.684570 0.293945
vt 0.802734 0.284180
vt 0.804688 0.293457
vt 0.683105 0.284668
vt 0.684570 0.294922
vt 0.804688 0.294922
vt 0.802734 0.304199
vt 0.683105 0.304199
vt 0.683105 0.283203
vt 0.802734 0.283203
vt 0.348877 0.187988
vt 0.462646 0.197266
vt 0.346436 0.197266
vt 0.464600 0.187988
vt 0.348877 0.207520
vt 0.464600 0.208008
vt 0.464600 0.208984
vt 0.348877 0.208984
vt 0.462646 0.198242
vt 0.346436 0.198730
vt 0.608398 0.743164
vt 0.718750 0.733887
vt 0.720703 0.743164
vt 0.605957 0.733887
vt 0.607910 0.744385
vt 0.720703 0.744141
vt 0.718750 0.753418
vt 0.605957 0.753662
vt 0.605957 0.732910
vt 0.718750 0.732666
vt 0.666992 0.685547
vt 0.641602 0.685547
vt 0.639160 0.676270
vt 0.677246 0.676270
vt 0.052155 0.373047
vt 0.205688 0.382324
vt 0.049683 0.382324
vt 0.207397 0.373047
vt 0.052185 0.392578
vt 0.207520 0.392578
vt 0.207397 0.394043
vt 0.052155 0.394043
vt 0.205688 0.383301
vt 0.049683 0.383301
vt 0.382080 0.056641
vt 0.532227 0.047363
vt 0.534180 0.056641
vt 0.380127 0.047363
vt 0.382080 0.057617
vt 0.534180 0.057617
vt 0.532227 0.066895
vt 0.380127 0.066895
vt 0.380127 0.046387
vt 0.532227 0.045898
vt 0.741211 0.700684
vt 0.909180 0.709961
vt 0.738770 0.709961
vt 0.910645 0.700684
vt 0.741211 0.720459
vt 0.911133 0.720459
vt 0.910645 0.721680
vt 0.741211 0.721680
vt 0.909668 0.711182
vt 0.739258 0.711182
vt 0.052643 0.358398
vt 0.220093 0.348633
vt 0.221924 0.357910
vt 0.050781 0.349121
vt 0.052612 0.359863
vt 0.221924 0.359375
vt 0.220093 0.368652
vt 0.050812 0.369141
vt 0.050781 0.347656
vt 0.220093 0.347168
vt 0.196167 0.802734
vt 0.004353 0.793335
vt 0.198364 0.793457
vt 0.002920 0.802734
vt 0.196167 0.803955
vt 0.002831 0.803833
vt 0.004261 0.813232
vt 0.198242 0.813232
vt 0.198242 0.792236
vt 0.004265 0.792236
vt 0.993652 0.161621
vt 0.769043 0.170898
vt 0.770020 0.161621
vt 0.995117 0.170898
vt 0.995117 0.172363
vt 0.769043 0.172363
vt 0.993652 0.181641
vt 0.770020 0.181641
vt 0.993652 0.160645
vt 0.770020 0.160645
vt 0.905273 0.856445
vt 0.714844 0.865967
vt 0.713379 0.856567
vt 0.906738 0.865845
vt 0.905273 0.855347
vt 0.713379 0.855469
vt 0.714844 0.867065
vt 0.905273 0.876282
vt 0.713379 0.876404
vt 0.906738 0.866943
vt 0.051727 0.101562
vt 0.274902 0.091797
vt 0.277100 0.101074
vt 0.049591 0.092285
vt 0.051697 0.102539
vt 0.277100 0.102539
vt 0.275146 0.111816
vt 0.049591 0.111816
vt 0.049561 0.090820
vt 0.275146 0.090820
vt 0.724121 0.785889
vt 0.905762 0.785889
vt 0.905762 0.795410
vt 0.724121 0.795410
vt 0.724121 0.783936
vt 0.905762 0.783936
vt 0.724121 0.797363
vt 0.905762 0.797485
vt 0.905762 0.806885
vt 0.724121 0.806885
vt 0.722168 0.797363
vt 0.722168 0.806885
vt 0.907715 0.797485
vt 0.907715 0.806885
vt 0.466064 0.270996
vt 0.373779 0.270996
vt 0.465820 0.261230
vt 0.373535 0.261230
vt 0.466064 0.271973
vt 0.373779 0.271973
vt 0.466064 0.281738
vt 0.373779 0.281738
vt 0.466064 0.260254
vt 0.373779 0.260254
vt 0.372559 0.281250
vt 0.372559 0.271973
vt 0.467041 0.281250
vt 0.467041 0.271973
vt 0.005287 0.639404
vt 0.181274 0.648926
vt 0.004406 0.648682
vt 0.182129 0.639404
vt 0.005501 0.636475
vt 0.182373 0.636719
vt 0.004612 0.651611
vt 0.181519 0.651611
vt 0.005478 0.660889
vt 0.182373 0.661133
vt 0.185181 0.660889
vt 0.184326 0.651367
vt 0.002697 0.661133
vt 0.001830 0.651855
vt 0.539551 0.049805
vt 0.604004 0.059082
vt 0.539062 0.059082
vt 0.604004 0.049805
vt 0.539551 0.069824
vt 0.604004 0.070801
vt 0.539551 0.070801
vt 0.604004 0.069824
vt 0.604004 0.060547
vt 0.539551 0.060547
vt 0.604980 0.060547
vt 0.604980 0.069824
vt 0.538086 0.060547
vt 0.538574 0.069824
vt 0.528320 0.438965
vt 0.558594 0.429688
vt 0.558594 0.438965
vt 0.528320 0.429688
vt 0.558594 0.443848
vt 0.528320 0.443848
vt 0.528320 0.453125
vt 0.558594 0.453125
vt 0.558594 0.425293
vt 0.528320 0.425293
vt 0.523438 0.443848
vt 0.523438 0.453613
vt 0.562988 0.443848
vt 0.562988 0.453613
vt 0.231445 0.295898
vt 0.055389 0.305664
vt 0.054535 0.295898
vt 0.232300 0.305176
vt 0.055603 0.309082
vt 0.232422 0.308594
vt 0.231567 0.318359
vt 0.054749 0.318359
vt 0.054749 0.292480
vt 0.231567 0.292480
vt 0.235962 0.309082
vt 0.235107 0.318848
vt 0.052094 0.308594
vt 0.051270 0.318359
vt 0.404785 0.679199
vt 0.315186 0.669678
vt 0.404785 0.669678
vt 0.315186 0.679199
vt 0.404785 0.680420
vt 0.315186 0.680420
vt 0.315186 0.689941
vt 0.404785 0.689941
vt 0.404785 0.668701
vt 0.315186 0.668701
vt 0.405762 0.689697
vt 0.405762 0.680176
vt 0.313965 0.689697
vt 0.313965 0.680176
vt 0.542969 0.619629
vt 0.607422 0.610107
vt 0.607422 0.619629
vt 0.542969 0.610352
vt 0.543457 0.620850
vt 0.607910 0.620850
vt 0.607422 0.630371
vt 0.542969 0.630371
vt 0.542969 0.609131
vt 0.607422 0.609131
vt 0.608398 0.630127
vt 0.608887 0.620850
vt 0.541992 0.630127
vt 0.541992 0.620605
vt 0.488281 0.405273
vt 0.518555 0.405273
vt 0.518555 0.415039
vt 0.488281 0.415039
vt 0.488281 0.400391
vt 0.518555 0.400391
vt 0.488281 0.419922
vt 0.518555 0.419922
vt 0.518555 0.429688
vt 0.488281 0.429688
vt 0.483398 0.429199
vt 0.483398 0.419922
vt 0.523438 0.429199
vt 0.523438 0.419922
vt 0.796387 0.210938
vt 0.658203 0.210938
vt 0.794434 0.220215
vt 0.655762 0.220215
vt 0.658203 0.230469
vt 0.796387 0.231934
vt 0.796387 0.230469
vt 0.658203 0.231934
vt 0.794922 0.221191
vt 0.655762 0.221191
vt 0.470947 0.893066
vt 0.337158 0.902527
vt 0.473145 0.902344
vt 0.335205 0.893250
vt 0.337158 0.903625
vt 0.473145 0.903503
vt 0.335205 0.912903
vt 0.470947 0.912781
vt 0.335205 0.892090
vt 0.470947 0.891968
vt 0.995605 0.465332
vt 0.875488 0.465332
vt 0.994629 0.474609
vt 0.873535 0.474609
vt 0.875488 0.485352
vt 0.995605 0.486328
vt 0.995605 0.485352
vt 0.875488 0.486328
vt 0.994629 0.476074
vt 0.873535 0.476074
vt 0.122620 0.510498
vt 0.004585 0.519775
vt 0.124329 0.519775
vt 0.002945 0.510498
vt 0.004536 0.520996
vt 0.124329 0.520996
vt 0.002914 0.530273
vt 0.122681 0.530273
vt 0.002890 0.509277
vt 0.122681 0.509277
vt 0.309814 0.669434
vt 0.194336 0.669678
vt 0.307861 0.678955
vt 0.191650 0.678711
vt 0.194336 0.689209
vt 0.309814 0.690430
vt 0.309814 0.689453
vt 0.194336 0.690430
vt 0.307861 0.679932
vt 0.191650 0.680176
vt 0.805664 0.310059
vt 0.695312 0.319336
vt 0.807617 0.319336
vt 0.693359 0.310059
vt 0.695312 0.320312
vt 0.807617 0.320312
vt 0.693359 0.329590
vt 0.805664 0.329590
vt 0.692871 0.309082
vt 0.805664 0.309082
vt 0.701172 0.379883
vt 0.739746 0.379883
vt 0.703613 0.370605
vt 0.729492 0.370605
vt 0.360352 0.792236
vt 0.205078 0.792358
vt 0.358643 0.801514
vt 0.202515 0.801514
vt 0.205078 0.811890
vt 0.360352 0.813110
vt 0.360352 0.812012
vt 0.205078 0.813110
vt 0.358643 0.802612
vt 0.202637 0.802734
vt 0.762207 0.162598
vt 0.611816 0.171875
vt 0.764160 0.171875
vt 0.609863 0.162598
vt 0.611816 0.172852
vt 0.764160 0.172852
vt 0.609863 0.182129
vt 0.762207 0.182129
vt 0.609863 0.161621
vt 0.762207 0.161621
vt 0.672852 0.931335
vt 0.502930 0.931458
vt 0.671387 0.940674
vt 0.500977 0.940613
vt 0.502930 0.951050
vt 0.672852 0.952271
vt 0.672852 0.951141
vt 0.502930 0.952301
vt 0.671387 0.941803
vt 0.500977 0.941864
vt 0.992676 0.369629
vt 0.825195 0.379395
vt 0.994629 0.378906
vt 0.823242 0.370117
vt 0.825195 0.380859
vt 0.994629 0.380371
vt 0.823242 0.390137
vt 0.992676 0.389648
vt 0.823242 0.368652
vt 0.992676 0.368164
vt 0.800293 0.196777
vt 0.993652 0.196777
vt 0.801758 0.187500
vt 0.995605 0.187500
vt 0.993652 0.197754
vt 0.800293 0.197754
vt 0.801758 0.207031
vt 0.995605 0.207031
vt 0.995605 0.186035
vt 0.801758 0.186035
vt 0.680176 0.916260
vt 0.904785 0.906860
vt 0.681152 0.906799
vt 0.906250 0.916260
vt 0.906250 0.917358
vt 0.680176 0.917419
vt 0.904785 0.926697
vt 0.681152 0.926880
vt 0.904785 0.905762
vt 0.681152 0.905701
vt 0.004688 0.777100
vt 0.194702 0.767700
vt 0.002968 0.767700
vt 0.196411 0.776978
vt 0.194702 0.766602
vt 0.002937 0.766602
vt 0.196411 0.778076
vt 0.004662 0.778198
vt 0.194702 0.787476
vt 0.002953 0.787598
vt 0.228394 0.843628
vt 0.005032 0.853027
vt 0.230469 0.852905
vt 0.002909 0.843750
vt 0.005005 0.854126
vt 0.230591 0.854004
vt 0.002895 0.863403
vt 0.228394 0.863281
vt 0.002876 0.842651
vt 0.228394 0.842529
vt 0.993652 0.282715
vt 0.812500 0.282715
vt 0.993652 0.292480
vt 0.812500 0.292480
vt 0.812500 0.280273
vt 0.993652 0.280273
vt 0.993652 0.294922
vt 0.812500 0.294922
vt 0.993652 0.304199
vt 0.812500 0.304199
vt 0.810059 0.294922
vt 0.810059 0.304199
vt 0.996094 0.294922
vt 0.996094 0.304199
vt 0.369141 0.296387
vt 0.461426 0.296387
vt 0.461426 0.287109
vt 0.369141 0.287109
vt 0.461426 0.297852
vt 0.369141 0.297852
vt 0.461426 0.307129
vt 0.369141 0.307129
vt 0.461426 0.286133
vt 0.369141 0.286133
vt 0.367920 0.307129
vt 0.368164 0.297363
vt 0.462402 0.307129
vt 0.462646 0.297363
vt 0.816895 0.312012
vt 0.993164 0.322266
vt 0.994141 0.312988
vt 0.815918 0.321289
vt 0.994141 0.310059
vt 0.816895 0.308105
vt 0.993164 0.325195
vt 0.816406 0.325684
vt 0.816895 0.334961
vt 0.994141 0.334473
vt 0.997070 0.334473
vt 0.996094 0.325195
vt 0.812012 0.326172
vt 0.812988 0.335449
vt 0.489258 0.691162
vt 0.417969 0.680420
vt 0.417725 0.690918
vt 0.489502 0.680420
vt 0.417969 0.702881
vt 0.489502 0.704102
vt 0.489502 0.702881
vt 0.417969 0.704102
vt 0.489258 0.692383
vt 0.417725 0.692383
vt 0.490479 0.692383
vt 0.490723 0.702881
vt 0.416504 0.692383
vt 0.416748 0.702881
vt 0.452881 0.532715
vt 0.422363 0.532715
vt 0.422363 0.542236
vt 0.452881 0.542236
vt 0.422363 0.547119
vt 0.452881 0.547119
vt 0.422363 0.556885
vt 0.452881 0.556885
vt 0.452881 0.527588
vt 0.422363 0.527588
vt 0.417480 0.547363
vt 0.417480 0.556885
vt 0.457764 0.556885
vt 0.457764 0.547363
vt 0.005852 0.677979
vt 0.181885 0.668213
vt 0.005001 0.668457
vt 0.182739 0.677734
vt 0.005962 0.681152
vt 0.182861 0.680908
vt 0.182007 0.690430
vt 0.005131 0.690674
vt 0.005108 0.665039
vt 0.181885 0.665039
vt 0.186157 0.681396
vt 0.185303 0.690674
vt 0.002666 0.680908
vt 0.001830 0.690430
vt 0.351562 0.424805
vt 0.262207 0.415527
vt 0.261963 0.424805
vt 0.351807 0.415527
vt 0.261963 0.425781
vt 0.351562 0.425781
vt 0.261963 0.435547
vt 0.351562 0.435547
vt 0.261963 0.414062
vt 0.351562 0.414062
vt 0.352783 0.435059
vt 0.352783 0.425781
vt 0.260986 0.435059
vt 0.260986 0.425781
vt 0.505859 0.334473
vt 0.441650 0.344238
vt 0.505859 0.344238
vt 0.441406 0.334961
vt 0.441650 0.345215
vt 0.505859 0.345215
vt 0.441406 0.354980
vt 0.505859 0.354980
vt 0.441406 0.333496
vt 0.505859 0.333496
vt 0.506836 0.354492
vt 0.507324 0.345215
vt 0.440430 0.354492
vt 0.440674 0.345215
vt 0.471680 0.431641
vt 0.441162 0.431641
vt 0.471680 0.440918
vt 0.441162 0.440918
vt 0.441162 0.426758
vt 0.471680 0.426758
vt 0.471680 0.445312
vt 0.441162 0.445312
vt 0.471680 0.455078
vt 0.441162 0.455078
vt 0.436768 0.454590
vt 0.436768 0.445312
vt 0.476318 0.454590
vt 0.476318 0.445312
vt 0.906738 0.976181
vt 0.589355 0.966827
vt 0.907227 0.966156
vt 0.588379 0.976852
vt 0.589355 0.986847
vt 0.907715 0.986206
vt 0.589844 0.962128
vt 0.907715 0.961487
vt 0.907715 0.990791
vt 0.589844 0.991425
vt 0.907227 0.996128
vt 0.589355 0.996767
vt 0.907227 0.956055
vt 0.589355 0.956696
vt 0.552734 0.012207
vt 0.806152 0.012207
vt 0.805664 0.022461
vt 0.551758 0.022461
vt 0.552734 0.032227
vt 0.806152 0.032227
vt 0.552734 0.037109
vt 0.806641 0.037109
vt 0.806152 0.042480
vt 0.552734 0.042480
vt 0.552734 0.007324
vt 0.806152 0.001953
vt 0.806641 0.007324
vt 0.552734 0.001953
vt 0.242798 0.211914
vt 0.052185 0.221680
vt 0.051270 0.211914
vt 0.243652 0.221680
vt 0.244141 0.226562
vt 0.052582 0.226562
vt 0.243652 0.231934
vt 0.052094 0.231934
vt 0.243652 0.191406
vt 0.052582 0.197266
vt 0.052094 0.191406
vt 0.244141 0.197266
vt 0.243652 0.201660
vt 0.052155 0.201660
vt 0.995605 0.111328
vt 0.678223 0.102051
vt 0.677246 0.112305
vt 0.996094 0.101562
vt 0.678223 0.122070
vt 0.996094 0.121582
vt 0.678711 0.096680
vt 0.996582 0.096191
vt 0.678711 0.126465
vt 0.996582 0.125977
vt 0.996094 0.130859
vt 0.678223 0.131348
vt 0.996094 0.090820
vt 0.678223 0.091309
vt 0.986328 0.806519
vt 0.986328 0.552979
vt 0.976074 0.805908
vt 0.976074 0.552246
vt 0.966309 0.552979
vt 0.966309 0.806519
vt 0.961426 0.553223
vt 0.961426 0.806763
vt 0.956543 0.806396
vt 0.956543 0.552979
vt 0.991699 0.553223
vt 0.997070 0.806396
vt 0.997070 0.552979
vt 0.991699 0.806763
vt 0.995605 0.257324
vt 0.803711 0.257324
vt 0.804688 0.267090
vt 0.996094 0.267090
vt 0.805176 0.271484
vt 0.996582 0.271484
vt 0.996094 0.276367
vt 0.804688 0.276367
vt 0.805176 0.242188
vt 0.996094 0.236328
vt 0.804688 0.236328
vt 0.996582 0.241699
vt 0.996094 0.247070
vt 0.804688 0.247070
vt 0.329834 0.887451
vt 0.012627 0.878113
vt 0.011848 0.888123
vt 0.330566 0.877441
vt 0.012688 0.898132
vt 0.330566 0.897461
vt 0.013016 0.873291
vt 0.331055 0.872559
vt 0.013084 0.902832
vt 0.331055 0.902161
vt 0.330566 0.907349
vt 0.012680 0.907959
vt 0.330566 0.867310
vt 0.012566 0.867920
vt 0.255859 0.986946
vt 0.002480 0.986923
vt 0.255371 0.976898
vt 0.001830 0.976898
vt 0.002481 0.966858
vt 0.255859 0.966858
vt 0.002777 0.962158
vt 0.256104 0.962158
vt 0.002411 0.957001
vt 0.255859 0.957001
vt 0.255859 0.997135
vt 0.002789 0.991791
vt 0.256104 0.991806
vt 0.002415 0.997116
vt 0.193359 0.742920
vt 0.001830 0.742920
vt 0.002752 0.752808
vt 0.194214 0.752808
vt 0.003170 0.757446
vt 0.194702 0.757446
vt 0.194214 0.762695
vt 0.002693 0.762695
vt 0.194214 0.722656
vt 0.003164 0.728027
vt 0.194702 0.728027
vt 0.002691 0.722656
vt 0.194214 0.732910
vt 0.002718 0.732910
vt 0.057495 0.056641
vt 0.374756 0.066406
vt 0.056702 0.066895
vt 0.375488 0.056641
vt 0.057526 0.077148
vt 0.375488 0.076660
vt 0.057831 0.052734
vt 0.375732 0.052246
vt 0.375732 0.080078
vt 0.057831 0.080566
vt 0.375244 0.085938
vt 0.057373 0.086426
vt 0.375244 0.045898
vt 0.057281 0.046387
vt 0.445557 0.031738
vt 0.192627 0.021973
vt 0.446045 0.021973
vt 0.192017 0.031738
vt 0.445557 0.011719
vt 0.192017 0.011719
vt 0.445312 0.008301
vt 0.191772 0.008301
vt 0.192139 0.001953
vt 0.445557 0.001953
vt 0.445312 0.035645
vt 0.192139 0.042480
vt 0.191772 0.035645
vt 0.445557 0.042480
vt 0.714844 0.831909
vt 0.906738 0.831787
vt 0.715820 0.841919
vt 0.907227 0.841919
vt 0.907715 0.845459
vt 0.716309 0.845459
vt 0.907227 0.851440
vt 0.715820 0.851440
vt 0.907227 0.811401
vt 0.716309 0.817749
vt 0.715820 0.811401
vt 0.907715 0.817749
vt 0.907227 0.821777
vt 0.715820 0.821899
vt 0.412598 0.828491
vt 0.423096 0.837646
vt 0.386963 0.828491
vt 0.384521 0.837769
vt 0.666992 0.686523
vt 0.639160 0.695801
vt 0.641602 0.686523
vt 0.677734 0.695801
vt 0.729004 0.369629
vt 0.701172 0.360352
vt 0.703613 0.369629
vt 0.739746 0.360352
vt 0.673340 0.126465
vt 0.673340 0.131836
vt 0.670410 0.126465
vt 0.670410 0.131836
vt 0.667969 0.126465
vt 0.667969 0.131836
vt 0.665039 0.126465
vt 0.665039 0.131836
vt 0.662598 0.126465
vt 0.662598 0.131836
vt 0.659668 0.126465
vt 0.659668 0.131836
vt 0.657227 0.126465
vt 0.657227 0.131836
vt 0.654297 0.126465
vt 0.654297 0.131836
vt 0.651855 0.126465
vt 0.651855 0.131836
vt 0.001830 0.338867
vt 0.001830 0.327148
vt 0.002684 0.338867
vt 0.002684 0.327148
vt 0.003536 0.338867
vt 0.003536 0.327148
vt 0.004391 0.338867
vt 0.004391 0.327148
vt 0.005241 0.338867
vt 0.005241 0.327148
vt 0.006096 0.338867
vt 0.006096 0.327148
vt 0.006947 0.338867
vt 0.006947 0.327148
vt 0.007801 0.338867
vt 0.007801 0.327148
vt 0.008652 0.338867
vt 0.008652 0.327148
vt 0.216553 0.640381
vt 0.189087 0.640381
vt 0.189087 0.638916
vt 0.216675 0.639160
vt 0.216797 0.638916
vt 0.639160 0.675293
vt 0.677246 0.675537
vt 0.677734 0.675049
vt 0.894531 0.022461
vt 0.895020 0.017090
vt 0.895020 0.012207
vt 0.025772 0.997534
vt 0.025696 0.997833
vt 0.015320 0.997416
vt 0.025589 0.998372
vt 0.015274 0.997616
vt 0.015144 0.998255
vt 0.066284 0.971985
vt 0.066589 0.972046
vt 0.066162 0.982437
vt 0.067139 0.972168
vt 0.066406 0.982483
vt 0.067017 0.982605
vt 0.344971 0.966858
vt 0.344971 0.964355
vt 0.345215 0.962158
vt 0.103577 0.021973
vt 0.103271 0.016602
vt 0.103027 0.011719
vt 0.734375 0.342773
vt 0.694336 0.342773
vt 0.727539 0.336426
vt 0.697266 0.333984
vt 0.724609 0.333496
vt 0.734375 0.343750
vt 0.734375 0.344238
vt 0.694336 0.344238
vt 0.653320 0.699951
vt 0.625977 0.699951
vt 0.655762 0.702393
vt 0.623047 0.708984
vt 0.663086 0.708984
vt 0.663086 0.710449
vt 0.623047 0.710449
vt 0.656250 0.716797
vt 0.625488 0.719482
vt 0.653320 0.719482
vt 0.663086 0.709961
vt 0.381836 0.213379
vt 0.381836 0.212891
vt 0.343506 0.212891
vt 0.226318 0.628418
vt 0.186279 0.628418
vt 0.219360 0.621826
vt 0.189087 0.619385
vt 0.216553 0.619385
vt 0.226440 0.629395
vt 0.226562 0.629883
vt 0.186279 0.629883
vt 0.258545 0.322754
vt 0.231201 0.322754
vt 0.261475 0.325195
vt 0.228394 0.332031
vt 0.268311 0.332031
vt 0.268555 0.333008
vt 0.228394 0.333008
vt 0.261719 0.339844
vt 0.231201 0.342285
vt 0.258789 0.342285
vt 0.739746 0.359863
vt 0.739746 0.359375
vt 0.701172 0.359375
vt 0.895020 0.032227
vt 0.895020 0.027832
vt 0.895020 0.042480
vt 0.895508 0.039551
vt 0.895508 0.037109
vt 0.895508 0.009766
vt 0.895508 0.007324
vt 0.976074 0.894897
vt 0.970703 0.895203
vt 0.966309 0.895447
vt 0.344482 0.976898
vt 0.344727 0.971573
vt 0.344727 0.982239
vt 0.344971 0.986938
vt 0.103149 0.001953
vt 0.102966 0.005371
vt 0.102844 0.008301
vt 0.103027 0.031738
vt 0.102905 0.034180
vt 0.102783 0.035645
vt 0.103271 0.027344
vt 0.340820 0.947815
vt 0.343506 0.953156
vt 0.343506 0.947815
vt 0.340820 0.953156
vt 0.338135 0.947815
vt 0.338135 0.953156
vt 0.335693 0.947815
vt 0.335693 0.953156
vt 0.333008 0.947815
vt 0.333008 0.953156
vt 0.330322 0.947815
vt 0.330322 0.953156
vt 0.327637 0.947815
vt 0.327637 0.953156
vt 0.324951 0.947815
vt 0.324951 0.953156
vt 0.322266 0.947815
vt 0.322266 0.953156
vt 0.135010 0.508301
vt 0.135864 0.519775
vt 0.135864 0.508301
vt 0.135010 0.519775
vt 0.134155 0.508301
vt 0.134155 0.519775
vt 0.133301 0.519775
vt 0.133301 0.508301
vt 0.132446 0.519775
vt 0.132446 0.508301
vt 0.131592 0.508301
vt 0.131592 0.519775
vt 0.130737 0.508301
vt 0.130737 0.519775
vt 0.129883 0.508301
vt 0.129883 0.519775
vt 0.129028 0.508301
vt 0.129028 0.519775
vt 0.697266 0.353027
vt 0.724609 0.354492
vt 0.697266 0.354492
vt 0.724609 0.353516
vt 0.727539 0.350586
vt 0.384521 0.817017
vt 0.423096 0.817383
vt 0.423096 0.817017
vt 0.219604 0.636230
vt 0.268555 0.332520
vt 0.963867 0.895569
vt 0.961426 0.895691
vt 0.956543 0.895447
vt 0.959473 0.895569
vt 0.997070 0.895447
vt 0.994141 0.895630
vt 0.991699 0.895752
vt 0.986328 0.895447
vt 0.989258 0.895630
vt 0.981445 0.895203
vt 0.001963 0.982605
vt 0.001844 0.972168
vt 0.002602 0.982483
vt 0.002802 0.982437
vt 0.002384 0.972046
vt 0.002684 0.971985
vt 0.015144 0.929077
vt 0.025589 0.928955
vt 0.015274 0.929749
vt 0.015320 0.929932
vt 0.025696 0.929504
vt 0.025772 0.929810
vt 0.344971 0.959747
vt 0.344971 0.956970
vt 0.344971 0.997131
vt 0.344971 0.994301
vt 0.345215 0.991806
vt 0.344971 0.989525
vt 0.412598 0.828247
vt 0.653320 0.720947
vt 0.625977 0.720947
vt 0.653320 0.719727
vt 0.666992 0.686279
vt 0.258545 0.343750
vt 0.231201 0.343750
vt 0.258789 0.342773
vt 0.895508 0.034668
vt 0.895020 0.001953
vt 0.895508 0.004883
vt 0.102905 0.009766
vt 0.103149 0.042480
vt 0.102905 0.039062
vt 0.583984 0.971909
vt 0.584473 0.966492
vt 0.578613 0.976135
vt 0.578613 0.971542
vt 0.672363 0.106934
vt 0.672852 0.101562
vt 0.667480 0.111328
vt 0.667480 0.106934
vt 0.007343 0.883057
vt 0.007755 0.877747
vt 0.001830 0.887390
vt 0.002163 0.882690
vt 0.002659 0.955902
vt 0.002306 0.955841
vt 0.002764 0.948761
vt 0.001631 0.955719
vt 0.001727 0.948547
vt 0.002800 0.945892
vt 0.002556 0.945831
vt 0.001761 0.945709
vt 0.066345 0.955902
vt 0.066223 0.948761
vt 0.066650 0.955841
vt 0.067383 0.955719
vt 0.067261 0.948547
vt 0.066162 0.945892
vt 0.066406 0.945831
vt 0.067200 0.945709
vt 0.052948 0.062988
vt 0.053436 0.056641
vt 0.046692 0.066406
vt 0.046936 0.062500
vt 0.052063 0.998456
vt 0.049194 0.998490
vt 0.051910 0.997660
vt 0.051880 0.997417
vt 0.048981 0.997454
vt 0.042023 0.998587
vt 0.041901 0.997911
vt 0.041840 0.997559
vt 0.041840 0.929810
vt 0.041901 0.929443
vt 0.048981 0.929932
vt 0.042023 0.928772
vt 0.049194 0.928894
vt 0.051880 0.929932
vt 0.051910 0.929688
vt 0.052063 0.928894
vt 0.003466 0.934937
vt 0.001842 0.934937
vt 0.003466 0.933044
vt 0.000000 0.931396
vt 0.000000 0.934937
vt 0.003466 0.930908
vt 0.000000 0.927368
vt 0.004025 0.927368
vt 0.005650 0.930908
vt 0.007572 0.929260
vt 0.007572 0.927368
vt 0.007572 0.930908
vt 0.007572 0.996332
vt 0.007572 0.998050
vt 0.005688 0.996332
vt 0.004025 1.000000
vt 0.007572 1.000000
vt 0.003551 0.996332
vt 0.000000 1.000000
vt 0.000000 0.995975
vt 0.003551 0.994259
vt 0.001888 0.992428
vt 0.003551 0.992428
vt 0.000000 0.992428
vt 0.065369 0.992428
vt 0.066711 0.992428
vt 0.065369 0.994549
vt 0.068115 0.995975
vt 0.068115 0.992428
vt 0.065369 0.996952
vt 0.068115 1.000000
vt 0.064148 1.000000
vt 0.062805 0.996952
vt 0.060577 0.998380
vt 0.060577 1.000000
vt 0.060577 0.996952
vt 0.060577 0.931213
vt 0.060577 0.929443
vt 0.062500 0.931213
vt 0.064148 0.927368
vt 0.060577 0.927368
vt 0.064697 0.931213
vt 0.068115 0.927368
vt 0.068115 0.931396
vt 0.064697 0.933228
vt 0.066284 0.934937
vt 0.064697 0.934937
vt 0.068115 0.934937
vt 0.576660 0.454102
vt 0.574707 0.458984
vt 0.573730 0.457031
vt 0.578125 0.458008
vt 0.579102 0.452637
vt 0.578125 0.461426
vt 0.574707 0.461914
vt 0.574707 0.465332
vt 0.579590 0.457520
vt 0.580078 0.461426
vt 0.581055 0.457520
vt 0.582031 0.453613
vt 0.578125 0.465332
vt 0.584961 0.458496
vt 0.584961 0.456543
vt 0.587402 0.453613
vt 0.581543 0.461426
vt 0.580078 0.465332
vt 0.588379 0.457520
vt 0.589844 0.452637
vt 0.581543 0.465332
vt 0.580078 0.469238
vt 0.578125 0.469238
vt 0.574707 0.469238
vt 0.578125 0.473145
vt 0.574707 0.472656
vt 0.581543 0.469238
vt 0.578125 0.476562
vt 0.574707 0.476074
vt 0.574707 0.479004
vt 0.580078 0.473145
vt 0.578125 0.480469
vt 0.573730 0.480957
vt 0.576660 0.484375
vt 0.579102 0.485352
vt 0.580078 0.477051
vt 0.579590 0.480957
vt 0.581055 0.480957
vt 0.582031 0.484863
vt 0.584961 0.481934
vt 0.581543 0.473145
vt 0.581543 0.476562
vt 0.584961 0.479492
vt 0.588379 0.480469
vt 0.587402 0.484375
vt 0.589844 0.485840
vt 0.584961 0.476562
vt 0.589844 0.480957
vt 0.588379 0.476562
vt 0.584961 0.472656
vt 0.589844 0.477051
vt 0.584961 0.469238
vt 0.588379 0.473145
vt 0.584961 0.465332
vt 0.588379 0.469238
vt 0.584961 0.461914
vt 0.588379 0.461426
vt 0.588379 0.465332
vt 0.589844 0.469238
vt 0.589844 0.461426
vt 0.589844 0.457520
vt 0.589844 0.465332
vt 0.591309 0.457520
vt 0.592773 0.453613
vt 0.591797 0.465332
vt 0.591797 0.461426
vt 0.595215 0.458496
vt 0.595215 0.456543
vt 0.597656 0.453613
vt 0.595215 0.461914
vt 0.598633 0.457520
vt 0.600098 0.452637
vt 0.598633 0.461426
vt 0.595215 0.465332
vt 0.600098 0.457031
vt 0.591797 0.469238
vt 0.602051 0.457520
vt 0.603027 0.453613
vt 0.600098 0.461426
vt 0.605469 0.458496
vt 0.605469 0.456543
vt 0.608887 0.454102
vt 0.601562 0.461426
vt 0.598633 0.465332
vt 0.609375 0.458008
vt 0.611816 0.453125
vt 0.605469 0.461914
vt 0.610840 0.457520
vt 0.608887 0.461426
vt 0.612305 0.458008
vt 0.614258 0.454590
vt 0.610352 0.461426
vt 0.616211 0.460449
vt 0.616699 0.459473
vt 0.611816 0.461914
vt 0.616211 0.462891
vt 0.616211 0.465820
vt 0.611816 0.465332
vt 0.609863 0.465332
vt 0.611816 0.469238
vt 0.616211 0.469238
vt 0.608398 0.465332
vt 0.609863 0.469238
vt 0.611816 0.472656
vt 0.616211 0.472656
vt 0.608398 0.469238
vt 0.611816 0.476562
vt 0.616211 0.475586
vt 0.616211 0.478027
vt 0.609863 0.472656
vt 0.612305 0.480469
vt 0.616699 0.479004
vt 0.614258 0.483887
vt 0.611816 0.485352
vt 0.610352 0.476562
vt 0.610840 0.480957
vt 0.609375 0.480469
vt 0.608887 0.484375
vt 0.605469 0.481934
vt 0.608398 0.472656
vt 0.608887 0.476562
vt 0.605469 0.479492
vt 0.602051 0.480957
vt 0.603027 0.484863
vt 0.600098 0.485840
vt 0.605469 0.476562
vt 0.600098 0.480957
vt 0.604980 0.472656
vt 0.601562 0.477051
vt 0.600098 0.477051
vt 0.598633 0.480469
vt 0.597656 0.484375
vt 0.595215 0.481445
vt 0.601562 0.473145
vt 0.604980 0.469238
vt 0.600098 0.473145
vt 0.604980 0.465332
vt 0.601562 0.469238
vt 0.601562 0.465332
vt 0.600098 0.469238
vt 0.600098 0.465332
vt 0.598633 0.473145
vt 0.598633 0.469238
vt 0.595215 0.469238
vt 0.598633 0.476562
vt 0.595215 0.472656
vt 0.591797 0.473145
vt 0.595215 0.476562
vt 0.589844 0.473145
vt 0.591797 0.476562
vt 0.595215 0.479492
vt 0.591309 0.480957
vt 0.592773 0.484863
vt 0.439209 0.396973
vt 0.441162 0.391602
vt 0.438477 0.395020
vt 0.442627 0.395508
vt 0.443848 0.390625
vt 0.442871 0.399414
vt 0.439453 0.399902
vt 0.439453 0.403320
vt 0.444092 0.395020
vt 0.442871 0.403320
vt 0.445801 0.395508
vt 0.446533 0.391113
vt 0.444336 0.399414
vt 0.449463 0.396484
vt 0.449463 0.394531
vt 0.452148 0.391602
vt 0.446045 0.399414
vt 0.444580 0.402832
vt 0.452881 0.395508
vt 0.454590 0.390625
vt 0.446045 0.403320
vt 0.444580 0.406738
vt 0.442871 0.406738
vt 0.439453 0.406738
vt 0.442871 0.410645
vt 0.439453 0.410645
vt 0.446045 0.406738
vt 0.442871 0.414062
vt 0.439453 0.414062
vt 0.439209 0.416992
vt 0.444580 0.410645
vt 0.442627 0.417969
vt 0.438477 0.418945
vt 0.441406 0.421875
vt 0.443848 0.423340
vt 0.444580 0.414551
vt 0.444336 0.418457
vt 0.445801 0.418457
vt 0.446777 0.422363
vt 0.449463 0.419434
vt 0.446045 0.410645
vt 0.446045 0.414551
vt 0.449463 0.417480
vt 0.449463 0.406738
vt 0.449463 0.414062
vt 0.449463 0.410645
vt 0.452881 0.414551
vt 0.452881 0.418457
vt 0.452148 0.422363
vt 0.454590 0.423340
vt 0.452881 0.410645
vt 0.454590 0.414551
vt 0.454590 0.418457
vt 0.456055 0.418457
vt 0.457031 0.422363
vt 0.459717 0.419434
vt 0.454590 0.410645
vt 0.459717 0.416992
vt 0.456055 0.414551
vt 0.456055 0.410645
vt 0.454590 0.406738
vt 0.452881 0.406738
vt 0.449463 0.403320
vt 0.449463 0.399414
vt 0.452881 0.402832
vt 0.452881 0.399414
vt 0.454590 0.398926
vt 0.454590 0.402832
vt 0.456055 0.402832
vt 0.454590 0.395020
vt 0.456055 0.395508
vt 0.457031 0.391113
vt 0.456055 0.399414
vt 0.459717 0.396484
vt 0.459717 0.394531
vt 0.462158 0.391602
vt 0.459717 0.399414
vt 0.463135 0.395508
vt 0.464600 0.390137
vt 0.463135 0.399414
vt 0.459717 0.403320
vt 0.464844 0.395020
vt 0.456055 0.406738
vt 0.466309 0.395020
vt 0.467285 0.391113
vt 0.464600 0.398926
vt 0.469971 0.396484
vt 0.470215 0.394043
vt 0.473389 0.391602
vt 0.466309 0.398926
vt 0.462891 0.402832
vt 0.473633 0.395508
vt 0.476318 0.391113
vt 0.469727 0.399414
vt 0.475342 0.395508
vt 0.473145 0.399414
vt 0.476807 0.395996
vt 0.479004 0.392578
vt 0.474609 0.399414
vt 0.480713 0.398438
vt 0.481445 0.396973
vt 0.476074 0.399414
vt 0.480469 0.400879
vt 0.480225 0.403809
vt 0.475830 0.403320
vt 0.475830 0.406738
vt 0.480225 0.406738
vt 0.474365 0.403320
vt 0.475830 0.410645
vt 0.480225 0.410156
vt 0.474365 0.406738
vt 0.472900 0.403320
vt 0.474365 0.410645
vt 0.469482 0.403320
vt 0.472656 0.406738
vt 0.472900 0.410645
vt 0.466064 0.402832
vt 0.469482 0.406738
vt 0.464600 0.402832
vt 0.466064 0.406738
vt 0.464600 0.406738
vt 0.466064 0.410645
vt 0.462891 0.406738
vt 0.464600 0.410645
vt 0.459717 0.406738
vt 0.462891 0.410645
vt 0.459717 0.410645
vt 0.464600 0.414551
vt 0.459717 0.414062
vt 0.463135 0.414551
vt 0.463135 0.418457
vt 0.462158 0.421875
vt 0.464600 0.423340
vt 0.464844 0.418457
vt 0.466309 0.418457
vt 0.467285 0.422363
vt 0.469971 0.419434
vt 0.466064 0.414551
vt 0.469971 0.417480
vt 0.469482 0.410645
vt 0.469727 0.414062
vt 0.473145 0.414062
vt 0.473633 0.417969
vt 0.473145 0.421875
vt 0.476074 0.422852
vt 0.474609 0.414551
vt 0.475342 0.418457
vt 0.476807 0.417969
vt 0.478760 0.421387
vt 0.481201 0.416504
vt 0.480713 0.415527
vt 0.476074 0.414062
vt 0.480469 0.413086
vt 0.963379 0.517822
vt 0.966309 0.516602
vt 0.966309 0.520996
vt 0.962402 0.520996
vt 0.969727 0.517822
vt 0.963379 0.523926
vt 0.970703 0.520996
vt 0.966309 0.525146
vt 0.969727 0.523926
vt 0.002853 0.343750
vt 0.005318 0.346191
vt 0.005318 0.342773
vt 0.001830 0.346191
vt 0.007786 0.343750
vt 0.002853 0.348633
vt 0.008804 0.346191
vt 0.005318 0.349609
vt 0.007786 0.348633
s 1
usemtl M_Electric_trellis_1
f 1/1/1 2/2/1 3/3/1
f 2/2/1 1/1/1 4/4/1
f 5/5/2 2/6/2 4/7/2
f 2/6/2 5/5/2 6/8/2
f 5/5/3 7/9/3 6/8/3
f 7/9/3 5/5/3 8/10/3
f 1/1/4 7/9/4 8/10/4
f 7/9/4 1/1/4 3/3/4
f 8/10/5 5/5/6 1/11/5
f 4/12/6 1/11/5 5/5/6
f 3/3/7 2/2/7 7/13/7
f 6/14/7 7/13/7 2/2/7
f 9/15/1 10/16/1 11/17/1
f 10/16/1 9/15/1 12/18/1
f 13/19/2 10/20/2 12/21/2
f 10/20/2 13/19/2 14/22/2
f 13/19/3 15/23/3 14/22/3
f 15/23/3 13/19/3 16/24/3
f 9/15/4 15/23/4 16/24/4
f 15/23/4 9/15/4 11/17/4
f 16/24/5 13/19/6 9/25/5
f 12/26/6 9/25/5 13/19/6
f 11/17/7 10/16/7 15/27/7
f 14/28/7 15/27/7 10/16/7
f 17/29/8 18/30/8 19/31/8
f 19/31/8 20/32/8 17/29/8
f 21/33/9 17/34/9 22/35/9
f 17/34/9 21/33/9 18/36/10
f 23/37/11 22/35/11 24/38/11
f 22/35/11 23/37/11 21/33/11
f 20/32/12 23/37/13 24/38/12
f 23/37/13 20/32/12 19/31/13
f 24/38/14 22/35/15 20/39/14
f 17/40/15 20/39/14 22/35/15
f 19/31/16 21/41/17 23/42/17
f 21/41/17 19/31/16 18/30/17
f 25/43/18 26/44/19 27/45/19
f 26/44/19 25/43/18 28/46/19
f 29/47/20 25/43/20 27/45/20
f 25/43/20 29/47/20 30/48/20
f 31/49/21 32/50/21 30/48/21
f 30/48/21 29/47/22 31/49/21
f 28/46/23 31/51/24 26/44/23
f 31/51/24 28/46/23 32/52/24
f 31/49/25 29/47/26 26/53/25
f 27/54/25 26/53/25 29/47/26
f 28/55/27 30/48/28 32/50/27
f 30/48/28 28/55/27 25/56/27
f 33/57/29 34/58/30 35/59/30
f 35/59/30 36/60/31 33/57/29
f 37/61/32 33/62/32 38/63/32
f 33/62/32 37/61/32 34/64/32
f 39/65/33 38/63/34 40/66/33
f 38/63/34 39/65/33 37/61/33
f 36/60/35 39/65/36 40/66/36
f 39/65/36 36/60/35 35/59/36
f 40/66/5 38/63/5 36/67/5
f 33/68/5 36/67/5 38/63/5
f 35/59/27 37/69/27 39/70/27
f 37/69/27 35/59/27 34/58/27
f 41/71/37 42/72/38 43/73/38
f 42/72/38 41/71/37 44/74/37
f 45/75/39 41/71/39 43/73/39
f 41/71/39 45/75/39 46/76/39
f 47/77/40 48/78/40 46/76/41
f 46/76/41 45/75/42 47/77/40
f 44/74/43 47/79/43 42/72/44
f 47/79/43 44/74/43 48/80/43
f 47/77/45 45/75/45 42/81/45
f 42/81/45 45/75/45 43/82/45
f 44/83/7 46/76/7 48/78/7
f 46/76/7 44/83/7 41/84/7
f 49/85/46 50/86/46 51/87/47
f 51/87/47 52/88/46 49/85/46
f 53/89/48 50/90/48 49/91/48
f 50/90/48 53/89/48 54/92/49
f 55/93/50 53/89/50 56/94/50
f 53/89/50 55/93/50 54/92/50
f 51/87/51 56/94/51 52/88/51
f 56/94/51 51/87/51 55/93/51
f 56/94/52 53/89/52 52/95/52
f 49/96/53 52/95/52 53/89/52
f 51/87/54 54/97/55 55/98/55
f 54/97/55 51/87/54 50/86/55
f 57/99/56 58/100/57 59/101/58
f 58/100/57 57/99/56 60/102/59
f 61/103/60 62/104/60 58/105/60
f 58/105/60 60/106/60 61/103/60
f 63/107/61 62/104/61 61/103/61
f 62/104/61 63/107/61 64/108/61
f 59/101/62 63/107/62 57/99/62
f 63/107/62 59/101/62 64/108/63
f 63/107/52 61/103/64 57/109/64
f 60/110/64 57/109/64 61/103/64
f 59/101/65 62/111/66 64/112/65
f 62/111/66 59/101/65 58/100/66
f 65/113/3 66/114/3 67/115/3
f 68/116/3 67/115/3 66/114/3
f 69/117/67 70/118/67 67/115/67
f 69/117/68 67/115/68 68/116/68
f 65/119/69 67/115/69 71/120/69
f 71/120/69 72/121/69 65/119/69
f 66/114/70 65/113/70 72/122/70
f 66/114/70 72/122/70 73/123/70
f 74/124/1 75/125/1 70/118/1
f 70/118/1 69/117/1 74/124/1
f 70/118/71 71/120/72 67/115/72
f 71/120/72 70/118/71 75/126/71
f 76/127/73 71/128/73 75/125/73
f 76/127/73 75/125/73 74/124/73
f 71/129/74 73/123/74 72/122/74
f 73/123/75 71/129/75 76/130/75
f 77/131/76 78/132/76 79/133/76
f 80/134/76 79/133/76 78/132/76
f 79/133/77 80/134/77 81/135/77
f 79/133/77 81/135/77 82/136/77
f 77/137/4 79/133/4 83/138/4
f 77/137/4 83/138/4 84/139/4
f 77/131/78 85/140/78 78/132/79
f 85/140/78 77/131/78 84/141/78
f 86/142/80 87/143/80 82/136/80
f 86/142/80 82/136/80 81/135/80
f 82/136/4 83/138/4 79/133/4
f 83/138/4 82/136/4 87/144/4
f 83/145/81 86/142/82 88/146/82
f 86/142/82 83/145/81 87/143/82
f 83/147/83 85/140/83 84/141/83
f 85/140/83 83/147/83 88/148/83
f 89/149/84 90/150/84 91/151/85
f 91/151/85 92/152/86 89/149/84
f 93/153/87 90/154/87 89/155/87
f 90/154/87 93/153/87 94/156/87
f 95/157/88 93/153/88 96/158/88
f 93/153/88 95/157/88 94/156/89
f 91/151/90 96/158/91 92/152/91
f 96/158/91 91/151/90 95/157/90
f 96/158/52 89/159/52 92/160/52
f 89/159/52 96/158/52 93/153/52
f 91/151/92 94/161/92 95/162/92
f 94/161/92 91/151/92 90/150/92
f 97/163/93 98/164/93 99/165/93
f 98/164/93 97/163/93 100/166/93
f 101/167/94 102/168/94 98/169/94
f 98/169/94 100/170/94 101/167/94
f 102/168/95 101/167/96 103/171/96
f 102/168/95 103/171/96 104/172/95
f 99/165/97 103/171/97 97/163/97
f 103/171/97 99/165/97 104/172/97
f 103/171/64 101/167/52 97/173/52
f 100/174/52 97/173/52 101/167/52
f 99/165/98 102/175/66 104/176/65
f 102/175/66 99/165/98 98/164/65
f 105/177/99 106/178/99 107/179/99
f 107/179/99 108/180/99 105/177/99
f 106/181/100 105/182/100 109/183/100
f 106/181/100 109/183/100 110/184/100
f 109/183/101 111/185/101 110/184/101
f 111/185/101 109/183/101 112/186/101
f 108/180/102 107/179/102 111/185/102
f 108/180/102 111/185/102 112/186/102
f 112/186/3 105/187/103 108/188/3
f 105/187/103 112/186/3 109/183/103
f 106/178/104 111/189/105 107/179/105
f 111/189/105 106/178/104 110/190/106
f 113/191/107 114/192/108 115/193/108
f 114/192/108 113/191/107 116/194/108
f 117/195/109 116/196/110 118/197/110
f 116/196/110 117/195/109 114/198/111
f 119/199/112 120/200/112 117/195/112
f 117/195/112 118/197/112 119/199/112
f 113/191/113 115/193/114 120/200/113
f 113/191/113 120/200/113 119/199/114
f 119/199/52 116/201/52 113/202/52
f 116/201/52 119/199/52 118/197/52
f 114/192/66 120/203/65 115/193/65
f 120/203/65 114/192/66 117/204/65
f 121/205/115 122/206/115 123/207/116
f 124/208/115 123/207/116 122/206/115
f 125/209/117 121/210/117 126/211/117
f 121/210/117 125/209/117 122/212/117
f 127/213/118 125/209/119 126/211/119
f 125/209/119 127/213/118 128/214/118
f 123/207/120 128/214/120 127/213/120
f 128/214/120 123/207/120 124/208/120
f 125/209/121 128/214/121 124/215/122
f 125/209/121 124/215/122 122/216/122
f 126/217/123 123/207/124 127/218/124
f 123/207/124 126/217/123 121/205/124
f 129/219/125 130/220/125 131/221/125
f 130/220/125 129/219/125 132/222/125
f 133/223/126 129/224/126 134/225/126
f 132/226/126 129/224/126 133/223/126
f 135/227/127 134/225/128 136/228/127
f 134/225/128 135/227/127 133/223/127
f 131/221/129 135/227/130 136/228/129
f 135/227/130 131/221/129 130/220/129
f 133/223/122 135/227/122 130/229/131
f 133/223/122 130/229/131 132/230/131
f 134/231/132 131/221/133 136/232/134
f 131/221/133 134/231/132 129/219/133
f 137/233/3 138/234/3 139/235/3
f 137/233/3 139/235/3 140/236/3
f 139/235/135 141/237/135 140/236/135
f 141/237/135 139/235/135 142/238/135
f 143/239/136 144/240/137 138/241/137
f 138/241/137 144/240/137 139/235/137
f 143/242/138 137/233/138 145/243/138
f 137/233/138 143/242/138 138/234/139
f 146/244/1 142/238/140 147/245/140
f 141/237/1 142/238/140 146/244/1
f 142/238/141 144/240/141 147/246/141
f 144/240/141 142/238/141 139/235/142
f 144/247/143 148/248/144 147/245/143
f 146/244/145 147/245/143 148/248/144
f 145/243/146 144/249/147 143/242/146
f 144/249/147 145/243/146 148/250/147
f 149/251/148 150/252/148 151/253/148
f 149/251/149 151/253/149 152/254/149
f 152/254/77 151/253/77 153/255/150
f 154/256/77 153/255/150 151/253/77
f 151/253/4 150/257/4 155/258/4
f 156/259/4 155/258/4 150/257/4
f 157/260/78 150/252/78 149/251/78
f 150/252/79 157/260/79 156/261/79
f 158/262/151 159/263/152 154/256/151
f 153/255/152 154/256/151 159/263/152
f 154/256/4 155/258/4 158/264/4
f 155/258/4 154/256/4 151/253/4
f 155/265/153 159/263/153 158/262/153
f 159/263/153 155/265/153 160/266/153
f 155/267/154 157/260/154 160/268/154
f 157/260/154 155/267/154 156/261/154
f 161/269/155 162/270/155 163/271/156
f 164/272/155 163/271/156 162/270/155
f 165/273/157 161/274/157 166/275/157
f 161/274/157 165/273/157 162/276/157
f 167/277/158 165/273/158 166/275/158
f 165/273/158 167/277/158 168/278/159
f 163/271/160 164/272/161 167/277/160
f 168/278/160 167/277/160 164/272/161
f 168/278/131 162/279/131 165/273/131
f 162/279/131 168/278/131 164/280/131
f 166/281/162 163/271/162 167/282/162
f 163/271/162 166/281/162 161/269/162
f 169/283/163 170/284/163 171/285/163
f 170/284/163 169/283/163 172/286/163
f 173/287/164 169/288/164 174/289/164
f 172/290/164 169/288/164 173/287/164
f 175/291/165 174/289/165 176/292/165
f 174/289/165 175/291/165 173/287/166
f 171/285/167 175/291/168 176/292/167
f 175/291/168 171/285/167 170/284/168
f 173/287/131 175/291/131 170/293/121
f 173/287/131 170/293/121 172/294/121
f 174/295/133 171/285/133 176/296/169
f 171/285/133 174/295/133 169/283/133
f 177/297/170 178/298/170 179/299/170
f 179/299/170 178/298/170 180/300/170
f 181/301/171 180/302/172 182/303/172
f 180/302/172 181/301/171 179/304/172
f 183/305/173 181/301/173 182/303/173
f 181/301/173 183/305/173 184/306/173
f 178/298/174 177/297/174 183/305/174
f 184/306/174 183/305/174 177/297/174
f 184/306/3 179/307/175 181/301/175
f 179/307/175 184/306/3 177/308/3
f 180/300/176 183/309/176 182/310/177
f 183/309/176 180/300/176 178/298/176
f 185/311/178 186/312/179 187/313/180
f 186/312/179 185/311/178 188/314/179
f 189/315/181 187/316/181 186/317/182
f 187/316/181 189/315/181 190/318/181
f 191/319/183 189/315/184 192/320/184
f 190/318/185 189/315/184 191/319/183
f 188/314/186 185/311/187 192/320/187
f 191/319/187 192/320/187 185/311/187
f 191/319/131 187/321/131 190/318/131
f 187/321/131 191/319/131 185/322/131
f 186/312/132 192/323/132 189/324/132
f 192/323/132 186/312/132 188/314/132
f 193/325/188 194/326/189 195/327/188
f 195/327/188 196/328/190 193/325/188
f 197/329/191 194/330/191 193/331/191
f 194/330/191 197/329/191 198/332/191
f 199/333/192 197/329/192 200/334/192
f 197/329/192 199/333/192 198/332/192
f 199/333/193 196/328/193 195/327/193
f 196/328/193 199/333/193 200/334/193
f 200/334/194 197/329/194 196/335/194
f 193/336/195 196/335/194 197/329/194
f 195/327/196 198/337/196 199/338/196
f 198/337/196 195/327/196 194/326/197
f 201/339/198 202/340/199 203/341/199
f 202/340/199 201/339/198 204/342/199
f 203/341/200 205/343/201 201/339/201
f 205/343/201 203/341/200 206/344/200
f 207/345/202 208/346/203 205/343/203
f 205/343/203 206/344/203 207/345/202
f 202/340/204 208/347/205 207/348/204
f 208/347/205 202/340/204 204/342/206
f 207/345/207 206/344/208 202/349/207
f 203/350/207 202/349/207 206/344/208
f 204/351/196 205/343/196 208/346/196
f 205/343/196 204/351/196 201/352/196
f 209/353/209 210/354/210 211/355/210
f 211/355/210 212/356/210 209/353/209
f 209/357/211 213/358/211 210/359/211
f 213/358/211 209/357/211 214/360/211
f 215/361/212 214/360/213 216/362/213
f 214/360/213 215/361/212 213/358/212
f 212/356/214 215/361/214 216/362/214
f 215/361/214 212/356/214 211/355/215
f 216/362/5 214/360/5 212/363/5
f 209/364/5 212/363/5 214/360/5
f 211/355/216 213/365/216 215/366/216
f 213/365/216 211/355/216 210/354/217
f 217/367/218 218/368/218 219/369/218
f 218/368/218 217/367/218 220/370/218
f 219/369/219 221/371/220 217/367/220
f 221/371/220 219/369/219 222/372/219
f 223/373/221 224/374/222 221/371/222
f 221/371/222 222/372/221 223/373/221
f 218/368/223 224/375/224 223/376/223
f 224/375/224 218/368/223 220/370/224
f 223/373/225 222/372/225 218/377/225
f 219/378/225 218/377/225 222/372/225
f 220/379/7 221/371/7 224/374/7
f 221/371/7 220/379/7 217/380/7
f 225/381/1 226/382/1 227/383/1
f 226/382/1 225/381/1 228/384/1
f 227/385/4 226/386/4 229/387/4
f 229/387/4 226/386/4 230/388/4
f 229/387/3 231/389/3 232/390/3
f 231/389/3 229/387/3 230/388/3
f 232/390/2 231/389/2 225/381/2
f 225/381/2 231/389/2 228/384/2
f 225/391/5 227/392/6 229/387/6
f 225/391/5 229/387/6 232/390/5
f 231/393/7 230/394/7 226/382/7
f 231/393/7 226/382/7 228/384/7
f 233/395/1 234/396/1 235/397/1
f 234/396/1 233/395/1 236/398/1
f 235/399/4 234/400/4 237/401/4
f 237/401/4 234/400/4 238/402/4
f 237/401/3 239/403/3 240/404/3
f 239/403/3 237/401/3 238/402/3
f 240/404/2 239/403/2 233/395/2
f 233/395/2 239/403/2 236/398/2
f 233/405/5 235/406/6 237/401/6
f 233/405/5 237/401/6 240/404/5
f 239/407/7 238/408/7 234/396/7
f 239/407/7 234/396/7 236/398/7
f 241/409/226 242/410/227 243/411/227
f 244/412/228 243/411/227 242/410/227
f 242/413/229 245/414/229 246/415/229
f 245/414/229 242/413/229 241/416/229
f 246/415/230 247/417/230 248/418/230
f 247/417/230 246/415/230 245/414/230
f 243/411/231 244/412/232 247/417/231
f 248/418/232 247/417/231 244/412/232
f 246/415/233 248/418/234 244/419/233
f 244/419/233 242/420/234 246/415/233
f 245/421/235 243/411/235 247/422/236
f 243/411/235 245/421/235 241/409/235
f 249/423/237 250/424/237 251/425/238
f 250/424/237 249/423/237 252/426/238
f 253/427/239 254/428/239 250/424/239
f 251/425/239 250/424/239 254/428/239
f 255/429/240 256/430/240 253/427/240
f 254/428/241 253/427/240 256/430/240
f 256/431/242 252/426/243 249/423/243
f 252/426/243 256/431/242 255/432/242
f 254/428/244 256/430/244 249/433/244
f 249/433/244 251/434/244 254/428/244
f 253/427/245 252/435/246 255/429/246
f 252/435/246 253/427/245 250/436/246
f 257/437/247 258/438/247 259/439/247
f 260/440/248 259/439/247 258/438/247
f 258/441/249 261/442/249 262/443/249
f 261/442/249 258/441/249 257/444/249
f 262/443/250 263/445/250 264/446/250
f 263/445/250 262/443/250 261/442/251
f 259/439/252 260/440/253 263/445/252
f 264/446/252 263/445/252 260/440/253
f 262/443/5 264/446/5 260/447/5
f 260/447/5 258/448/5 262/443/5
f 261/449/246 259/439/246 263/450/246
f 259/439/246 261/449/246 257/437/246
f 265/451/254 266/452/254 267/453/255
f 266/452/254 265/451/254 268/454/256
f 269/455/257 270/456/257 266/452/257
f 267/453/257 266/452/257 270/456/257
f 271/457/258 272/458/259 269/455/258
f 270/456/259 269/455/258 272/458/259
f 272/459/260 268/454/260 265/451/261
f 268/454/260 272/459/260 271/460/260
f 270/456/262 272/458/262 265/461/262
f 265/461/262 267/462/262 270/456/262
f 269/455/7 268/463/7 271/457/7
f 268/463/7 269/455/7 266/464/7
f 273/465/263 274/466/263 275/467/264
f 275/467/264 274/466/263 276/468/263
f 277/469/265 278/470/265 273/471/265
f 274/472/265 273/471/265 278/470/265
f 278/470/266 279/473/266 280/474/266
f 279/473/266 278/470/266 277/469/266
f 275/467/267 280/474/267 279/473/268
f 280/474/267 275/467/267 276/468/267
f 276/475/269 274/476/269 278/470/269
f 276/475/269 278/470/269 280/474/269
f 275/467/270 277/477/271 273/465/270
f 277/477/271 275/467/270 279/478/271
f 281/479/272 282/480/273 283/481/274
f 282/480/273 281/479/272 284/482/272
f 285/483/275 286/484/275 281/485/275
f 284/486/275 281/485/275 286/484/275
f 287/487/276 288/488/277 285/483/277
f 286/484/277 285/483/277 288/488/277
f 283/481/278 288/488/278 287/487/279
f 288/488/278 283/481/278 282/480/278
f 282/489/280 284/490/280 286/484/280
f 282/489/280 286/484/280 288/488/269
f 283/481/281 285/491/281 281/479/281
f 285/491/281 283/481/281 287/492/282
f 289/493/3 290/494/3 291/495/3
f 291/495/3 292/496/3 289/493/3
f 292/496/283 291/495/284 293/497/283
f 294/498/284 293/497/283 291/495/284
f 291/495/285 290/499/285 295/500/285
f 295/500/285 290/499/285 296/501/285
f 297/502/286 296/503/287 289/493/286
f 290/494/287 289/493/286 296/503/287
f 298/504/1 299/505/1 294/498/1
f 293/497/1 294/498/1 299/505/1
f 295/500/288 294/498/289 291/495/290
f 294/498/289 295/500/288 298/506/289
f 300/507/291 298/504/291 295/508/291
f 298/504/291 300/507/291 299/505/292
f 295/509/293 297/502/293 300/510/294
f 297/502/293 295/509/293 296/503/293
f 301/511/295 302/512/295 303/513/295
f 303/513/295 304/514/295 301/511/295
f 303/513/296 305/515/297 304/514/296
f 306/516/296 305/515/297 303/513/296
f 303/513/2 302/517/2 307/518/2
f 307/518/2 302/517/2 308/519/2
f 309/520/298 302/512/298 301/511/298
f 302/512/298 309/520/298 308/521/298
f 310/522/299 306/516/299 311/523/299
f 305/515/299 306/516/299 310/522/299
f 306/516/2 307/518/2 311/524/2
f 307/518/2 306/516/2 303/513/2
f 307/525/300 310/522/300 311/523/301
f 310/522/300 307/525/300 312/526/300
f 309/520/302 307/527/302 308/521/302
f 307/527/302 309/520/302 312/528/302
f 313/529/303 314/530/304 315/531/305
f 316/532/305 315/531/305 314/530/304
f 317/533/306 318/534/306 316/535/306
f 315/536/306 316/535/306 318/534/306
f 318/534/307 319/537/308 320/538/309
f 319/537/308 318/534/307 317/533/307
f 314/530/310 320/538/311 319/537/310
f 320/538/311 314/530/310 313/529/310
f 315/539/269 320/538/269 313/540/269
f 320/538/269 315/539/269 318/534/269
f 314/530/312 317/541/312 316/532/312
f 317/541/312 314/530/312 319/542/312
f 321/543/313 322/544/313 323/545/313
f 322/544/313 321/543/313 324/546/313
f 325/547/314 326/548/314 321/549/314
f 324/550/314 321/549/314 326/548/314
f 327/551/315 328/552/316 325/547/315
f 326/548/316 325/547/315 328/552/316
f 323/545/317 328/552/317 327/551/317
f 328/552/317 323/545/317 322/544/317
f 322/553/269 324/554/269 326/548/269
f 322/553/269 326/548/269 328/552/269
f 323/545/282 325/555/281 321/543/282
f 325/555/281 323/545/282 327/556/282
f 329/557/318 330/558/318 331/559/318
f 331/559/318 330/558/318 332/560/318
f 333/561/319 334/562/320 329/563/319
f 330/564/319 329/563/319 334/562/320
f 334/562/321 335/565/321 336/566/321
f 335/565/321 334/562/321 333/561/321
f 332/560/322 335/565/322 331/559/322
f 335/565/322 332/560/322 336/566/322
f 330/567/103 336/566/3 332/568/3
f 336/566/3 330/567/103 334/562/103
f 329/557/323 331/559/324 335/569/324
f 329/557/323 335/569/324 333/570/323
f 337/571/325 338/572/326 339/573/325
f 338/572/326 337/571/325 340/574/326
f 341/575/327 340/576/328 337/577/328
f 340/576/328 341/575/327 342/578/328
f 343/579/329 344/580/329 341/575/329
f 342/578/329 341/575/329 344/580/329
f 338/572/330 343/579/331 339/573/330
f 343/579/331 338/572/330 344/580/330
f 340/581/269 344/580/269 338/582/269
f 344/580/269 340/581/269 342/578/269
f 337/571/282 339/573/282 343/583/282
f 337/571/282 343/583/282 341/584/282
f 345/585/332 346/586/333 347/587/333
f 345/585/332 347/587/333 348/588/333
f 349/589/334 350/590/335 348/591/334
f 349/589/334 348/591/334 347/592/334
f 349/589/336 351/593/337 350/590/336
f 351/593/337 349/589/336 352/594/337
f 345/585/338 352/594/338 346/586/338
f 352/594/338 345/585/338 351/593/338
f 349/589/339 346/595/340 352/594/339
f 346/595/340 349/589/339 347/596/340
f 345/585/341 350/597/341 351/598/341
f 350/597/341 345/585/341 348/588/341
f 353/599/342 354/600/342 355/601/342
f 354/600/342 353/599/342 356/602/342
f 357/603/343 358/604/343 353/605/343
f 357/603/343 353/605/343 355/606/343
f 359/607/344 360/608/344 358/604/345
f 358/604/345 357/603/344 359/607/344
f 359/607/346 356/602/347 360/608/347
f 356/602/347 359/607/346 354/600/347
f 357/603/340 354/609/348 359/607/340
f 354/609/348 357/603/340 355/610/348
f 356/602/349 358/611/349 360/612/349
f 358/611/349 356/602/349 353/599/350
f 361/613/3 362/614/3 363/615/3
f 364/616/3 362/614/3 361/613/3
f 362/614/351 364/616/351 365/617/351
f 362/614/351 365/617/351 366/618/351
f 363/619/352 367/620/352 368/621/353
f 363/619/352 362/614/352 367/620/352
f 368/622/354 369/623/354 361/613/354
f 368/622/355 361/613/354 363/615/354
f 370/624/140 371/625/140 366/618/140
f 370/624/1 366/618/1 365/617/1
f 367/620/356 366/618/356 371/626/356
f 366/618/356 367/620/356 362/614/357
f 371/625/358 370/624/358 372/627/358
f 371/625/359 372/627/359 367/628/359
f 367/629/360 369/623/360 368/622/360
f 369/623/361 367/629/361 372/630/361
f 373/631/362 374/632/362 375/633/362
f 376/634/363 374/632/362 373/631/362
f 374/632/297 376/634/297 377/635/297
f 377/635/297 378/636/297 374/632/297
f 379/637/2 380/638/2 375/639/2
f 379/637/2 375/639/2 374/632/2
f 381/640/364 375/633/298 380/641/298
f 375/633/298 381/640/364 373/631/298
f 382/642/365 383/643/366 378/636/366
f 378/636/365 377/635/365 382/642/365
f 378/636/2 379/637/2 374/632/2
f 379/637/2 378/636/2 383/644/2
f 382/642/367 379/645/368 383/643/368
f 379/645/368 382/642/367 384/646/368
f 379/647/369 381/640/369 380/641/369
f 381/640/369 379/647/369 384/648/369
f 385/649/370 386/650/370 387/651/371
f 387/651/371 388/652/370 385/649/370
f 389/653/372 390/654/372 386/655/372
f 389/653/372 386/655/372 385/656/373
f 389/653/374 391/657/374 390/654/374
f 391/657/374 389/653/374 392/658/375
f 388/652/376 387/651/376 391/657/376
f 391/657/376 392/658/376 388/652/376
f 392/658/348 385/659/348 388/660/348
f 385/659/348 392/658/348 389/653/348
f 387/651/377 390/661/377 391/662/377
f 390/661/377 387/651/377 386/650/377
f 393/663/378 394/664/378 395/665/378
f 394/664/378 393/663/378 396/666/378
f 397/667/379 398/668/379 393/669/379
f 397/667/379 393/669/379 395/670/379
f 399/671/380 400/672/380 398/668/380
f 398/668/380 397/667/381 399/671/380
f 399/671/382 396/666/383 400/672/383
f 396/666/383 399/671/382 394/664/382
f 397/667/348 394/673/339 399/671/348
f 394/673/339 397/667/348 395/674/348
f 396/666/349 398/675/349 400/676/349
f 398/675/349 396/666/349 393/663/349
f 401/677/384 402/678/384 403/679/384
f 402/678/384 401/677/384 404/680/384
f 405/681/385 406/682/386 404/683/386
f 405/681/385 404/683/386 401/684/386
f 407/685/387 405/681/387 408/686/387
f 405/681/387 407/685/387 406/682/387
f 407/685/388 408/686/388 403/679/388
f 407/685/388 403/679/388 402/678/388
f 408/686/3 401/687/175 403/688/3
f 401/687/175 408/686/3 405/681/175
f 402/678/389 404/680/389 407/689/390
f 406/690/390 407/689/390 404/680/389
f 409/691/391 410/692/392 411/693/393
f 410/692/392 409/691/391 412/694/391
f 413/695/394 411/696/395 414/697/395
f 411/696/395 413/695/394 409/698/395
f 415/699/396 416/700/397 413/695/397
f 413/695/397 414/697/398 415/699/396
f 410/692/399 416/700/399 415/699/399
f 416/700/399 410/692/399 412/694/400
f 415/699/348 411/701/348 410/702/348
f 411/701/348 415/699/348 414/697/348
f 412/694/349 409/691/350 416/703/350
f 413/704/350 416/703/350 409/691/350
f 417/705/401 418/706/401 419/707/401
f 420/708/402 419/707/401 418/706/401
f 418/709/403 417/710/403 421/711/403
f 417/710/403 422/712/403 421/711/403
f 421/711/404 423/713/404 424/714/404
f 423/713/404 421/711/404 422/712/404
f 424/714/405 423/713/405 420/708/405
f 420/708/405 423/713/405 419/707/405
f 421/711/406 420/715/407 418/716/408
f 420/715/407 421/711/406 424/714/406
f 422/717/409 419/707/409 423/718/409
f 419/707/409 422/717/409 417/705/410
f 425/719/411 426/720/412 427/721/411
f 426/720/412 425/719/411 428/722/411
f 427/721/413 429/723/414 430/724/413
f 429/723/414 427/721/413 426/720/414
f 431/725/415 432/726/415 429/723/415
f 430/724/416 429/723/415 432/726/415
f 432/727/417 431/728/418 425/719/417
f 431/728/418 428/722/418 425/719/417
f 430/724/419 425/729/420 427/730/420
f 425/729/420 430/724/419 432/726/420
f 429/723/409 428/731/409 431/725/409
f 428/731/409 429/723/409 426/732/409
f 433/733/421 434/734/422 435/735/421
f 436/736/421 435/735/421 434/734/422
f 434/737/423 437/738/423 438/739/423
f 437/738/423 434/737/423 433/740/423
f 438/739/424 439/741/425 440/742/426
f 439/741/425 438/739/424 437/738/425
f 440/742/427 439/741/427 436/736/427
f 436/736/427 439/741/427 435/735/427
f 438/739/5 436/743/5 434/744/5
f 436/743/5 438/739/5 440/742/5
f 437/745/428 435/735/428 439/746/429
f 435/735/428 437/745/428 433/733/429
f 441/747/430 442/748/430 443/749/430
f 442/748/430 441/747/430 444/750/430
f 443/749/431 445/751/432 446/752/431
f 445/751/432 443/749/431 442/748/432
f 447/753/433 448/754/434 445/751/433
f 446/752/434 445/751/433 448/754/434
f 448/755/435 447/756/436 441/747/436
f 441/747/436 447/756/436 444/750/436
f 441/757/437 443/758/437 446/752/437
f 441/757/437 446/752/437 448/754/437
f 445/751/7 444/759/7 447/753/7
f 444/759/7 445/751/7 442/760/7
f 449/761/438 450/762/438 451/763/438
f 451/763/439 452/764/439 449/761/439
f 453/765/440 450/766/440 449/767/440
f 450/766/440 453/765/440 454/768/440
f 455/769/441 453/765/441 456/770/441
f 453/765/441 455/769/441 454/768/441
f 451/763/442 456/770/443 452/764/442
f 456/770/443 451/763/442 455/769/442
f 457/771/444 458/772/445 459/773/444
f 458/772/445 457/771/444 460/774/444
f 461/775/446 459/773/447 462/776/446
f 459/773/447 461/775/446 457/771/446
f 463/777/448 464/778/448 461/775/448
f 461/775/448 462/776/448 463/777/448
f 458/772/449 464/779/449 463/780/449
f 464/779/449 458/772/449 460/774/449
f 465/781/450 466/782/450 467/783/450
f 467/783/451 468/784/451 465/781/451
f 469/785/452 466/786/452 465/787/452
f 466/786/452 469/785/452 470/788/452
f 471/789/448 469/785/448 472/790/448
f 469/785/448 471/789/448 470/788/448
f 467/783/453 472/790/453 468/784/453
f 472/790/453 467/783/453 471/789/453
f 473/791/444 474/792/454 475/793/454
f 474/792/454 473/791/444 476/794/444
f 477/795/455 475/793/455 478/796/455
f 475/793/455 477/795/455 473/791/456
f 479/797/448 480/798/448 477/795/448
f 477/795/448 478/796/448 479/797/448
f 474/792/457 480/799/457 479/800/457
f 480/799/457 474/792/457 476/794/457
f 481/801/458 482/802/458 483/803/458
f 483/803/459 484/804/459 481/801/459
f 485/805/460 482/806/460 481/807/460
f 482/806/460 485/805/460 486/808/460
f 487/809/461 485/805/462 488/810/463
f 485/805/462 487/809/461 486/808/462
f 483/803/464 488/810/465 484/804/464
f 488/810/465 483/803/464 487/809/465
f 489/811/466 490/812/466 491/813/466
f 490/812/466 489/811/466 492/814/466
f 493/815/447 491/813/447 494/816/447
f 491/813/447 493/815/447 489/811/446
f 495/817/467 496/818/468 493/815/467
f 493/815/468 494/816/468 495/817/468
f 490/812/469 496/819/469 495/820/469
f 496/819/449 490/812/449 492/814/449
f 497/821/466 498/822/466 499/823/466
f 497/821/470 499/823/470 500/824/470
f 501/825/471 502/826/471 503/827/471
f 503/827/472 504/828/472 501/825/472
f 505/829/440 502/830/440 501/831/440
f 502/830/440 505/829/440 506/832/440
f 507/833/441 505/829/473 508/834/474
f 505/829/473 507/833/441 506/832/475
f 503/827/476 508/834/476 504/828/476
f 508/834/476 503/827/476 507/833/476
f 509/835/477 510/836/477 511/837/478
f 510/836/477 509/835/477 512/838/478
f 513/839/479 511/837/479 514/840/479
f 511/837/479 513/839/479 509/835/479
f 515/841/480 516/842/480 513/839/480
f 513/839/480 514/840/480 515/841/480
f 510/836/481 516/843/481 515/844/481
f 516/843/481 510/836/481 512/838/481
f 517/845/482 518/846/482 519/847/482
f 519/847/482 520/848/482 517/845/482
f 521/849/483 518/850/483 517/851/483
f 518/850/484 521/849/484 522/852/484
f 523/853/485 521/849/485 524/854/485
f 521/849/485 523/853/485 522/852/485
f 519/847/486 524/854/486 520/848/486
f 524/854/486 519/847/486 523/853/486
f 525/855/487 526/856/487 527/857/487
f 526/856/487 525/855/487 528/858/487
f 529/859/488 527/857/489 530/860/489
f 527/857/489 529/859/488 525/855/489
f 531/861/490 532/862/490 529/859/490
f 529/859/490 530/860/490 531/861/490
f 526/856/491 532/863/491 531/864/491
f 532/863/491 526/856/491 528/858/491
f 533/865/482 534/866/482 535/867/482
f 535/867/492 536/868/492 533/865/492
f 537/869/493 534/866/493 533/865/493
f 534/866/494 537/869/494 538/870/494
f 539/871/485 537/869/485 540/872/485
f 537/869/485 539/871/485 538/870/485
f 535/867/495 540/873/496 536/868/495
f 540/873/496 535/867/495 539/874/495
f 541/875/497 542/876/497 543/877/497
f 543/877/497 544/878/497 541/875/497
f 545/879/498 542/876/498 541/875/498
f 542/876/498 545/879/498 546/880/498
f 547/881/499 545/879/500 548/882/500
f 545/879/500 547/881/499 546/880/500
f 543/877/501 548/883/502 544/878/501
f 548/883/502 543/877/501 547/884/501
f 549/885/487 550/886/503 551/887/487
f 550/886/503 549/885/487 552/888/487
f 553/889/504 551/887/504 554/890/504
f 551/887/504 553/889/504 549/885/504
f 555/891/490 556/892/490 553/893/490
f 553/893/490 554/894/490 555/891/490
f 550/886/505 556/892/505 555/891/505
f 556/892/505 550/886/505 552/888/505
f 557/895/506 558/896/478 559/897/477
f 558/896/478 557/895/506 560/898/506
f 561/899/507 559/897/507 562/900/507
f 559/897/507 561/899/507 557/895/507
f 563/901/508 564/902/508 561/899/508
f 561/899/480 562/900/480 563/901/480
f 558/896/509 564/903/509 563/904/509
f 564/903/509 558/896/509 560/898/509
f 565/905/510 566/906/510 567/907/511
f 566/906/510 565/905/510 568/908/511
f 569/909/512 568/908/513 565/905/514
f 568/908/513 569/909/512 570/910/513
f 571/911/515 570/912/515 569/913/516
f 570/912/515 571/911/515 572/914/515
f 567/907/517 572/914/518 571/911/518
f 572/914/518 567/907/517 566/906/518
f 565/915/5 567/916/5 569/913/5
f 569/913/5 567/916/5 571/911/5
f 566/917/7 570/912/7 572/914/7
f 570/912/7 566/917/7 568/918/7
f 573/919/519 574/920/519 575/921/519
f 575/921/519 574/920/519 576/922/519
f 577/923/520 575/921/520 576/922/520
f 575/921/520 577/923/520 578/924/520
f 578/924/521 579/925/521 580/926/521
f 579/925/521 578/924/521 577/923/521
f 574/920/522 573/919/522 579/927/522
f 579/927/522 573/919/522 580/928/522
f 578/924/523 580/926/524 573/929/524
f 573/929/524 575/930/523 578/924/523
f 574/931/525 577/923/526 576/932/526
f 577/923/526 574/931/525 579/925/525
f 581/933/527 582/934/527 583/935/528
f 582/934/527 581/933/527 584/936/528
f 583/935/529 585/937/529 586/938/529
f 585/937/529 583/935/529 582/934/530
f 586/939/531 585/940/532 587/941/531
f 585/940/532 588/942/531 587/941/531
f 581/933/533 588/942/533 584/936/534
f 588/942/533 581/933/533 587/941/533
f 587/941/535 583/943/535 586/939/535
f 583/943/535 587/941/535 581/944/535
f 582/945/536 588/942/536 585/940/536
f 588/942/536 582/945/536 584/946/536
f 589/947/537 590/948/537 591/949/537
f 590/948/537 589/947/537 592/950/537
f 593/951/538 592/952/539 589/953/538
f 592/952/539 593/951/538 594/954/538
f 595/955/540 593/951/540 596/956/540
f 593/951/540 595/955/540 594/954/540
f 591/949/541 590/948/542 596/956/543
f 596/956/543 590/948/542 595/955/543
f 594/954/544 595/955/544 590/957/544
f 590/957/544 592/958/544 594/954/544
f 593/951/545 591/959/545 596/956/545
f 591/959/545 593/951/545 589/960/545
f 597/961/546 598/962/546 599/963/546
f 599/963/546 598/962/546 600/964/510
f 601/965/547 602/966/547 597/961/548
f 597/961/548 602/966/547 598/962/547
f 603/967/515 604/968/516 601/965/516
f 601/965/516 604/968/516 602/966/516
f 599/963/549 600/964/549 603/969/549
f 603/969/549 600/964/549 604/970/549
f 604/968/7 598/971/7 602/966/7
f 598/971/7 604/968/7 600/972/7
f 597/973/5 603/967/5 601/965/5
f 603/967/5 597/973/5 599/974/5
f 605/975/550 606/976/550 607/977/550
f 606/976/550 605/975/550 608/978/550
f 609/979/551 607/977/551 610/980/551
f 607/977/551 609/979/551 605/975/551
f 611/981/552 612/982/552 609/979/552
f 609/979/552 610/980/552 611/981/552
f 606/976/553 612/983/553 611/984/553
f 612/983/553 606/976/553 608/978/553
f 611/981/554 607/985/554 606/986/554
f 607/985/554 611/981/554 610/980/554
f 605/987/555 612/982/555 608/988/555
f 612/982/555 605/987/555 609/979/555
f 613/989/510 614/990/510 615/991/510
f 615/991/510 616/992/510 613/989/510
f 617/993/556 613/989/556 618/994/556
f 613/989/556 617/993/556 614/990/556
f 619/995/515 618/994/515 620/996/515
f 618/994/515 619/995/515 617/993/515
f 619/997/557 616/992/557 615/991/557
f 616/992/557 619/997/557 620/998/557
f 613/999/558 616/1000/558 618/994/558
f 618/994/558 616/1000/558 620/996/559
f 617/993/560 615/1001/560 614/1002/560
f 615/1001/560 617/993/560 619/995/560
f 621/1003/561 622/1004/561 623/1005/561
f 622/1004/561 621/1003/561 624/1006/561
f 625/1007/562 623/1005/562 626/1008/562
f 623/1005/562 625/1007/562 621/1003/562
f 627/1009/563 625/1007/563 626/1008/563
f 625/1007/563 627/1009/563 628/1010/563
f 622/1004/564 628/1011/564 627/1012/564
f 628/1011/564 622/1004/564 624/1006/564
f 623/1013/565 622/1014/565 626/1008/565
f 626/1008/565 622/1014/565 627/1009/565
f 624/1015/566 625/1007/566 628/1010/566
f 625/1007/566 624/1015/566 621/1016/566
f 629/1017/567 630/1018/567 631/1019/510
f 630/1018/567 629/1017/567 632/1020/510
f 633/1021/548 632/1020/568 629/1017/568
f 632/1020/568 633/1021/548 634/1022/547
f 635/1023/569 634/1024/570 633/1025/515
f 634/1024/570 635/1023/569 636/1026/515
f 631/1019/571 636/1026/571 635/1023/572
f 636/1026/571 631/1019/571 630/1018/571
f 629/1027/5 635/1023/5 633/1025/5
f 635/1023/5 629/1027/5 631/1028/5
f 632/1029/7 636/1026/7 630/1030/7
f 636/1026/7 632/1029/7 634/1024/7
f 637/1031/573 638/1032/574 639/1033/573
f 640/1034/575 639/1033/573 638/1032/574
f 641/1035/576 642/1036/576 637/1037/576
f 638/1038/576 637/1037/576 642/1036/576
f 643/1039/577 642/1036/577 641/1035/577
f 642/1036/578 643/1039/578 644/1040/578
f 644/1040/579 639/1033/579 640/1034/579
f 639/1033/579 644/1040/579 643/1039/579
f 645/1041/580 646/1042/580 647/1043/580
f 646/1042/580 645/1041/580 648/1044/580
f 648/1044/581 649/1045/581 650/1046/581
f 649/1045/581 648/1044/581 645/1041/581
f 651/1047/582 652/1048/582 649/1045/582
f 650/1046/582 649/1045/582 652/1048/582
f 647/1043/583 646/1042/584 651/1049/583
f 652/1050/583 651/1049/583 646/1042/584
f 653/1051/585 654/1052/586 655/1053/585
f 656/1054/586 655/1053/585 654/1052/586
f 657/1055/587 658/1056/587 653/1057/587
f 654/1058/587 653/1057/587 658/1056/587
f 659/1059/582 658/1056/582 657/1055/582
f 658/1056/582 659/1059/582 660/1060/582
f 660/1060/588 655/1053/588 656/1054/588
f 655/1053/588 660/1060/588 659/1059/588
f 661/1061/580 662/1062/580 663/1063/580
f 662/1062/580 661/1061/580 664/1064/580
f 664/1064/589 665/1065/589 666/1066/589
f 665/1065/589 664/1064/589 661/1061/589
f 667/1067/582 668/1068/590 665/1065/582
f 666/1066/590 665/1065/582 668/1068/590
f 663/1063/591 662/1062/591 667/1069/591
f 668/1070/591 667/1069/591 662/1062/591
f 669/1071/592 670/1072/593 671/1073/594
f 672/1074/593 671/1073/594 670/1072/593
f 673/1075/595 674/1076/596 669/1077/596
f 670/1078/595 669/1077/596 674/1076/596
f 675/1079/597 674/1076/597 673/1075/597
f 674/1076/598 675/1079/598 676/1080/598
f 676/1080/599 671/1073/599 672/1074/599
f 671/1073/599 676/1080/599 675/1079/599
f 677/1081/600 678/1082/600 679/1083/600
f 678/1082/600 677/1081/600 680/1084/600
f 680/1084/581 681/1085/601 682/1086/601
f 681/1085/581 680/1084/581 677/1081/581
f 683/1087/602 684/1088/603 681/1085/603
f 682/1086/603 681/1085/603 684/1088/603
f 679/1083/583 678/1082/584 683/1089/584
f 684/1090/584 683/1089/584 678/1082/584
f 685/1091/604 686/1092/604 687/1093/604
f 686/1092/600 685/1091/600 688/1094/600
f 689/1095/603 690/1096/605 691/1097/603
f 690/1096/605 692/1098/603 691/1097/603
f 693/1099/606 694/1100/607 695/1101/608
f 696/1102/607 695/1101/608 694/1100/607
f 697/1103/576 698/1104/576 693/1105/576
f 694/1106/576 693/1105/576 698/1104/576
f 699/1107/609 698/1104/609 697/1103/609
f 698/1104/610 699/1107/610 700/1108/610
f 700/1108/611 695/1101/611 696/1102/611
f 695/1101/611 700/1108/611 699/1107/611
f 701/1109/612 702/1110/612 703/1111/612
f 702/1110/612 701/1109/612 704/1112/612
f 704/1112/613 705/1113/613 706/1114/613
f 705/1113/613 704/1112/613 701/1109/613
f 707/1115/614 708/1116/614 705/1113/615
f 706/1114/614 705/1113/615 708/1116/614
f 703/1111/616 702/1110/616 707/1117/616
f 708/1118/616 707/1117/616 702/1110/616
f 709/1119/617 710/1120/617 711/1121/617
f 712/1122/617 711/1121/617 710/1120/617
f 713/1123/618 714/1124/618 709/1125/619
f 710/1126/618 709/1125/619 714/1124/618
f 715/1127/620 714/1124/620 713/1123/620
f 714/1124/620 715/1127/620 716/1128/620
f 716/1128/621 711/1121/621 712/1122/621
f 711/1121/621 716/1128/621 715/1127/621
f 717/1129/622 718/1130/622 719/1131/622
f 718/1130/622 717/1129/622 720/1132/622
f 720/1132/623 721/1133/623 722/1134/623
f 721/1133/623 720/1132/623 717/1129/623
f 723/1135/624 724/1136/624 721/1133/624
f 722/1134/624 721/1133/624 724/1136/624
f 719/1131/625 718/1130/625 723/1137/626
f 724/1138/625 723/1137/626 718/1130/625
f 725/1139/617 726/1140/617 727/1141/617
f 728/1142/617 727/1141/617 726/1140/617
f 729/1143/627 730/1144/628 725/1139/627
f 726/1140/627 725/1139/627 730/1144/628
f 731/1145/620 730/1144/620 729/1143/620
f 730/1144/620 731/1145/620 732/1146/620
f 732/1147/629 727/1141/629 728/1142/629
f 727/1141/629 732/1147/629 731/1148/629
f 733/1149/573 734/1150/573 735/1151/573
f 734/1150/573 733/1149/573 736/1152/573
f 737/1153/630 738/1154/630 733/1149/630
f 736/1152/630 733/1149/630 738/1154/630
f 739/1155/577 737/1153/577 740/1156/577
f 737/1153/577 739/1155/577 738/1154/631
f 739/1157/632 735/1151/632 734/1150/632
f 735/1151/632 739/1157/632 740/1158/632
f 741/1159/622 742/1160/622 743/1161/622
f 742/1160/622 741/1159/622 744/1162/622
f 744/1162/633 745/1163/633 746/1164/633
f 745/1163/633 744/1162/633 741/1159/633
f 747/1165/624 748/1166/624 745/1167/624
f 746/1168/624 745/1167/624 748/1166/624
f 743/1161/634 742/1160/634 747/1165/634
f 748/1166/634 747/1165/634 742/1160/634
f 749/1169/635 750/1170/635 751/1171/635
f 750/1170/636 749/1169/636 752/1172/636
f 752/1172/637 753/1173/637 754/1174/637
f 753/1173/637 752/1172/637 749/1169/637
f 755/1175/614 756/1176/615 753/1173/614
f 754/1174/615 753/1173/614 756/1176/615
f 751/1171/638 750/1170/638 755/1177/638
f 756/1178/638 755/1177/638 750/1170/638
f 757/1179/639 758/1180/640 759/1181/641
f 759/1181/641 758/1180/640 760/1182/639
f 759/1181/642 760/1182/643 761/1183/644
f 761/1183/644 760/1182/643 762/1184/643
f 761/1185/645 762/1186/646 763/1187/647
f 763/1187/647 762/1186/646 764/1188/647
f 763/1187/648 764/1188/648 757/1179/649
f 757/1179/649 764/1188/648 758/1180/648
f 757/1189/5 761/1185/5 763/1187/5
f 761/1185/5 757/1189/5 759/1190/5
f 758/1191/7 762/1186/7 760/1192/7
f 762/1186/7 758/1191/7 764/1188/7
f 765/1193/650 766/1194/650 767/1195/650
f 766/1194/650 765/1193/650 768/1196/650
f 766/1194/651 769/1197/651 767/1195/651
f 769/1197/651 766/1194/651 770/1198/651
f 770/1198/652 771/1199/653 769/1197/653
f 771/1199/653 770/1198/652 772/1200/652
f 768/1196/654 765/1193/654 771/1201/654
f 771/1201/654 772/1202/654 768/1196/654
f 772/1200/523 770/1198/524 768/1203/524
f 768/1203/524 770/1198/524 766/1204/524
f 765/1205/525 769/1197/526 771/1199/526
f 769/1197/526 765/1205/525 767/1206/525
f 773/1207/655 774/1208/655 775/1209/656
f 774/1208/655 773/1207/655 776/1210/656
f 777/1211/657 775/1209/657 778/1212/657
f 775/1209/657 777/1211/657 773/1207/658
f 779/1213/659 777/1214/659 778/1215/660
f 777/1214/659 779/1213/659 780/1216/659
f 774/1208/661 776/1210/661 780/1216/661
f 780/1216/661 779/1213/661 774/1208/661
f 775/1217/535 779/1213/535 778/1215/535
f 779/1213/535 775/1217/535 774/1218/535
f 777/1214/536 780/1216/536 773/1219/536
f 780/1216/536 776/1220/536 773/1219/536
f 781/1221/662 782/1222/662 783/1223/662
f 782/1222/662 781/1221/662 784/1224/662
f 785/1225/663 784/1226/663 786/1227/663
f 784/1226/663 785/1225/663 782/1228/663
f 787/1229/664 788/1230/665 785/1225/665
f 787/1229/664 785/1225/665 786/1227/665
f 781/1221/666 783/1223/666 788/1230/666
f 788/1230/666 787/1229/666 781/1221/666
f 787/1229/667 786/1227/667 781/1231/667
f 781/1231/667 786/1227/667 784/1232/667
f 785/1225/668 783/1233/545 782/1234/545
f 783/1233/545 785/1225/668 788/1230/545
f 789/1235/641 790/1236/641 791/1237/641
f 791/1237/641 792/1238/641 789/1235/641
f 793/1239/669 794/1240/669 790/1236/669
f 790/1236/669 789/1235/669 793/1239/669
f 795/1241/647 796/1242/647 794/1240/647
f 794/1240/647 793/1239/647 795/1241/647
f 792/1238/670 791/1237/670 796/1243/670
f 796/1243/670 795/1244/670 792/1238/670
f 795/1241/7 789/1245/7 792/1246/7
f 789/1245/7 795/1241/7 793/1239/7
f 794/1240/5 796/1242/5 790/1247/5
f 790/1247/5 796/1242/5 791/1248/5
f 797/1249/671 798/1250/671 799/1251/672
f 798/1250/671 797/1249/671 800/1252/671
f 801/1253/673 800/1252/673 797/1249/673
f 800/1252/673 801/1253/673 802/1254/673
f 803/1255/674 804/1256/674 801/1253/674
f 801/1253/674 804/1256/674 802/1254/674
f 799/1251/675 798/1250/675 803/1257/675
f 804/1258/675 803/1257/675 798/1250/675
f 804/1256/554 800/1259/554 802/1254/554
f 800/1259/554 804/1256/554 798/1260/554
f 797/1261/555 799/1262/555 803/1255/555
f 803/1255/555 801/1253/555 797/1261/555
f 805/1263/641 806/1264/641 807/1265/641
f 807/1265/641 806/1264/641 808/1266/676
f 809/1267/677 806/1264/677 805/1263/677
f 806/1264/677 809/1267/677 810/1268/677
f 811/1269/647 810/1268/647 809/1267/647
f 810/1268/647 811/1269/647 812/1270/647
f 812/1271/678 811/1272/678 808/1266/678
f 808/1266/678 811/1272/678 807/1265/678
f 808/1273/558 810/1268/558 812/1270/558
f 810/1268/558 808/1273/558 806/1274/558
f 809/1267/560 807/1275/560 811/1269/560
f 807/1275/560 809/1267/560 805/1276/560
f 813/1277/679 814/1278/679 815/1279/679
f 814/1278/679 813/1277/679 816/1280/679
f 816/1280/680 817/1281/680 818/1282/680
f 817/1281/680 816/1280/680 813/1277/681
f 819/1283/682 820/1284/682 817/1281/682
f 818/1282/682 817/1281/682 820/1284/682
f 815/1279/683 814/1278/684 819/1285/685
f 820/1286/685 819/1285/685 814/1278/684
f 814/1287/565 818/1282/565 820/1284/565
f 818/1282/565 814/1287/565 816/1288/565
f 815/1289/566 817/1281/566 813/1290/566
f 817/1281/566 815/1289/566 819/1283/566
f 821/1291/640 822/1292/639 823/1293/639
f 823/1293/639 822/1292/639 824/1294/686
f 823/1293/669 824/1294/669 825/1295/669
f 825/1295/669 824/1294/669 826/1296/669
f 825/1297/687 826/1298/645 827/1299/645
f 827/1299/645 826/1298/645 828/1300/647
f 827/1299/670 828/1300/670 821/1291/670
f 821/1291/670 828/1300/670 822/1292/670
f 823/1301/5 827/1299/5 821/1302/5
f 827/1299/5 823/1301/5 825/1297/5
f 824/1303/7 822/1304/7 828/1300/7
f 828/1300/7 826/1298/7 824/1303/7
f 829/1305/688 830/1306/688 831/1307/688
f 830/1306/688 829/1305/688 832/1308/688
f 833/1309/689 834/1310/689 832/1311/689
f 832/1311/690 829/1312/690 833/1309/690
f 835/1313/691 833/1309/692 836/1314/693
f 833/1309/692 835/1313/691 834/1310/692
f 830/1306/694 836/1314/694 831/1307/694
f 836/1314/694 830/1306/694 835/1313/694
f 837/1315/695 838/1316/695 839/1317/695
f 838/1316/695 837/1315/695 840/1318/695
f 839/1317/696 841/1319/696 837/1315/697
f 841/1319/696 839/1317/696 842/1320/696
f 843/1321/698 841/1319/698 842/1320/698
f 841/1319/698 843/1321/698 844/1322/698
f 838/1316/699 840/1318/699 844/1323/699
f 838/1316/699 844/1323/699 843/1324/699
f 845/1325/700 846/1326/700 847/1327/700
f 846/1326/700 845/1325/700 848/1328/700
f 849/1329/701 850/1330/701 848/1331/701
f 848/1331/701 845/1332/701 849/1329/701
f 851/1333/698 849/1329/698 852/1334/698
f 849/1329/698 851/1333/698 850/1330/702
f 846/1326/703 852/1334/703 847/1327/703
f 852/1334/703 846/1326/703 851/1333/703
f 853/1335/704 854/1336/695 855/1337/695
f 854/1336/695 853/1335/704 856/1338/705
f 855/1337/706 857/1339/706 853/1335/706
f 857/1339/706 855/1337/706 858/1340/706
f 859/1341/698 857/1339/698 858/1340/698
f 857/1339/698 859/1341/698 860/1342/698
f 854/1336/707 856/1338/707 860/1343/707
f 854/1336/708 860/1343/708 859/1344/708
f 861/1345/709 862/1346/709 863/1347/709
f 862/1346/709 861/1345/709 864/1348/709
f 865/1349/710 866/1350/710 864/1351/710
f 864/1351/710 861/1352/710 865/1349/710
f 867/1353/711 865/1349/711 868/1354/711
f 865/1349/711 867/1353/711 866/1350/711
f 862/1346/712 868/1354/712 863/1347/712
f 868/1354/712 862/1346/712 867/1353/712
f 869/1355/713 870/1356/713 871/1357/713
f 870/1356/713 869/1355/713 872/1358/713
f 871/1357/696 873/1359/696 869/1355/696
f 873/1359/696 871/1357/696 874/1360/696
f 875/1361/714 873/1359/714 874/1360/714
f 873/1359/714 875/1361/714 876/1362/714
f 870/1356/699 872/1358/699 876/1363/699
f 870/1356/699 876/1363/699 875/1364/699
f 877/1365/713 878/1366/713 879/1367/713
f 877/1365/713 879/1367/713 880/1368/713
f 881/1369/715 882/1370/715 883/1371/715
f 882/1370/716 881/1369/716 884/1372/716
f 885/1373/690 886/1374/690 884/1375/690
f 884/1375/689 881/1376/689 885/1373/690
f 887/1377/691 885/1373/717 888/1378/718
f 885/1373/717 887/1377/691 886/1374/691
f 882/1370/719 888/1378/719 883/1371/719
f 888/1378/719 882/1370/719 887/1377/720
f 889/1379/721 890/1380/721 891/1381/721
f 890/1380/721 889/1379/721 892/1382/721
f 891/1381/722 893/1383/722 889/1379/722
f 893/1383/722 891/1381/722 894/1384/722
f 895/1385/723 893/1383/723 894/1384/723
f 893/1383/723 895/1385/723 896/1386/723
f 890/1380/724 892/1382/724 896/1387/724
f 890/1380/724 896/1387/724 895/1388/724
f 897/1389/725 898/1390/725 899/1391/725
f 898/1390/725 897/1389/725 900/1392/725
f 901/1393/726 902/1394/726 900/1395/726
f 900/1395/726 897/1396/726 901/1393/726
f 903/1397/727 901/1393/727 904/1398/727
f 901/1393/727 903/1397/727 902/1394/727
f 898/1390/728 904/1398/728 899/1391/728
f 904/1398/728 898/1390/728 903/1397/728
f 905/1399/729 906/1400/729 907/1401/729
f 906/1400/729 905/1399/729 908/1402/729
f 907/1401/730 909/1403/730 905/1399/730
f 909/1403/730 907/1401/730 910/1404/730
f 911/1405/731 909/1403/731 910/1404/731
f 909/1403/731 911/1405/731 912/1406/731
f 906/1400/732 908/1402/732 912/1407/732
f 906/1400/732 912/1407/732 911/1408/732
f 913/1409/725 914/1410/725 915/1411/725
f 914/1410/725 913/1409/725 916/1412/725
f 917/1413/733 918/1414/733 916/1412/733
f 916/1412/734 913/1409/734 917/1413/734
f 919/1415/727 917/1413/727 920/1416/727
f 917/1413/727 919/1415/727 918/1414/727
f 914/1410/735 920/1417/736 915/1411/737
f 920/1417/736 914/1410/735 919/1418/735
f 921/1419/715 922/1420/715 923/1421/715
f 922/1420/715 921/1419/715 924/1422/738
f 925/1423/739 926/1424/739 922/1420/739
f 922/1420/739 924/1422/739 925/1423/739
f 927/1425/692 928/1426/692 926/1424/692
f 926/1424/740 925/1423/740 927/1425/740
f 923/1421/741 927/1427/741 921/1419/741
f 927/1427/741 923/1421/741 928/1428/741
f 929/1429/729 930/1430/742 931/1431/742
f 930/1430/742 929/1429/729 932/1432/729
f 931/1431/743 933/1433/744 929/1429/743
f 933/1433/744 931/1431/743 934/1434/744
f 935/1435/731 933/1436/731 934/1437/731
f 933/1436/731 935/1435/731 936/1438/731
f 930/1430/745 932/1432/745 936/1438/745
f 930/1430/746 936/1438/746 935/1435/746
f 937/1439/721 938/1440/721 939/1441/721
f 938/1440/721 937/1439/721 940/1442/721
f 939/1441/722 941/1443/722 937/1439/722
f 941/1443/722 939/1441/722 942/1444/722
f 943/1445/723 941/1443/723 942/1444/723
f 941/1443/723 943/1445/723 944/1446/723
f 938/1440/724 940/1442/724 944/1447/724
f 938/1440/724 944/1447/724 943/1448/724
f 945/1449/747 946/1450/747 947/1451/747
f 945/1449/747 947/1451/747 948/1452/748
f 946/1450/749 945/1449/750 949/1453/749
f 946/1450/749 949/1453/749 950/1454/750
f 951/1455/751 952/1456/751 950/1457/751
f 951/1455/751 950/1457/751 949/1458/751
f 948/1452/752 947/1451/753 952/1456/752
f 948/1452/752 952/1456/752 951/1455/752
f 951/1455/2 949/1458/2 948/1459/2
f 945/1460/2 948/1459/2 949/1458/2
f 947/1461/4 950/1457/4 952/1456/4
f 950/1457/4 947/1461/4 946/1462/4
f 953/1463/754 954/1464/755 955/1465/754
f 956/1466/754 955/1465/754 954/1464/755
f 957/1467/756 954/1464/756 953/1463/756
f 954/1464/756 957/1467/756 958/1468/756
f 959/1469/757 958/1468/757 957/1467/757
f 958/1468/757 959/1469/757 960/1470/757
f 956/1466/758 959/1471/758 955/1465/758
f 959/1471/758 956/1466/758 960/1472/758
f 958/1468/759 956/1473/759 954/1474/759
f 956/1473/759 958/1468/759 960/1470/759
f 955/1475/760 957/1467/760 953/1476/760
f 957/1467/760 955/1475/760 959/1469/760
f 961/1477/761 962/1478/761 963/1479/762
f 962/1478/761 961/1477/761 964/1480/761
f 965/1481/763 964/1480/764 961/1477/764
f 964/1480/764 965/1481/763 966/1482/764
f 967/1483/765 968/1484/766 965/1485/767
f 966/1486/766 965/1485/767 968/1484/766
f 962/1478/768 967/1483/769 963/1479/770
f 968/1484/768 967/1483/769 962/1478/768
f 964/1487/771 968/1484/771 962/1488/772
f 968/1484/771 964/1487/771 966/1486/771
f 961/1489/773 963/1490/774 967/1483/773
f 961/1489/773 967/1483/773 965/1485/773
f 969/1491/775 970/1492/775 971/1493/775
f 970/1492/775 969/1491/775 972/1494/775
f 973/1495/776 972/1496/776 969/1497/776
f 972/1496/776 973/1495/776 974/1498/776
f 974/1498/777 973/1495/777 975/1499/777
f 975/1499/777 973/1495/777 976/1500/777
f 970/1492/778 976/1500/778 971/1493/778
f 975/1499/779 976/1500/778 970/1492/778
f 974/1498/780 970/1501/781 972/1502/781
f 970/1501/781 974/1498/780 975/1499/781
f 971/1503/782 973/1495/782 969/1504/783
f 973/1495/782 971/1503/782 976/1500/782
f 977/1505/747 978/1506/747 979/1507/747
f 978/1506/747 977/1505/747 980/1508/747
f 981/1509/784 982/1510/784 979/1507/784
f 977/1505/784 979/1507/784 982/1510/784
f 983/1511/751 981/1509/751 984/1512/785
f 981/1509/751 983/1511/751 982/1510/751
f 980/1508/786 984/1513/786 978/1506/786
f 984/1513/786 980/1508/786 983/1514/786
f 977/1515/4 983/1511/4 980/1516/4
f 983/1511/4 977/1515/4 982/1510/4
f 979/1517/2 978/1518/2 984/1512/2
f 979/1517/2 984/1512/2 981/1509/2
f 985/1519/787 986/1520/787 987/1521/787
f 986/1520/787 985/1519/787 988/1522/787
f 988/1522/788 989/1523/789 986/1520/789
f 989/1523/789 988/1522/788 990/1524/789
f 989/1523/790 990/1524/790 991/1525/790
f 989/1523/790 991/1525/790 992/1526/790
f 985/1519/791 987/1521/791 992/1527/791
f 985/1519/791 992/1527/791 991/1528/791
f 991/1525/792 988/1529/792 985/1530/792
f 988/1529/792 991/1525/792 990/1524/793
f 986/1531/794 992/1526/794 987/1532/795
f 992/1526/794 986/1531/794 989/1523/794
f 993/1533/796 994/1534/796 995/1535/796
f 994/1534/796 993/1533/796 996/1536/796
f 997/1537/797 998/1538/798 996/1536/797
f 996/1536/797 993/1533/797 997/1537/797
f 997/1537/799 999/1539/799 998/1538/799
f 999/1539/799 997/1537/799 1000/1540/799
f 994/1534/800 1000/1541/800 995/1535/800
f 1000/1541/800 994/1534/800 999/1542/800
f 1000/1540/801 997/1537/801 995/1543/801
f 993/1544/801 995/1543/801 997/1537/801
f 994/1545/802 998/1538/802 999/1539/802
f 998/1538/802 994/1545/802 996/1546/802
f 1001/1547/803 1002/1548/803 1003/1549/804
f 1002/1548/803 1001/1547/803 1004/1550/803
f 1003/1549/805 1005/1551/805 1001/1547/805
f 1005/1551/805 1003/1549/805 1006/1552/806
f 1007/1553/807 1005/1551/807 1006/1552/808
f 1005/1551/807 1007/1553/807 1008/1554/808
f 1002/1548/809 1004/1550/809 1008/1555/809
f 1002/1548/809 1008/1555/809 1007/1556/809
f 1007/1553/810 1006/1552/810 1002/1557/810
f 1003/1558/810 1002/1557/810 1006/1552/810
f 1004/1559/811 1005/1551/812 1008/1554/813
f 1005/1551/812 1004/1559/811 1001/1560/812
f 1009/1561/814 1010/1562/748 1011/1563/814
f 1009/1561/814 1011/1563/814 1012/1564/748
f 1010/1562/815 1009/1561/816 1013/1565/815
f 1010/1562/815 1013/1565/815 1014/1566/815
f 1015/1567/817 1016/1568/785 1014/1569/817
f 1015/1567/817 1014/1569/817 1013/1570/785
f 1012/1564/818 1011/1563/818 1016/1568/818
f 1012/1564/818 1016/1568/818 1015/1567/818
f 1009/1571/2 1015/1567/2 1013/1570/2
f 1015/1567/2 1009/1571/2 1012/1572/2
f 1010/1573/4 1016/1568/4 1011/1574/4
f 1016/1568/4 1010/1573/4 1014/1569/4
f 1017/1575/819 1018/1576/820 1019/1577/819
f 1019/1577/819 1018/1576/820 1020/1578/820
f 1021/1579/821 1017/1580/822 1022/1581/821
f 1018/1582/822 1017/1580/822 1021/1579/821
f 1021/1579/823 1023/1583/823 1024/1584/823
f 1023/1583/824 1021/1579/824 1022/1581/824
f 1019/1577/825 1024/1584/825 1023/1583/825
f 1024/1584/825 1019/1577/825 1020/1578/825
f 1025/1585/826 1026/1586/826 1027/1587/826
f 1026/1586/826 1025/1585/826 1028/1588/826
f 1029/1589/827 1027/1587/827 1026/1586/827
f 1027/1587/828 1029/1589/828 1030/1590/828
f 1031/1591/829 1032/1592/829 1029/1589/829
f 1029/1589/829 1032/1592/829 1030/1590/829
f 1028/1588/830 1025/1585/831 1031/1593/832
f 1032/1594/831 1031/1593/832 1025/1585/831
f 1033/1595/833 1034/1596/834 1035/1597/834
f 1035/1597/834 1034/1596/834 1036/1598/834
f 1037/1599/835 1033/1600/836 1038/1601/836
f 1034/1602/835 1033/1600/836 1037/1599/835
f 1037/1599/829 1039/1603/829 1040/1604/829
f 1039/1603/829 1037/1599/829 1038/1601/829
f 1035/1597/837 1040/1604/837 1039/1603/837
f 1040/1604/838 1035/1597/838 1036/1598/838
f 1041/1605/826 1042/1606/826 1043/1607/826
f 1042/1606/839 1041/1605/839 1044/1608/839
f 1045/1609/840 1043/1607/840 1042/1606/840
f 1043/1607/841 1045/1609/841 1046/1610/841
f 1047/1611/842 1048/1612/843 1045/1609/829
f 1045/1609/829 1048/1612/843 1046/1610/829
f 1044/1608/844 1041/1605/844 1047/1613/844
f 1048/1614/844 1047/1613/844 1041/1605/844
f 1049/1615/845 1050/1616/846 1051/1617/845
f 1051/1617/845 1050/1616/846 1052/1618/845
f 1053/1619/847 1049/1620/847 1054/1621/847
f 1050/1622/847 1049/1620/847 1053/1619/847
f 1053/1619/848 1055/1623/848 1056/1624/848
f 1055/1623/848 1053/1619/848 1054/1621/848
f 1051/1617/849 1056/1624/849 1055/1623/849
f 1056/1624/849 1051/1617/849 1052/1618/849
f 1057/1625/850 1058/1626/850 1059/1627/850
f 1058/1626/850 1057/1625/850 1060/1628/850
f 1061/1629/851 1059/1627/851 1058/1626/851
f 1059/1627/852 1061/1629/852 1062/1630/852
f 1063/1631/853 1064/1632/853 1061/1629/853
f 1061/1629/853 1064/1632/853 1062/1630/853
f 1060/1628/831 1057/1625/854 1063/1633/830
f 1064/1634/854 1063/1633/830 1057/1625/854
f 1065/1635/853 1066/1636/853 1067/1637/853
f 1066/1636/853 1068/1638/853 1067/1637/853
f 1069/1639/855 1070/1640/856 1071/1641/857
f 1071/1641/857 1070/1640/856 1072/1642/858
f 1073/1643/821 1069/1644/821 1074/1645/822
f 1070/1646/822 1069/1644/821 1073/1643/821
f 1073/1643/859 1075/1647/859 1076/1648/859
f 1075/1647/860 1073/1643/860 1074/1645/860
f 1071/1641/861 1076/1648/861 1075/1647/861
f 1076/1648/861 1071/1641/861 1072/1642/861
f 1077/1649/862 1078/1650/862 1079/1651/862
f 1078/1650/862 1077/1649/862 1080/1652/862
f 1081/1653/863 1079/1651/863 1078/1650/863
f 1079/1651/863 1081/1653/863 1082/1654/863
f 1083/1655/864 1084/1656/864 1081/1653/864
f 1081/1653/864 1084/1656/864 1082/1654/864
f 1080/1652/865 1077/1649/865 1083/1657/865
f 1084/1658/865 1083/1657/865 1077/1649/865
f 1085/1659/866 1086/1660/867 1087/1661/866
f 1087/1661/866 1086/1660/867 1088/1662/866
f 1089/1663/868 1085/1664/868 1090/1665/868
f 1086/1666/868 1085/1664/868 1089/1663/868
f 1089/1663/869 1091/1667/869 1092/1668/869
f 1091/1667/869 1089/1663/869 1090/1665/869
f 1087/1661/870 1092/1668/870 1091/1667/870
f 1092/1668/870 1087/1661/870 1088/1662/870
f 1093/1669/871 1094/1670/871 1095/1671/871
f 1094/1670/871 1093/1669/871 1096/1672/871
f 1097/1673/872 1095/1671/872 1094/1670/872
f 1095/1671/872 1097/1673/872 1098/1674/872
f 1099/1675/873 1100/1676/873 1097/1673/873
f 1097/1673/873 1100/1676/873 1098/1674/873
f 1096/1672/874 1093/1669/874 1099/1677/874
f 1100/1678/874 1099/1677/874 1093/1669/874
f 1101/1679/866 1102/1680/866 1103/1681/866
f 1103/1681/866 1102/1680/866 1104/1682/866
f 1105/1683/875 1101/1679/876 1106/1684/877
f 1102/1680/876 1101/1679/876 1105/1683/875
f 1105/1683/869 1107/1685/869 1108/1686/869
f 1107/1685/869 1105/1683/869 1106/1684/869
f 1103/1681/878 1108/1687/878 1107/1688/878
f 1108/1687/879 1103/1681/879 1104/1682/879
f 1109/1689/880 1110/1690/880 1111/1691/880
f 1110/1690/819 1109/1689/819 1112/1692/819
f 1113/1693/881 1109/1689/881 1114/1694/881
f 1112/1692/881 1109/1689/881 1113/1693/881
f 1113/1693/882 1114/1694/823 1115/1695/824
f 1115/1695/824 1114/1694/823 1116/1696/824
f 1111/1691/883 1115/1697/883 1116/1698/883
f 1115/1697/883 1111/1691/883 1110/1690/883
f 1117/1699/871 1118/1700/871 1119/1701/871
f 1118/1700/871 1117/1699/871 1120/1702/871
f 1121/1703/884 1119/1701/884 1118/1700/884
f 1119/1701/884 1121/1703/884 1122/1704/884
f 1123/1705/885 1124/1706/885 1121/1707/885
f 1121/1707/885 1124/1706/885 1122/1708/885
f 1120/1702/886 1117/1699/886 1123/1705/886
f 1124/1706/887 1123/1705/886 1117/1699/886
f 1125/1709/862 1126/1710/862 1127/1711/862
f 1126/1710/862 1125/1709/862 1128/1712/862
f 1129/1713/863 1127/1711/863 1126/1710/863
f 1127/1711/863 1129/1713/863 1130/1714/863
f 1131/1715/864 1132/1716/864 1129/1713/864
f 1129/1713/864 1132/1716/864 1130/1714/864
f 1128/1712/865 1125/1709/865 1131/1717/865
f 1132/1718/865 1131/1717/865 1125/1709/865
f 1133/1719/888 1134/1720/888 1135/1721/888
f 1136/1722/888 1135/1721/888 1134/1720/888
f 1137/1723/889 1133/1719/889 1138/1724/890
f 1133/1719/889 1137/1723/889 1134/1720/890
f 1139/1725/891 1140/1726/891 1138/1727/891
f 1137/1728/891 1138/1727/891 1140/1726/891
f 1135/1721/892 1136/1722/892 1139/1725/892
f 1140/1726/892 1139/1725/892 1136/1722/892
f 1137/1728/2 1140/1726/2 1136/1729/2
f 1137/1728/2 1136/1729/2 1134/1730/2
f 1138/1727/4 1135/1731/4 1139/1725/4
f 1135/1731/4 1138/1727/4 1133/1732/4
f 1141/1733/893 1142/1734/893 1143/1735/894
f 1141/1733/893 1143/1735/894 1144/1736/894
f 1145/1737/895 1141/1733/896 1146/1738/896
f 1141/1733/896 1145/1737/895 1142/1734/895
f 1147/1739/897 1146/1738/897 1148/1740/898
f 1146/1738/897 1147/1739/897 1145/1737/897
f 1144/1736/899 1147/1741/899 1148/1742/899
f 1147/1741/899 1144/1736/899 1143/1735/900
f 1146/1738/759 1144/1743/759 1148/1740/901
f 1144/1743/759 1146/1738/759 1141/1744/759
f 1143/1745/760 1145/1737/760 1147/1739/760
f 1145/1737/760 1143/1745/760 1142/1746/760
f 1149/1747/902 1150/1748/903 1151/1749/902
f 1150/1748/903 1149/1747/902 1152/1750/902
f 1153/1751/904 1154/1752/904 1149/1747/904
f 1153/1751/904 1149/1747/904 1151/1749/904
f 1155/1753/905 1156/1754/906 1154/1755/905
f 1155/1753/905 1154/1755/905 1153/1756/905
f 1152/1750/907 1155/1753/907 1150/1748/907
f 1155/1753/907 1152/1750/907 1156/1754/907
f 1155/1753/908 1151/1757/909 1150/1758/910
f 1151/1757/909 1155/1753/908 1153/1756/909
f 1152/1759/911 1149/1760/911 1156/1754/911
f 1154/1755/911 1156/1754/911 1149/1760/911
f 1157/1761/912 1158/1762/912 1159/1763/912
f 1158/1762/912 1157/1761/912 1160/1764/912
f 1161/1765/913 1160/1766/914 1162/1767/913
f 1160/1766/914 1161/1765/913 1158/1768/913
f 1163/1769/915 1164/1770/915 1161/1765/915
f 1161/1765/915 1162/1767/915 1163/1769/915
f 1157/1761/916 1159/1763/917 1164/1770/916
f 1164/1770/916 1163/1769/916 1157/1761/916
f 1162/1767/918 1157/1771/918 1163/1769/918
f 1157/1771/918 1162/1767/918 1160/1772/918
f 1159/1773/782 1161/1765/782 1164/1770/783
f 1161/1765/782 1159/1773/782 1158/1774/782
f 1165/1775/919 1166/1776/919 1167/1777/919
f 1165/1775/919 1167/1777/919 1168/1778/920
f 1169/1779/921 1170/1780/922 1168/1778/923
f 1169/1779/921 1168/1778/923 1167/1777/922
f 1171/1781/924 1170/1780/925 1169/1779/925
f 1170/1780/925 1171/1781/924 1172/1782/926
f 1172/1783/927 1171/1784/927 1166/1776/928
f 1172/1783/927 1166/1776/928 1165/1775/929
f 1171/1781/4 1167/1785/4 1166/1786/4
f 1167/1785/4 1171/1781/4 1169/1779/4
f 1165/1787/2 1168/1788/2 1172/1782/2
f 1170/1780/2 1172/1782/2 1168/1788/2
f 1173/1789/930 1174/1790/930 1175/1791/930
f 1174/1790/930 1173/1789/930 1176/1792/930
f 1177/1793/931 1176/1792/931 1173/1789/932
f 1176/1792/931 1177/1793/931 1178/1794/931
f 1179/1795/933 1177/1793/933 1180/1796/933
f 1177/1793/933 1179/1795/933 1178/1794/933
f 1175/1791/934 1174/1790/935 1180/1797/934
f 1179/1798/934 1180/1797/934 1174/1790/935
f 1179/1795/936 1176/1799/936 1178/1794/936
f 1176/1799/936 1179/1795/936 1174/1800/936
f 1180/1796/937 1177/1793/938 1173/1801/939
f 1180/1796/937 1173/1801/939 1175/1802/937
f 1181/1803/940 1182/1804/940 1183/1805/941
f 1182/1804/940 1181/1803/940 1184/1806/941
f 1185/1807/942 1181/1803/943 1183/1805/943
f 1181/1803/943 1185/1807/942 1186/1808/944
f 1187/1809/945 1186/1808/946 1185/1807/945
f 1186/1808/946 1187/1809/945 1188/1810/947
f 1182/1804/948 1184/1806/948 1187/1811/949
f 1188/1812/948 1187/1811/949 1184/1806/948
f 1186/1808/801 1188/1810/801 1184/1813/801
f 1186/1808/801 1184/1813/801 1181/1814/801
f 1185/1807/802 1182/1815/802 1187/1809/802
f 1182/1815/802 1185/1807/802 1183/1816/802
f 1189/1817/950 1190/1818/950 1191/1819/950
f 1190/1818/950 1189/1817/950 1192/1820/950
f 1193/1821/951 1191/1819/951 1190/1818/951
f 1191/1819/951 1193/1821/951 1194/1822/951
f 1195/1823/952 1196/1824/953 1193/1821/952
f 1193/1821/952 1196/1824/953 1194/1822/952
f 1192/1820/954 1189/1817/955 1195/1825/954
f 1196/1826/955 1195/1825/954 1189/1817/955
f 1194/1822/956 1196/1824/957 1189/1827/957
f 1194/1822/956 1189/1827/957 1191/1828/956
f 1193/1821/811 1192/1829/811 1195/1823/811
f 1192/1829/811 1193/1821/811 1190/1830/813
f 1197/1831/888 1198/1832/888 1199/1833/888
f 1200/1834/888 1199/1833/888 1198/1832/888
f 1201/1835/958 1197/1831/958 1202/1836/959
f 1197/1831/958 1201/1835/958 1198/1832/959
f 1203/1837/960 1204/1838/960 1202/1839/960
f 1201/1840/960 1202/1839/960 1204/1838/960
f 1199/1833/961 1200/1834/962 1203/1837/962
f 1204/1838/961 1203/1837/962 1200/1834/962
f 1204/1838/2 1198/1841/2 1201/1840/2
f 1198/1841/2 1204/1838/2 1200/1842/2
f 1203/1837/4 1202/1839/4 1197/1843/4
f 1203/1837/4 1197/1843/4 1199/1844/4
f 1205/1845/963 1206/1846/963 1207/1847/963
f 1206/1846/963 1205/1845/963 1208/1848/964
f 1205/1845/965 1209/1849/966 1208/1848/967
f 1210/1850/968 1209/1849/966 1205/1845/965
f 1211/1851/969 1207/1847/970 1206/1846/969
f 1207/1847/970 1211/1851/969 1212/1852/971
f 1213/1853/972 1214/1854/973 1210/1850/972
f 1209/1849/973 1210/1850/972 1214/1854/973
f 1215/1855/970 1214/1854/969 1213/1853/971
f 1214/1854/969 1215/1855/970 1216/1856/974
f 1215/1857/973 1211/1851/972 1216/1858/972
f 1211/1851/972 1215/1857/973 1212/1852/973
f 1217/1859/975 1218/1860/975 1219/1861/975
f 1219/1861/975 1220/1862/976 1217/1859/975
f 1219/1861/977 1221/1863/977 1220/1862/977
f 1221/1863/977 1219/1861/977 1222/1864/977
f 1223/1865/978 1222/1864/978 1224/1866/978
f 1222/1864/978 1223/1865/978 1221/1863/978
f 1225/1867/979 1226/1868/979 1223/1865/979
f 1225/1867/979 1223/1865/979 1224/1866/979
f 1227/1869/978 1225/1870/978 1228/1871/980
f 1225/1870/978 1227/1869/978 1226/1872/978
f 1218/1860/979 1217/1859/979 1227/1869/979
f 1218/1860/979 1227/1869/979 1228/1871/979
f 1220/1873/981 1210/1874/968 1205/1875/965
f 1221/1876/981 1210/1874/968 1220/1873/981
f 1223/1877/799 1213/1878/799 1221/1876/799
f 1210/1874/799 1221/1876/799 1213/1878/799
f 1226/1879/982 1213/1878/971 1223/1877/983
f 1213/1878/971 1226/1879/982 1215/1880/970
f 1226/1881/799 1212/1882/799 1215/1883/799
f 1212/1882/799 1226/1881/799 1227/1884/799
f 1212/1882/971 1217/1885/982 1207/1886/970
f 1217/1885/982 1212/1882/971 1227/1884/982
f 1220/1873/796 1207/1886/796 1217/1885/796
f 1207/1886/796 1220/1873/796 1205/1875/796
f 1229/1887/963 1230/1888/964 1231/1889/963
f 1230/1888/964 1229/1887/963 1232/1890/964
f 1229/1887/984 1231/1889/985 1233/1891/986
f 1229/1887/984 1233/1891/986 1234/1892/987
f 1232/1890/988 1235/1893/989 1230/1888/990
f 1235/1893/989 1232/1890/988 1236/1894/991
f 1237/1895/972 1234/1892/973 1233/1891/972
f 1234/1892/973 1237/1895/972 1238/1896/973
f 1239/1897/988 1237/1895/989 1240/1898/989
f 1237/1895/989 1239/1897/988 1238/1896/991
f 1235/1893/972 1239/1899/973 1240/1900/973
f 1239/1899/973 1235/1893/972 1236/1894/972
f 1241/1901/976 1242/1902/975 1243/1903/975
f 1243/1903/975 1242/1902/975 1244/1904/976
f 1245/1905/992 1243/1903/992 1244/1904/992
f 1243/1903/992 1245/1905/992 1246/1906/992
f 1247/1907/978 1246/1906/978 1245/1905/978
f 1246/1906/978 1247/1907/978 1248/1908/980
f 1249/1909/993 1247/1907/993 1250/1910/993
f 1248/1908/993 1247/1907/993 1249/1909/993
f 1251/1911/978 1249/1912/978 1250/1913/978
f 1249/1912/978 1251/1911/978 1252/1914/978
f 1241/1901/993 1251/1911/993 1242/1902/993
f 1252/1914/993 1251/1911/993 1241/1901/993
f 1244/1915/994 1229/1916/984 1234/1917/987
f 1244/1915/994 1234/1917/987 1245/1918/994
f 1238/1919/799 1245/1918/799 1234/1917/799
f 1245/1918/799 1238/1919/799 1247/1920/799
f 1250/1921/995 1238/1919/991 1239/1922/988
f 1238/1919/991 1250/1921/995 1247/1920/996
f 1236/1923/799 1250/1924/799 1239/1925/799
f 1250/1924/799 1236/1923/799 1251/1926/799
f 1242/1927/995 1236/1923/991 1232/1928/988
f 1236/1923/991 1242/1927/995 1251/1926/996
f 1244/1915/796 1232/1928/796 1229/1916/796
f 1232/1928/796 1244/1915/796 1242/1927/796
f 1253/1929/997 1254/1930/997 1255/1931/998
f 1254/1930/997 1253/1929/997 1256/1932/998
f 1253/1929/965 1255/1931/966 1257/1933/966
f 1257/1933/966 1258/1934/968 1253/1929/965
f 1259/1935/969 1256/1932/970 1260/1936/971
f 1256/1932/970 1259/1935/969 1254/1930/969
f 1261/1937/999 1262/1938/999 1258/1934/999
f 1258/1934/999 1257/1933/999 1261/1937/999
f 1261/1937/969 1263/1939/970 1262/1938/971
f 1263/1939/970 1261/1937/969 1264/1940/974
f 1263/1941/999 1259/1935/999 1260/1936/999
f 1259/1935/999 1263/1941/999 1264/1942/999
f 1265/1943/1000 1266/1944/1000 1267/1945/1001
f 1268/1946/1001 1267/1945/1001 1266/1944/1000
f 1269/1947/977 1267/1945/977 1268/1946/977
f 1267/1945/977 1269/1947/977 1270/1948/977
f 1270/1948/1002 1271/1949/1003 1272/1950/1004
f 1271/1949/1003 1270/1948/1002 1269/1947/1004
f 1273/1951/979 1274/1952/979 1271/1949/979
f 1272/1950/979 1271/1949/979 1274/1952/979
f 1274/1953/1002 1275/1954/1002 1276/1955/1002
f 1275/1954/1002 1274/1953/1002 1273/1956/1003
f 1266/1944/979 1265/1943/979 1275/1954/979
f 1276/1955/979 1275/1954/979 1265/1943/979
f 1268/1957/981 1253/1958/965 1258/1959/968
f 1258/1959/968 1269/1960/981 1268/1957/981
f 1262/1961/1005 1271/1962/1005 1269/1960/1005
f 1269/1960/1005 1258/1959/1005 1262/1961/1005
f 1262/1961/971 1273/1963/982 1271/1962/982
f 1273/1963/982 1262/1961/971 1263/1964/970
f 1273/1965/1005 1260/1966/1006 1275/1967/1006
f 1260/1966/1006 1273/1965/1005 1263/1968/1005
f 1260/1966/971 1266/1969/983 1275/1967/982
f 1266/1969/983 1260/1966/971 1256/1970/970
f 1268/1957/1007 1256/1970/1008 1253/1958/1007
f 1256/1970/1008 1268/1957/1007 1266/1969/1007
f 1277/1971/998 1278/1972/998 1279/1973/998
f 1278/1972/998 1277/1971/998 1280/1974/998
f 1279/1973/986 1278/1972/984 1281/1975/986
f 1282/1976/987 1281/1975/986 1278/1972/984
f 1283/1977/989 1280/1974/988 1277/1971/989
f 1280/1974/988 1283/1977/989 1284/1978/991
f 1285/1979/999 1286/1980/999 1282/1976/1009
f 1282/1976/1009 1286/1980/999 1281/1975/999
f 1287/1981/988 1286/1980/989 1285/1979/991
f 1286/1980/989 1287/1981/988 1288/1982/990
f 1287/1983/999 1283/1977/1009 1288/1984/999
f 1283/1977/1009 1287/1983/999 1284/1978/999
f 1289/1985/1000 1290/1986/1001 1291/1987/1001
f 1290/1986/1001 1289/1985/1000 1292/1988/1001
f 1293/1989/992 1290/1986/992 1294/1990/992
f 1290/1986/992 1293/1989/992 1291/1987/992
f 1295/1991/1004 1294/1990/1002 1296/1992/1003
f 1294/1990/1002 1295/1991/1004 1293/1989/1004
f 1297/1993/993 1298/1994/993 1295/1991/993
f 1295/1991/993 1296/1992/993 1297/1993/993
f 1299/1995/1004 1297/1996/1002 1300/1997/1002
f 1297/1996/1002 1299/1995/1004 1298/1998/1002
f 1292/1988/993 1289/1985/993 1299/1995/993
f 1299/1995/993 1300/1997/993 1292/1988/993
f 1278/1999/984 1291/2000/994 1282/2001/987
f 1293/2002/994 1282/2001/987 1291/2000/994
f 1295/2003/1005 1285/2004/1005 1293/2002/1005
f 1293/2002/1005 1285/2004/1005 1282/2001/1006
f 1298/2005/995 1285/2004/991 1295/2003/996
f 1285/2004/991 1298/2005/995 1287/2006/988
f 1298/2007/1005 1284/2008/1005 1287/2009/1005
f 1284/2008/1005 1298/2007/1005 1299/2010/1005
f 1284/2008/991 1289/2011/996 1280/2012/988
f 1289/2011/996 1284/2008/991 1299/2010/996
f 1280/2012/1007 1291/2000/1007 1278/1999/1007
f 1291/2000/1007 1280/2012/1007 1289/2011/1007
f 1301/2013/468 1302/2014/468 1303/2015/468
f 1302/2014/468 1304/2016/468 1303/2015/468
f 1305/2017/714 1306/2018/714 1307/2019/714
f 1308/2020/714 1306/2018/714 1305/2017/714
f 1309/2021/850 1310/2022/850 1311/2023/850
f 1312/2024/850 1310/2022/850 1309/2021/850
f 1313/2025/1010 1314/2026/1011 1315/2027/1012
f 1315/2027/1012 1314/2026/1011 1316/2028/7
f 1315/2027/1012 1316/2028/7 1317/2029/1013
f 1317/2029/1013 1316/2028/7 1318/2030/1014
f 1318/2030/1014 1319/2031/1015 1317/2029/1013
f 1319/2031/1015 1318/2030/1014 1320/2032/2
f 1320/2032/2 1321/2033/1016 1319/2031/1015
f 1321/2033/1016 1320/2032/2 1322/2034/1017
f 1322/2034/1017 1323/2035/1018 1321/2033/1016
f 1324/2036/5 1323/2035/1018 1322/2034/1017
f 1324/2036/5 1325/2037/1019 1323/2035/1018
f 1326/2038/1020 1325/2037/1019 1324/2036/5
f 1325/2037/1019 1326/2038/1020 1327/2039/1021
f 1328/2040/4 1327/2039/1021 1326/2038/1020
f 1327/2039/1021 1328/2040/4 1313/2041/1010
f 1314/2042/1011 1313/2041/1010 1328/2040/4
f 1329/2043/1017 1330/2044/1022 1331/2045/2
f 1332/2046/1023 1331/2045/2 1330/2044/1022
f 1331/2045/2 1332/2046/1023 1333/2047/1014
f 1334/2048/1024 1333/2047/1014 1332/2046/1023
f 1334/2048/1024 1335/2049/7 1333/2047/1014
f 1336/2050/1025 1335/2049/7 1334/2048/1024
f 1336/2050/1025 1337/2051/1011 1335/2049/7
f 1338/2052/1026 1337/2051/1011 1336/2050/1025
f 1338/2052/1026 1339/2053/4 1337/2051/1011
f 1339/2053/4 1338/2052/1026 1340/2054/1027
f 1340/2054/1027 1341/2055/1020 1339/2053/4
f 1341/2055/1020 1340/2054/1027 1342/2056/1028
f 1341/2055/1020 1342/2056/1028 1343/2057/5
f 1343/2057/5 1342/2056/1028 1344/2058/1029
f 1343/2057/5 1344/2058/1029 1329/2059/1017
f 1329/2059/1017 1344/2058/1029 1330/2060/1022
f 1345/2061/1030 1346/2062/1030 1347/2063/1030
f 1348/2064/1030 1345/2061/1030 1347/2063/1030
f 1348/2064/1030 1347/2063/1030 1349/2065/1030
f 880/1368/1031 879/1367/1031 1306/2066/1031
f 880/1368/1031 1306/2066/1032 1350/2067/1032
f 1308/2068/1031 1350/2067/1032 1306/2066/1032
f 1351/2069/1033 1219/1861/1034 1218/1860/1034
f 1352/2070/1034 1351/2069/1033 1218/1860/1034
f 1352/2070/1034 1218/1860/1034 1353/2071/1034
f 1066/2072/140 1354/2073/1 1068/2074/1035
f 1354/2073/1 1312/2075/1 1068/2074/1035
f 1068/2074/1035 1312/2075/1 1355/2076/140
f 1312/2075/1 1309/2077/1 1355/2076/140
f 690/2078/1036 1356/2079/1037 692/2080/1
f 1356/2079/1037 686/2081/1036 692/2080/1
f 692/2080/1 686/2081/1036 1357/2082/1
f 686/2081/1036 688/2083/1037 1357/2082/1
f 1358/2084/1038 1270/1948/1039 1272/1950/1038
f 1359/2085/1038 1358/2084/1038 1272/1950/1038
f 1359/2085/1038 1272/1950/1038 1360/2086/1040
f 1290/1986/1041 1361/2087/1041 1294/1990/1041
f 1362/2088/1041 1294/1990/1041 1361/2087/1041
f 1363/2089/1041 1294/1990/1041 1362/2088/1041
f 1364/2090/1042 1365/2091/1042 1366/2092/1042
f 1366/2092/1042 1365/2091/1042 1367/2093/1042
f 1366/2092/1042 1367/2093/1042 1368/2094/1042
f 1369/2095/1043 1370/2096/1043 1371/2097/1044
f 1369/2095/1043 1371/2097/1044 1364/2090/1044
f 1364/2090/1044 1371/2097/1044 1365/2091/1044
f 1372/2098/1045 1373/2099/1045 1374/2100/1045
f 1375/2101/1045 1374/2100/1045 1373/2099/1045
f 1374/2100/1045 1375/2101/1045 1376/2102/1045
f 1377/2103/1046 1378/2104/1046 1379/2105/1046
f 1379/2105/1046 1378/2104/1046 1380/2106/1046
f 1379/2105/1046 1380/2106/1046 1381/2107/1046
f 1377/2103/1047 1382/2108/1048 1378/2104/1047
f 1376/2102/1048 1378/2104/1047 1382/2108/1048
f 1378/2104/1048 1376/2102/1048 1375/2101/1048
f 1356/2109/1049 690/2110/1050 689/2111/1050
f 1356/2109/1049 689/2111/1050 686/1092/1050
f 686/1092/1050 689/2111/1050 687/1093/1050
f 1383/2112/1051 1384/2113/1051 1385/2114/1051
f 1346/2115/1051 1385/2114/1051 1384/2113/1051
f 1385/2114/1052 1346/2115/1052 1345/2116/1052
f 1386/2117/1053 1387/2118/1054 1388/2119/1054
f 1386/2117/1053 1388/2119/1054 1383/2112/1053
f 1383/2112/1053 1388/2119/1054 1384/2113/1053
f 1389/2120/1055 1390/2121/1055 1391/2122/1055
f 1391/2122/1055 1390/2121/1055 1392/2123/1055
f 1391/2122/1055 1392/2123/1055 1393/2124/1055
f 1394/2125/1056 1395/2126/1057 1396/2127/1056
f 1397/2128/1057 1396/2127/1056 1395/2126/1057
f 1398/2129/1057 1396/2127/1057 1397/2128/1057
f 1354/2130/1058 1066/2131/1059 1065/2132/1059
f 1354/2130/1058 1065/2132/1059 1312/2024/1059
f 1312/2024/1059 1065/2132/1059 1310/2022/1059
f 1399/2133/1060 1222/1864/1060 1400/2134/1060
f 1400/2134/1060 1222/1864/1060 1219/1861/1060
f 1351/2069/1060 1400/2134/1060 1219/1861/1060
f 1401/2135/1061 1225/1867/1061 1402/2136/1061
f 1402/2136/1061 1225/1867/1061 1224/1866/1061
f 1402/2136/1061 1224/1866/1061 1403/2137/1061
f 1353/2071/1061 1218/1860/1061 1404/2138/1061
f 1228/1871/1061 1404/2138/1061 1218/1860/1061
f 1405/2139/1061 1404/2138/1061 1228/1871/1061
f 1406/2140/1041 1243/1903/1041 1246/1906/1041
f 1407/2141/1041 1406/2140/1041 1246/1906/1041
f 1407/2141/1041 1246/1906/1041 1408/2142/1041
f 1409/2143/1060 1267/1945/1060 1410/2144/1060
f 1410/2144/1060 1267/1945/1060 1270/1948/1060
f 1410/2144/1060 1270/1948/1060 1358/2084/1060
f 1411/2145/1062 1412/2146/1062 1265/1943/1062
f 1411/2145/1062 1265/1943/1062 1409/2143/1062
f 1409/2143/1062 1265/1943/1062 1267/1945/1062
f 1413/2147/1063 1297/1993/1063 1414/2148/1063
f 1414/2148/1063 1297/1993/1063 1296/1992/1063
f 1414/2148/1063 1296/1992/1063 1415/2149/1063
f 1416/2150/1063 1292/1988/1063 1417/2151/1063
f 1300/1997/1063 1417/2151/1063 1292/1988/1063
f 1418/2152/1063 1417/2151/1063 1300/1997/1063
f 1416/2150/1062 1419/2153/1062 1292/1988/1062
f 1361/2087/1062 1292/1988/1062 1419/2153/1062
f 1292/1988/1062 1361/2087/1062 1290/1986/1062
f 1420/2154/1012 1421/2155/1014 1422/2156/1013
f 1421/2155/1014 1420/2154/1012 1423/2157/7
f 1424/2158/1010 1423/2157/7 1420/2154/1012
f 1423/2157/7 1424/2158/1010 1425/2159/1011
f 1426/2160/1064 1425/2159/1011 1424/2158/1010
f 1426/2160/1064 1427/2161/4 1425/2159/1011
f 1428/2162/1019 1427/2161/4 1426/2160/1064
f 1428/2162/1019 1429/2163/1020 1427/2161/4
f 1429/2163/1020 1428/2162/1019 1430/2164/1018
f 1430/2164/1018 1431/2165/5 1429/2163/1020
f 1431/2165/5 1430/2164/1018 1432/2166/1016
f 1432/2166/1016 1433/2167/1017 1431/2165/5
f 1433/2167/1017 1432/2166/1016 1434/2168/1065
f 1433/2167/1017 1434/2168/1065 1435/2169/2
f 1422/2170/1013 1435/2169/2 1434/2168/1065
f 1435/2169/2 1422/2170/1013 1421/2171/1014
f 1436/2172/1029 1437/2173/1020 1438/2174/1066
f 1437/2173/1020 1436/2172/1029 1439/2175/5
f 1440/2176/1022 1439/2175/5 1436/2172/1029
f 1439/2175/5 1440/2176/1022 1441/2177/1017
f 1440/2176/1022 1442/2178/2 1441/2177/1017
f 1442/2178/2 1440/2176/1022 1443/2179/1023
f 1443/2179/1023 1444/2180/1014 1442/2178/2
f 1444/2180/1014 1443/2179/1023 1445/2181/1024
f 1444/2180/1014 1445/2181/1024 1446/2182/1025
f 1446/2182/1025 1447/2183/7 1444/2180/1014
f 1447/2183/7 1446/2182/1025 1448/2184/1026
f 1448/2184/1026 1449/2185/1011 1447/2183/7
f 1450/2186/1027 1449/2185/1011 1448/2184/1026
f 1450/2186/1027 1451/2187/4 1449/2185/1011
f 1438/2188/1066 1451/2187/4 1450/2186/1027
f 1451/2187/4 1438/2188/1066 1437/2189/1020
f 1452/2190/1067 1368/2191/1067 1367/2192/1067
f 1368/2191/1068 1452/2190/1067 1453/2193/1067
f 1453/2193/1067 1452/2190/1067 1454/2193/1068
f 1370/2096/1069 1455/2194/1069 1371/2097/1069
f 1455/2194/1069 1452/2190/1069 1371/2097/1069
f 1455/2194/1069 1454/2193/1069 1452/2190/1069
f 1304/2195/1070 500/824/1070 499/823/1070
f 1456/2196/1071 500/824/1070 1304/2195/1070
f 1456/2196/1071 1304/2195/1070 1302/2197/1070
f 691/1097/1072 688/1094/1072 685/1091/1072
f 1357/1098/1072 688/1094/1072 691/1097/1072
f 1357/1098/1072 691/1097/1072 692/1098/1072
f 1387/2118/1073 1457/2198/1073 1388/2119/1073
f 1457/2198/1073 1347/2063/1073 1388/2119/1073
f 1457/2198/1073 1349/2065/1073 1347/2063/1073
f 1395/2126/1074 1393/2124/1074 1392/2123/1074
f 1458/2199/1074 1393/2124/1074 1395/2126/1074
f 1458/2199/1074 1395/2126/1074 1394/2125/1074
f 1067/1637/1075 1309/2021/1075 1311/2023/1075
f 1309/2021/1075 1067/1637/1075 1355/1638/1076
f 1355/1638/1076 1067/1637/1075 1068/1638/1075
f 1248/1908/1077 1408/2142/1077 1246/1906/1077
f 1408/2142/1077 1248/1908/1077 1459/2200/1077
f 1459/2200/1077 1248/1908/1077 1460/2201/1077
f 1461/2202/1063 1462/2203/1063 1249/1909/1063
f 1462/2203/1063 1248/1908/1063 1249/1909/1063
f 1462/2203/1063 1460/2201/1063 1248/1908/1063
f 1252/1914/1077 1461/2204/1077 1249/1912/1077
f 1461/2204/1077 1252/1914/1077 1463/2205/1077
f 1463/2205/1077 1252/1914/1077 1464/2206/1078
f 1465/2207/1063 1466/2208/1063 1241/1901/1063
f 1466/2208/1063 1252/1914/1063 1241/1901/1063
f 1466/2208/1063 1464/2206/1063 1252/1914/1063
f 1465/2207/1033 1241/1901/1034 1467/2209/1034
f 1467/2209/1034 1241/1901/1034 1406/2140/1033
f 1406/2140/1033 1241/1901/1034 1243/1903/1034
f 497/2210/1 500/2211/1037 1468/2212/1079
f 1468/2212/1079 500/2211/1037 1301/2213/1
f 1301/2213/1 500/2211/1037 1456/2214/1036
f 1302/2215/1037 1301/2213/1 1456/2214/1036
f 877/2216/1 880/2217/1 1469/2218/1080
f 1469/2218/1080 880/2217/1 1305/2219/1035
f 1305/2219/1035 880/2217/1 1350/2220/1
f 1308/2221/1 1305/2219/1035 1350/2220/1
f 1272/1950/1061 1470/2222/1061 1360/2086/1061
f 1470/2222/1061 1272/1950/1061 1274/1952/1061
f 1470/2222/1061 1274/1952/1061 1471/2223/1061
f 1276/1955/1038 1471/2224/1038 1274/1953/1038
f 1472/2225/1038 1471/2224/1038 1276/1955/1038
f 1472/2225/1038 1276/1955/1038 1473/2226/1038
f 1276/1955/1061 1474/2227/1061 1473/2226/1061
f 1474/2227/1061 1276/1955/1061 1265/1943/1061
f 1474/2227/1061 1265/1943/1061 1412/2146/1061
f 497/821/1081 1303/2015/1081 498/822/1081
f 1468/2228/1082 1303/2015/1081 497/821/1081
f 1301/2013/1081 1303/2015/1081 1468/2228/1082
f 1372/2229/1083 1380/2106/1084 1373/2230/1084
f 1372/2229/1083 1475/2231/1084 1380/2106/1084
f 1381/2107/1083 1380/2106/1084 1475/2231/1084
f 877/1365/1085 1307/2019/1085 878/1366/1085
f 1469/2232/1086 1307/2019/1085 877/1365/1085
f 1305/2017/1085 1307/2019/1085 1469/2232/1086
f 1389/2233/1087 1397/2128/1087 1390/2234/1087
f 1389/2233/1087 1476/2235/1087 1397/2128/1087
f 1398/2129/1087 1397/2128/1087 1476/2235/1087
f 1399/2133/1077 1224/1866/1077 1222/1864/1077
f 1399/2133/1077 1477/2236/1077 1224/1866/1077
f 1403/2137/1077 1224/1866/1077 1477/2236/1077
f 1401/2237/1077 1228/1871/1077 1225/1870/1077
f 1478/2238/1077 1228/1871/1077 1401/2237/1077
f 1405/2139/1077 1228/1871/1077 1478/2238/1077
f 1363/2089/1038 1296/1992/1038 1294/1990/1039
f 1479/2239/1038 1296/1992/1038 1363/2089/1038
f 1415/2149/1038 1296/1992/1038 1479/2239/1038
f 1413/2240/1039 1300/1997/1038 1297/1996/1039
f 1480/2241/1038 1300/1997/1038 1413/2240/1039
f 1418/2152/1038 1300/1997/1038 1480/2241/1038
f 1206/1846/3 1216/2242/3 1211/2243/3
f 1216/2242/3 1206/1846/3 1208/1848/3
f 1216/2242/3 1208/1848/3 1209/2244/3
f 1216/2242/3 1209/2244/3 1214/2245/3
f 1240/2246/3 1230/1888/3 1235/2247/3
f 1230/1888/3 1240/2246/3 1231/1889/3
f 1233/2248/3 1231/1889/3 1240/2246/3
f 1233/2248/3 1240/2246/3 1237/2249/3
f 1264/2250/3 1254/1930/3 1259/2251/3
f 1254/1930/3 1264/2250/3 1255/1931/3
f 1257/2252/3 1255/1931/3 1264/2250/3
f 1261/2253/3 1257/2252/3 1264/2250/3
f 1370/2254/1 1369/2255/1 1455/2256/1
f 1369/2255/1 1364/2257/1036 1455/2256/1
f 1364/2257/1036 1366/2258/1 1455/2256/1
f 1455/2256/1 1366/2258/1 1454/2259/1088
f 1454/2259/1088 1366/2258/1 1453/2260/1
f 1366/2258/1 1368/2261/1 1453/2260/1
f 1377/2262/1 1379/2263/1036 1382/2264/1
f 1382/2264/1 1379/2263/1036 1376/2265/1037
f 1379/2263/1036 1374/2266/1036 1376/2265/1037
f 1381/2267/1 1374/2266/1036 1379/2263/1036
f 1475/2268/1 1374/2266/1036 1381/2267/1
f 1372/2269/1 1374/2266/1036 1475/2268/1
f 1277/1971/3 1288/2270/3 1283/2271/3
f 1288/2270/3 1277/1971/3 1279/1973/3
f 1279/1973/3 1281/2272/3 1288/2270/3
f 1286/2273/3 1288/2270/3 1281/2272/3
f 1389/2274/1 1391/2275/1 1476/2276/140
f 1476/2276/140 1391/2275/1 1398/2277/140
f 1398/2277/140 1391/2275/1 1396/2278/1
f 1396/2278/1 1391/2275/1 1393/2279/1
f 1458/2280/1 1396/2278/1 1393/2279/1
f 1394/2281/1 1396/2278/1 1458/2280/1
f 1387/2282/1 1386/2283/1 1457/2284/1
f 1386/2283/1 1383/2285/1 1457/2284/1
f 1383/2285/1 1385/2286/1 1457/2284/1
f 1457/2284/1 1385/2286/1 1349/2287/140
f 1349/2287/140 1385/2286/1 1348/2288/140
f 1348/2288/140 1385/2286/1 1345/2289/1
f 1403/2290/1 1477/2291/1 1402/2292/1
f 1477/2291/1 1400/2293/1 1402/2292/1
f 1399/2294/1 1400/2293/1 1477/2291/1
f 1402/2292/1 1400/2293/1 1401/2295/1
f 1400/2293/1 1351/2296/1 1401/2295/1
f 1401/2295/1 1351/2296/1 1352/2297/1
f 1478/2298/1 1401/2295/1 1352/2297/1
f 1404/2299/1 1478/2298/1 1352/2297/1
f 1353/2300/1 1404/2299/1 1352/2297/1
f 1405/2301/1 1478/2298/1 1404/2299/1
f 1473/2302/1 1474/2303/1 1472/2304/1
f 1474/2303/1 1411/2305/1 1472/2304/1
f 1412/2306/1 1411/2305/1 1474/2303/1
f 1472/2304/1 1411/2305/1 1471/2307/1
f 1411/2305/1 1409/2308/1 1471/2307/1
f 1409/2308/1 1410/2309/1 1471/2307/1
f 1471/2307/1 1410/2309/1 1470/2310/1
f 1470/2310/1 1410/2309/1 1359/2311/1
f 1360/2312/1 1470/2310/1 1359/2311/1
f 1410/2309/1 1358/2313/1 1359/2311/1
f 1415/2314/1 1479/2315/1 1414/2316/1
f 1479/2315/1 1362/2317/1 1414/2316/1
f 1363/2318/1 1362/2317/1 1479/2315/1
f 1414/2316/1 1362/2317/1 1413/2319/1
f 1362/2317/1 1361/2320/1 1413/2319/1
f 1413/2319/1 1361/2320/1 1419/2321/1
f 1480/2322/1 1413/2319/1 1419/2321/1
f 1417/2323/1 1480/2322/1 1419/2321/1
f 1416/2324/1 1417/2323/1 1419/2321/1
f 1418/2325/1 1480/2322/1 1417/2323/1
f 1464/2326/1 1466/2327/1 1463/2328/1
f 1466/2327/1 1467/2329/1 1463/2328/1
f 1465/2330/1 1467/2329/1 1466/2327/1
f 1463/2328/1 1467/2329/1 1461/2331/1
f 1467/2329/1 1406/2332/1 1461/2331/1
f 1406/2332/1 1407/2333/1 1461/2331/1
f 1461/2331/1 1407/2333/1 1462/2334/1
f 1462/2334/1 1407/2333/1 1459/2335/1
f 1460/2336/1 1462/2334/1 1459/2335/1
f 1459/2335/1 1407/2333/1 1408/2337/1
f 1481/2338/1089 1482/2339/1090 1483/2340/1091
f 1484/2341/1092 1482/2339/1090 1481/2338/1089
f 1484/2341/1092 1481/2338/1089 1485/2342/1093
f 1486/2343/1094 1482/2339/1090 1484/2341/1092
f 1482/2339/1090 1486/2343/1094 1487/2344/1095
f 1487/2344/1095 1486/2343/1094 1488/2345/1096
f 1485/2342/1093 1489/2346/1097 1484/2341/1092
f 1484/2341/1092 1490/2347/1098 1486/2343/1094
f 1490/2347/1098 1484/2341/1092 1489/2346/1097
f 1485/2342/1093 1491/2348/1099 1489/2346/1097
f 1491/2348/1099 1490/2347/1098 1489/2346/1097
f 1492/2349/1100 1491/2348/1099 1485/2342/1093
f 1486/2343/1094 1493/2350/1101 1488/2345/1096
f 1493/2350/1101 1486/2343/1094 1490/2347/1098
f 1492/2349/1100 1494/2351/1102 1491/2348/1099
f 1494/2351/1102 1492/2349/1100 1495/2352/1103
f 1496/2353/1089 1494/2351/1102 1495/2352/1103
f 1490/2347/1098 1491/2348/1099 1497/2354/1104
f 1494/2351/1102 1497/2354/1104 1491/2348/1099
f 1490/2347/1098 1498/2355/1105 1493/2350/1101
f 1499/2356/1106 1494/2351/1102 1496/2353/1089
f 1499/2356/1106 1496/2353/1089 1500/2357/1107
f 1490/2347/1098 1501/2358/1108 1498/2355/1105
f 1501/2358/1108 1490/2347/1098 1497/2354/1104
f 1502/2359/1109 1493/2350/1101 1498/2355/1105
f 1501/2358/1108 1502/2359/1109 1498/2355/1105
f 1503/2360/1110 1488/2345/1096 1493/2350/1101
f 1503/2360/1110 1493/2350/1101 1502/2359/1109
f 1488/2345/1096 1503/2360/1110 1504/2361/1111
f 1505/2362/1112 1504/2361/1111 1503/2360/1110
f 1502/2359/1109 1505/2362/1112 1503/2360/1110
f 1504/2361/1111 1505/2362/1112 1506/2363/1113
f 1502/2359/1109 1501/2358/1108 1507/2364/1114
f 1508/2365/1115 1506/2363/1113 1505/2362/1112
f 1506/2363/1113 1508/2365/1115 1509/2366/1116
f 1508/2365/1115 1510/2367/1117 1509/2366/1116
f 1505/2362/1112 1502/2359/1109 1511/2368/1118
f 1510/2367/1117 1508/2365/1115 1512/2369/1119
f 1512/2369/1119 1483/2370/1091 1510/2367/1117
f 1512/2369/1119 1481/2371/1089 1483/2370/1091
f 1512/2369/1119 1485/2372/1093 1481/2371/1089
f 1505/2362/1112 1513/2373/1120 1508/2365/1115
f 1513/2373/1120 1512/2369/1119 1508/2365/1115
f 1513/2373/1120 1505/2362/1112 1511/2368/1118
f 1485/2372/1093 1512/2369/1119 1514/2374/1121
f 1513/2373/1120 1514/2374/1121 1512/2369/1119
f 1515/2375/1122 1485/2372/1093 1514/2374/1121
f 1514/2374/1121 1513/2373/1120 1515/2375/1122
f 1485/2372/1093 1515/2375/1122 1492/2376/1100
f 1515/2375/1122 1495/2377/1103 1492/2376/1100
f 1516/2378/1123 1513/2373/1120 1511/2368/1118
f 1511/2368/1118 1502/2359/1109 1516/2378/1123
f 1516/2378/1123 1502/2359/1109 1507/2364/1114
f 1517/2379/1124 1515/2375/1122 1513/2373/1120
f 1513/2373/1120 1516/2378/1123 1517/2379/1124
f 1495/2377/1103 1515/2375/1122 1518/2380/1125
f 1517/2379/1124 1518/2380/1125 1515/2375/1122
f 1519/2381/1119 1495/2377/1103 1518/2380/1125
f 1519/2381/1119 1496/2382/1089 1495/2377/1103
f 1519/2381/1119 1500/2383/1107 1496/2382/1089
f 1518/2380/1125 1517/2379/1124 1520/2384/1126
f 1500/2383/1107 1519/2381/1119 1521/2385/1121
f 1522/2386/1115 1518/2380/1125 1520/2384/1126
f 1518/2380/1125 1522/2386/1115 1519/2381/1119
f 1517/2379/1124 1523/2387/1127 1520/2384/1126
f 1523/2387/1127 1522/2386/1115 1520/2384/1126
f 1516/2378/1123 1523/2387/1127 1517/2379/1124
f 1524/2388/1120 1519/2381/1119 1522/2386/1115
f 1519/2381/1119 1524/2388/1120 1521/2385/1121
f 1516/2378/1123 1525/2389/1128 1523/2387/1127
f 1525/2389/1128 1516/2378/1123 1507/2364/1114
f 1522/2386/1115 1523/2387/1127 1526/2390/1112
f 1525/2389/1128 1526/2390/1112 1523/2387/1127
f 1526/2390/1112 1524/2388/1120 1522/2386/1115
f 1507/2364/1114 1527/2391/1129 1525/2389/1128
f 1507/2364/1114 1501/2358/1108 1527/2391/1129
f 1497/2354/1104 1527/2391/1129 1501/2358/1108
f 1526/2390/1112 1525/2389/1128 1528/2392/1110
f 1527/2391/1129 1528/2392/1110 1525/2389/1128
f 1527/2391/1129 1497/2354/1104 1529/2393/1130
f 1497/2354/1104 1494/2351/1102 1529/2393/1130
f 1494/2351/1102 1530/2394/1094 1529/2393/1130
f 1529/2393/1130 1530/2394/1094 1527/2391/1129
f 1530/2394/1094 1494/2351/1102 1499/2356/1106
f 1528/2392/1110 1527/2391/1129 1531/2395/1131
f 1530/2394/1094 1531/2395/1131 1527/2391/1129
f 1532/2396/1132 1526/2390/1112 1528/2392/1110
f 1528/2392/1110 1531/2395/1131 1532/2396/1132
f 1499/2356/1106 1533/2397/799 1530/2394/1094
f 1531/2395/1131 1530/2394/1094 1533/2397/799
f 1533/2397/799 1499/2356/1106 1534/2398/1097
f 1500/2357/1107 1534/2398/1097 1499/2356/1106
f 1533/2397/799 1535/2399/1133 1531/2395/1131
f 1532/2396/1132 1531/2395/1131 1535/2399/1133
f 1500/2357/1107 1536/2400/1099 1534/2398/1097
f 1536/2400/1099 1533/2397/799 1534/2398/1097
f 1537/2401/1100 1536/2400/1099 1500/2357/1107
f 1533/2397/799 1538/2402/1108 1535/2399/1133
f 1538/2402/1108 1532/2396/1132 1535/2399/1133
f 1533/2397/799 1536/2400/1099 1539/2403/1104
f 1538/2402/1108 1533/2397/799 1539/2403/1104
f 1537/2401/1100 1540/2404/1102 1536/2400/1099
f 1540/2404/1102 1539/2403/1104 1536/2400/1099
f 1540/2404/1102 1537/2401/1100 1541/2405/1103
f 1542/2406/1089 1540/2404/1102 1541/2405/1103
f 1539/2403/1104 1540/2404/1102 1543/2407/1130
f 1544/2408/1106 1540/2404/1102 1542/2406/1089
f 1544/2408/1106 1542/2406/1089 1545/2409/1134
f 1540/2404/1102 1546/2410/1135 1543/2407/1130
f 1546/2410/1135 1540/2404/1102 1544/2408/1106
f 1539/2403/1104 1543/2407/1130 1547/2411/1129
f 1543/2407/1130 1546/2410/1135 1547/2411/1129
f 1547/2411/1129 1538/2402/1108 1539/2403/1104
f 1545/2409/1134 1548/2412/1136 1544/2408/1106
f 1547/2411/1129 1549/2413/1114 1538/2402/1108
f 1532/2396/1132 1538/2402/1108 1549/2413/1114
f 1545/2409/1134 1550/2414/1137 1548/2412/1136
f 1551/2415/1100 1550/2414/1137 1545/2409/1134
f 1552/2416/1098 1544/2408/1106 1548/2412/1136
f 1550/2414/1137 1552/2416/1098 1548/2412/1136
f 1544/2408/1106 1552/2416/1098 1546/2410/1135
f 1551/2415/1100 1553/2417/1102 1550/2414/1137
f 1553/2417/1102 1551/2415/1100 1554/2418/1103
f 1555/2419/1089 1553/2417/1102 1554/2418/1103
f 1552/2416/1098 1550/2414/1137 1556/2420/1104
f 1553/2417/1102 1556/2420/1104 1550/2414/1137
f 1557/2421/1138 1546/2410/1135 1552/2416/1098
f 1546/2410/1135 1557/2421/1138 1547/2411/1129
f 1558/2422/1106 1553/2417/1102 1555/2419/1089
f 1558/2422/1106 1555/2419/1089 1559/2423/1134
f 1556/2420/1104 1553/2417/1102 1560/2424/1130
f 1559/2423/1134 1561/2425/1097 1558/2422/1106
f 1553/2417/1102 1562/2426/1094 1560/2424/1130
f 1562/2426/1094 1553/2417/1102 1558/2422/1106
f 1559/2423/1134 1563/2427/1139 1561/2425/1097
f 1564/2428/1140 1563/2427/1139 1559/2423/1134
f 1565/2429/799 1558/2422/1106 1561/2425/1097
f 1563/2427/1139 1565/2429/799 1561/2425/1097
f 1558/2422/1106 1565/2429/799 1562/2426/1094
f 1564/2428/1140 1338/2430/1026 1563/2427/1139
f 1338/2430/1026 1564/2428/1140 1340/2431/1027
f 1338/2430/1026 1566/2432/1141 1563/2427/1139
f 1565/2429/799 1563/2427/1139 1566/2432/1141
f 1566/2432/1141 1338/2430/1026 1336/2433/1025
f 1334/2434/1024 1566/2432/1141 1336/2433/1025
f 1567/2435/1142 1565/2429/799 1566/2432/1141
f 1566/2432/1141 1334/2434/1024 1567/2435/1142
f 1565/2429/799 1567/2435/1142 1568/2436/1105
f 1569/2437/1143 1567/2435/1142 1334/2434/1024
f 1569/2437/1143 1334/2434/1024 1332/2438/1023
f 1565/2429/799 1568/2436/1105 1570/2439/1101
f 1570/2439/1101 1562/2426/1094 1565/2429/799
f 1567/2435/1142 1571/2440/1144 1568/2436/1105
f 1571/2440/1144 1567/2435/1142 1569/2437/1143
f 1571/2440/1144 1570/2439/1101 1568/2436/1105
f 1332/2438/1023 1572/2441/1145 1569/2437/1143
f 1572/2441/1145 1571/2440/1144 1569/2437/1143
f 1572/2441/1145 1332/2438/1023 1330/2442/1022
f 1573/2443/1110 1570/2439/1101 1571/2440/1144
f 1572/2441/1145 1330/2442/1022 1574/2444/1146
f 1574/2444/1146 1330/2442/1022 1344/2445/1029
f 1342/2446/1028 1574/2444/1146 1344/2445/1029
f 1575/2447/1147 1571/2440/1144 1572/2441/1145
f 1574/2444/1146 1342/2446/1028 1576/2448/1148
f 1340/2449/1027 1576/2448/1148 1342/2446/1028
f 1576/2448/1148 1340/2449/1027 1564/2450/1140
f 1559/2451/1134 1576/2448/1148 1564/2450/1140
f 1577/2452/1120 1572/2441/1145 1574/2444/1146
f 1574/2444/1146 1576/2448/1148 1577/2452/1120
f 1572/2441/1145 1577/2452/1120 1575/2447/1147
f 1576/2448/1148 1559/2451/1134 1578/2453/1121
f 1578/2453/1121 1577/2452/1120 1576/2448/1148
f 1559/2451/1134 1579/2454/1119 1578/2453/1121
f 1579/2454/1119 1577/2452/1120 1578/2453/1121
f 1579/2454/1119 1559/2451/1134 1555/2455/1089
f 1579/2454/1119 1555/2455/1089 1554/2456/1103
f 1577/2452/1120 1580/2457/1112 1575/2447/1147
f 1580/2457/1112 1571/2440/1144 1575/2447/1147
f 1571/2440/1144 1580/2457/1112 1573/2443/1110
f 1577/2452/1120 1579/2454/1119 1581/2458/1115
f 1580/2457/1112 1577/2452/1120 1581/2458/1115
f 1579/2454/1119 1554/2456/1103 1582/2459/1125
f 1582/2459/1125 1581/2458/1115 1579/2454/1119
f 1554/2456/1103 1583/2460/1122 1582/2459/1125
f 1554/2456/1103 1551/2461/1100 1583/2460/1122
f 1545/2462/1134 1583/2460/1122 1551/2461/1100
f 1581/2458/1115 1582/2459/1125 1584/2463/1126
f 1583/2460/1122 1545/2462/1134 1585/2464/1121
f 1586/2465/1127 1581/2458/1115 1584/2463/1126
f 1581/2458/1115 1586/2465/1127 1580/2457/1112
f 1582/2459/1125 1587/2466/1124 1584/2463/1126
f 1583/2460/1122 1587/2466/1124 1582/2459/1125
f 1587/2466/1124 1586/2465/1127 1584/2463/1126
f 1585/2464/1121 1588/2467/1120 1583/2460/1122
f 1587/2466/1124 1583/2460/1122 1588/2467/1120
f 1545/2462/1134 1589/2468/1119 1585/2464/1121
f 1588/2467/1120 1585/2464/1121 1589/2468/1119
f 1589/2468/1119 1545/2462/1134 1542/2469/1089
f 1589/2468/1119 1542/2469/1089 1541/2470/1103
f 1586/2465/1127 1587/2466/1124 1590/2471/1123
f 1588/2467/1120 1590/2471/1123 1587/2466/1124
f 1591/2472/1128 1580/2457/1112 1586/2465/1127
f 1590/2471/1123 1591/2472/1128 1586/2465/1127
f 1580/2457/1112 1591/2472/1128 1573/2443/1110
f 1590/2471/1123 1588/2467/1120 1592/2473/1147
f 1593/2474/1129 1573/2443/1110 1591/2472/1128
f 1573/2443/1110 1593/2474/1129 1570/2439/1101
f 1562/2426/1094 1570/2439/1101 1593/2474/1129
f 1560/2424/1130 1562/2426/1094 1593/2474/1129
f 1556/2420/1104 1560/2424/1130 1593/2474/1129
f 1591/2472/1128 1590/2471/1123 1594/2475/1114
f 1594/2475/1114 1593/2474/1129 1591/2472/1128
f 1593/2474/1129 1595/2476/1149 1556/2420/1104
f 1593/2474/1129 1594/2475/1114 1595/2476/1149
f 1595/2476/1149 1552/2416/1098 1556/2420/1104
f 1590/2471/1123 1596/2477/1109 1594/2475/1114
f 1596/2477/1109 1595/2476/1149 1594/2475/1114
f 1592/2473/1147 1596/2477/1109 1590/2471/1123
f 1552/2416/1098 1595/2476/1149 1597/2478/1133
f 1595/2476/1149 1596/2477/1109 1597/2478/1133
f 1552/2416/1098 1597/2478/1133 1557/2421/1138
f 1596/2477/1109 1557/2421/1138 1597/2478/1133
f 1598/2479/1112 1596/2477/1109 1592/2473/1147
f 1588/2467/1120 1598/2479/1112 1592/2473/1147
f 1599/2480/1110 1557/2421/1138 1596/2477/1109
f 1596/2477/1109 1598/2479/1112 1599/2480/1110
f 1599/2480/1110 1547/2411/1129 1557/2421/1138
f 1547/2411/1129 1599/2480/1110 1600/2481/1128
f 1598/2479/1112 1600/2481/1128 1599/2480/1110
f 1549/2413/1114 1547/2411/1129 1600/2481/1128
f 1598/2479/1112 1588/2467/1120 1601/2482/1115
f 1588/2467/1120 1589/2468/1119 1601/2482/1115
f 1600/2481/1128 1598/2479/1112 1602/2483/1127
f 1601/2482/1115 1602/2483/1127 1598/2479/1112
f 1600/2481/1128 1603/2484/1123 1549/2413/1114
f 1603/2484/1123 1600/2481/1128 1602/2483/1127
f 1603/2484/1123 1532/2396/1132 1549/2413/1114
f 1602/2483/1127 1601/2482/1115 1604/2485/1126
f 1605/2486/1147 1532/2396/1132 1603/2484/1123
f 1526/2390/1112 1532/2396/1132 1605/2486/1147
f 1524/2388/1120 1526/2390/1112 1605/2486/1147
f 1603/2484/1123 1524/2388/1120 1605/2486/1147
f 1602/2483/1127 1606/2487/1124 1603/2484/1123
f 1524/2388/1120 1603/2484/1123 1606/2487/1124
f 1606/2487/1124 1602/2483/1127 1604/2485/1126
f 1601/2482/1115 1607/2488/1125 1604/2485/1126
f 1607/2488/1125 1606/2487/1124 1604/2485/1126
f 1607/2488/1125 1601/2482/1115 1589/2468/1119
f 1589/2468/1119 1541/2470/1103 1607/2488/1125
f 1606/2487/1124 1608/2489/1122 1524/2388/1120
f 1608/2489/1122 1606/2487/1124 1607/2488/1125
f 1541/2470/1103 1608/2489/1122 1607/2488/1125
f 1521/2385/1121 1524/2388/1120 1608/2489/1122
f 1541/2470/1103 1537/2490/1100 1608/2489/1122
f 1608/2489/1122 1500/2383/1107 1521/2385/1121
f 1500/2383/1107 1608/2489/1122 1537/2490/1100
f 1609/2491/1096 1610/2492/1110 1611/2493/1111
f 1612/2494/1138 1610/2492/1110 1609/2491/1096
f 1610/2492/1110 1612/2494/1138 1613/2495/1144
f 1609/2491/1096 1614/2496/1094 1612/2494/1138
f 1614/2496/1094 1609/2491/1096 1615/2497/1095
f 1616/2498/1090 1614/2496/1094 1615/2497/1095
f 1617/2499/1105 1613/2495/1144 1612/2494/1138
f 1614/2496/1094 1616/2498/1090 1618/2500/1106
f 1613/2495/1144 1617/2499/1105 1619/2501/1108
f 1613/2495/1144 1619/2501/1108 1620/2502/1114
f 1612/2494/1138 1621/2503/799 1617/2499/1105
f 1621/2503/799 1612/2494/1138 1614/2496/1094
f 1621/2503/799 1619/2501/1108 1617/2499/1105
f 1618/2500/1106 1621/2503/799 1614/2496/1094
f 1622/2504/1129 1620/2502/1114 1619/2501/1108
f 1620/2502/1114 1622/2504/1129 1623/2505/1128
f 1622/2504/1129 1624/2506/1110 1623/2505/1128
f 1619/2501/1108 1621/2503/799 1625/2507/1104
f 1622/2504/1129 1619/2501/1108 1625/2507/1104
f 1621/2503/799 1618/2500/1106 1626/2508/1136
f 1627/2509/1131 1624/2506/1110 1622/2504/1129
f 1624/2506/1110 1627/2509/1131 1628/2510/1132
f 1621/2503/799 1626/2508/1136 1629/2511/1137
f 1621/2503/799 1629/2511/1137 1625/2507/1104
f 1630/2512/1107 1626/2508/1136 1618/2500/1106
f 1630/2512/1107 1629/2511/1137 1626/2508/1136
f 1616/2498/1090 1631/2513/1150 1618/2500/1106
f 1630/2512/1107 1618/2500/1106 1631/2513/1150
f 1631/2513/1150 1616/2498/1090 1632/2514/1091
f 1632/2514/1091 1633/2515/1119 1631/2513/1150
f 1633/2515/1119 1630/2512/1107 1631/2513/1150
f 1633/2515/1119 1632/2514/1091 1634/2516/1117
f 1629/2511/1137 1630/2512/1107 1635/2517/1100
f 1634/2516/1117 1636/2518/1115 1633/2515/1119
f 1636/2518/1115 1634/2516/1117 1637/2519/1116
f 1638/2520/1113 1636/2518/1115 1637/2519/1116
f 1639/2521/1151 1630/2512/1107 1633/2515/1119
f 1638/2520/1113 1640/2522/1112 1636/2518/1115
f 1611/2523/1111 1640/2522/1112 1638/2520/1113
f 1640/2522/1112 1611/2523/1111 1610/2524/1110
f 1613/2525/1144 1640/2522/1112 1610/2524/1110
f 1641/2526/1006 1633/2515/1119 1636/2518/1115
f 1636/2518/1115 1640/2522/1112 1641/2526/1006
f 1633/2515/1119 1641/2526/1006 1639/2521/1151
f 1640/2522/1112 1613/2525/1144 1642/2527/1152
f 1642/2527/1152 1641/2526/1006 1640/2522/1112
f 1613/2525/1144 1643/2528/1123 1642/2527/1152
f 1643/2528/1123 1641/2526/1006 1642/2527/1152
f 1643/2528/1123 1613/2525/1144 1620/2529/1114
f 1623/2530/1128 1643/2528/1123 1620/2529/1114
f 1641/2526/1006 1644/2531/1122 1639/2521/1151
f 1630/2512/1107 1639/2521/1151 1644/2531/1122
f 1644/2531/1122 1635/2517/1100 1630/2512/1107
f 1643/2528/1123 1645/2532/1124 1641/2526/1006
f 1644/2531/1122 1641/2526/1006 1645/2532/1124
f 1643/2528/1123 1623/2530/1128 1646/2533/1127
f 1646/2533/1127 1645/2532/1124 1643/2528/1123
f 1647/2534/1103 1635/2517/1100 1644/2531/1122
f 1645/2532/1124 1646/2533/1127 1648/2535/1126
f 1644/2531/1122 1645/2532/1124 1649/2536/1125
f 1649/2536/1125 1645/2532/1124 1648/2535/1126
f 1647/2534/1103 1644/2531/1122 1649/2536/1125
f 1646/2533/1127 1650/2537/1115 1648/2535/1126
f 1650/2537/1115 1649/2536/1125 1648/2535/1126
f 1623/2530/1128 1651/2538/1112 1646/2533/1127
f 1646/2533/1127 1651/2538/1112 1650/2537/1115
f 1651/2538/1112 1623/2530/1128 1624/2539/1110
f 1628/2540/1132 1651/2538/1112 1624/2539/1110
f 1649/2536/1125 1650/2537/1115 1652/2541/1119
f 1652/2541/1119 1647/2534/1103 1649/2536/1125
f 1650/2537/1115 1651/2538/1112 1653/2542/1120
f 1653/2542/1120 1652/2541/1119 1650/2537/1115
f 1651/2538/1112 1628/2540/1132 1654/2543/1118
f 1654/2543/1118 1653/2542/1120 1651/2538/1112
f 1628/2540/1132 1655/2544/1123 1654/2543/1118
f 1655/2544/1123 1653/2542/1120 1654/2543/1118
f 1655/2544/1123 1628/2540/1132 1656/2545/1114
f 1657/2546/1128 1655/2544/1123 1656/2545/1114
f 1652/2541/1119 1653/2542/1120 1658/2547/1121
f 1655/2544/1123 1657/2546/1128 1659/2548/1127
f 1655/2544/1123 1660/2549/1124 1653/2542/1120
f 1655/2544/1123 1659/2548/1127 1660/2549/1124
f 1653/2542/1120 1661/2550/1122 1658/2547/1121
f 1661/2550/1122 1653/2542/1120 1660/2549/1124
f 1658/2547/1121 1662/2551/1093 1652/2541/1119
f 1662/2551/1093 1658/2547/1121 1661/2550/1122
f 1647/2534/1103 1652/2541/1119 1663/2552/1089
f 1652/2541/1119 1662/2551/1093 1663/2552/1089
f 1663/2552/1089 1664/2553/1102 1647/2534/1103
f 1664/2553/1102 1635/2517/1100 1647/2534/1103
f 1635/2517/1100 1664/2553/1102 1629/2511/1137
f 1664/2553/1102 1625/2507/1104 1629/2511/1137
f 1625/2507/1104 1664/2553/1102 1665/2554/1130
f 1625/2507/1104 1665/2554/1130 1622/2504/1129
f 1663/2552/1089 1666/2555/1106 1664/2553/1102
f 1662/2551/1093 1666/2555/1106 1663/2552/1089
f 1664/2553/1102 1667/2556/1094 1665/2554/1130
f 1667/2556/1094 1622/2504/1129 1665/2554/1130
f 1667/2556/1094 1664/2553/1102 1666/2555/1106
f 1622/2504/1129 1667/2556/1094 1627/2509/1131
f 1666/2555/1106 1668/2557/1098 1667/2556/1094
f 1668/2557/1098 1627/2509/1131 1667/2556/1094
f 1662/2551/1093 1669/2558/1136 1666/2555/1106
f 1668/2557/1098 1666/2555/1106 1669/2558/1136
f 1662/2551/1093 1670/2559/1137 1669/2558/1136
f 1668/2557/1098 1669/2558/1136 1670/2559/1137
f 1627/2509/1131 1668/2557/1098 1671/2560/1105
f 1671/2560/1105 1628/2510/1132 1627/2509/1131
f 1628/2510/1132 1671/2560/1105 1672/2561/1149
f 1668/2557/1098 1672/2561/1149 1671/2560/1105
f 1628/2510/1132 1672/2561/1149 1656/2562/1114
f 1672/2561/1149 1668/2557/1098 1673/2563/1104
f 1668/2557/1098 1670/2559/1137 1673/2563/1104
f 1656/2562/1114 1672/2561/1149 1674/2564/1129
f 1673/2563/1104 1674/2564/1129 1672/2561/1149
f 1656/2562/1114 1674/2564/1129 1657/2565/1128
f 1674/2564/1129 1675/2566/1110 1657/2565/1128
f 1674/2564/1129 1673/2563/1104 1676/2567/1130
f 1677/2568/1138 1675/2566/1110 1674/2564/1129
f 1675/2566/1110 1677/2568/1138 1678/2569/1132
f 1679/2570/1094 1674/2564/1129 1676/2567/1130
f 1674/2564/1129 1679/2570/1094 1677/2568/1138
f 1673/2563/1104 1680/2571/1102 1676/2567/1130
f 1680/2571/1102 1679/2570/1094 1676/2567/1130
f 1680/2571/1102 1673/2563/1104 1670/2559/1137
f 1681/2572/1133 1678/2569/1132 1677/2568/1138
f 1682/2573/1100 1680/2571/1102 1670/2559/1137
f 1670/2559/1137 1662/2551/1093 1682/2573/1100
f 1661/2550/1122 1682/2573/1100 1662/2551/1093
f 1678/2569/1132 1681/2572/1133 1683/2574/1149
f 1678/2569/1132 1683/2574/1149 1684/2575/1114
f 1677/2568/1138 1685/2576/1098 1681/2572/1133
f 1685/2576/1098 1683/2574/1149 1681/2572/1133
f 1685/2576/1098 1677/2568/1138 1679/2570/1094
f 1684/2575/1114 1683/2574/1149 1686/2577/1129
f 1684/2575/1114 1686/2577/1129 1687/2578/1128
f 1686/2577/1129 1688/2579/1110 1687/2578/1128
f 1683/2574/1149 1685/2576/1098 1689/2580/1104
f 1689/2580/1104 1686/2577/1129 1683/2574/1149
f 1690/2581/1106 1685/2576/1098 1679/2570/1094
f 1679/2570/1094 1680/2571/1102 1690/2581/1106
f 1691/2582/1138 1688/2579/1110 1686/2577/1129
f 1688/2579/1110 1691/2582/1138 1692/2583/1144
f 1686/2577/1129 1689/2580/1104 1693/2584/1130
f 1694/2585/1105 1692/2583/1144 1691/2582/1138
f 1695/2586/1094 1686/2577/1129 1693/2584/1130
f 1686/2577/1129 1695/2586/1094 1691/2582/1138
f 1692/2583/1144 1694/2585/1105 1696/2587/1142
f 1692/2583/1144 1696/2587/1142 1697/2588/1143
f 1691/2582/1138 1698/2589/799 1694/2585/1105
f 1698/2589/799 1696/2587/1142 1694/2585/1105
f 1698/2589/799 1691/2582/1138 1695/2586/1094
f 1445/2590/1024 1697/2588/1143 1696/2587/1142
f 1697/2588/1143 1445/2590/1024 1443/2591/1023
f 1445/2590/1024 1696/2587/1142 1699/2592/1141
f 1696/2587/1142 1698/2589/799 1699/2592/1141
f 1699/2592/1141 1446/2593/1025 1445/2590/1024
f 1699/2592/1141 1448/2594/1026 1446/2593/1025
f 1448/2594/1026 1699/2592/1141 1700/2595/1139
f 1698/2589/799 1700/2595/1139 1699/2592/1141
f 1701/2596/1140 1448/2594/1026 1700/2595/1139
f 1448/2594/1026 1701/2596/1140 1450/2597/1027
f 1698/2589/799 1702/2598/1097 1700/2595/1139
f 1450/2597/1027 1701/2596/1140 1703/2599/1148
f 1703/2599/1148 1438/2600/1066 1450/2597/1027
f 1700/2595/1139 1704/2601/1134 1701/2596/1140
f 1704/2601/1134 1700/2595/1139 1702/2598/1097
f 1703/2599/1148 1701/2596/1140 1704/2601/1134
f 1698/2589/799 1705/2602/1092 1702/2598/1097
f 1704/2601/1134 1702/2598/1097 1705/2602/1092
f 1705/2602/1092 1698/2589/799 1695/2586/1094
f 1704/2601/1134 1706/2603/1121 1703/2599/1148
f 1695/2586/1094 1707/2604/1102 1705/2602/1092
f 1707/2604/1102 1695/2586/1094 1693/2584/1130
f 1689/2580/1104 1707/2604/1102 1693/2584/1130
f 1704/2601/1134 1705/2602/1092 1708/2605/1089
f 1707/2604/1102 1708/2605/1089 1705/2602/1092
f 1706/2603/1121 1704/2601/1134 1709/2606/1119
f 1709/2606/1119 1704/2601/1134 1708/2605/1089
f 1707/2604/1102 1689/2580/1104 1710/2607/1137
f 1685/2576/1098 1710/2607/1137 1689/2580/1104
f 1708/2605/1089 1707/2604/1102 1711/2608/1103
f 1711/2608/1103 1709/2606/1119 1708/2605/1089
f 1685/2576/1098 1712/2609/1136 1710/2607/1137
f 1685/2576/1098 1690/2581/1106 1712/2609/1136
f 1713/2610/1100 1707/2604/1102 1710/2607/1137
f 1707/2604/1102 1713/2610/1100 1711/2608/1103
f 1714/2611/1107 1710/2607/1137 1712/2609/1136
f 1710/2607/1137 1714/2611/1107 1713/2610/1100
f 1714/2611/1107 1712/2609/1136 1690/2581/1106
f 1715/2612/1122 1711/2608/1103 1713/2610/1100
f 1715/2612/1122 1713/2610/1100 1714/2611/1107
f 1714/2611/1107 1690/2581/1106 1716/2613/1089
f 1680/2571/1102 1716/2613/1089 1690/2581/1106
f 1714/2611/1107 1717/2614/1121 1715/2612/1122
f 1716/2613/1089 1680/2571/1102 1718/2615/1103
f 1680/2571/1102 1682/2573/1100 1718/2615/1103
f 1661/2550/1122 1718/2615/1103 1682/2573/1100
f 1719/2616/1119 1714/2611/1107 1716/2613/1089
f 1718/2615/1103 1719/2616/1119 1716/2613/1089
f 1717/2614/1121 1714/2611/1107 1719/2616/1119
f 1718/2615/1103 1661/2550/1122 1720/2617/1125
f 1719/2616/1119 1718/2615/1103 1720/2617/1125
f 1660/2549/1124 1720/2617/1125 1661/2550/1122
f 1719/2616/1119 1721/2618/1005 1717/2614/1121
f 1721/2618/1005 1715/2612/1122 1717/2614/1121
f 1720/2617/1125 1660/2549/1124 1722/2619/1126
f 1660/2549/1124 1659/2548/1127 1722/2619/1126
f 1720/2617/1125 1723/2620/1115 1719/2616/1119
f 1723/2620/1115 1720/2617/1125 1722/2619/1126
f 1659/2548/1127 1723/2620/1115 1722/2619/1126
f 1721/2618/1005 1719/2616/1119 1723/2620/1115
f 1659/2548/1127 1724/2621/1112 1723/2620/1115
f 1723/2620/1115 1724/2621/1112 1721/2618/1005
f 1657/2546/1128 1724/2621/1112 1659/2548/1127
f 1724/2621/1112 1657/2546/1128 1675/2622/1110
f 1678/2623/1132 1724/2621/1112 1675/2622/1110
f 1724/2621/1112 1678/2623/1132 1725/2624/1147
f 1725/2624/1147 1721/2618/1005 1724/2621/1112
f 1678/2623/1132 1726/2625/1123 1725/2624/1147
f 1726/2625/1123 1721/2618/1005 1725/2624/1147
f 1726/2625/1123 1678/2623/1132 1684/2626/1114
f 1687/2627/1128 1726/2625/1123 1684/2626/1114
f 1726/2625/1123 1727/2628/1124 1721/2618/1005
f 1715/2612/1122 1721/2618/1005 1727/2628/1124
f 1726/2625/1123 1687/2627/1128 1728/2629/1127
f 1726/2625/1123 1728/2629/1127 1727/2628/1124
f 1727/2628/1124 1729/2630/1153 1715/2612/1122
f 1711/2608/1103 1715/2612/1122 1729/2630/1153
f 1709/2606/1119 1711/2608/1103 1729/2630/1153
f 1729/2630/1153 1727/2628/1124 1730/2631/1126
f 1727/2628/1124 1728/2629/1127 1730/2631/1126
f 1731/2632/1115 1729/2630/1153 1730/2631/1126
f 1728/2629/1127 1731/2632/1115 1730/2631/1126
f 1729/2630/1153 1731/2632/1115 1709/2606/1119
f 1687/2627/1128 1732/2633/1112 1728/2629/1127
f 1728/2629/1127 1732/2633/1112 1731/2632/1115
f 1732/2633/1112 1687/2627/1128 1688/2634/1110
f 1692/2635/1144 1732/2633/1112 1688/2634/1110
f 1733/2636/1005 1709/2606/1119 1731/2632/1115
f 1731/2632/1115 1732/2633/1112 1733/2636/1005
f 1709/2606/1119 1733/2636/1005 1706/2603/1121
f 1733/2636/1005 1703/2599/1148 1706/2603/1121
f 1732/2633/1112 1692/2635/1144 1734/2637/1152
f 1734/2637/1152 1733/2636/1005 1732/2633/1112
f 1692/2635/1144 1735/2638/1145 1734/2637/1152
f 1735/2638/1145 1733/2636/1005 1734/2637/1152
f 1735/2638/1145 1692/2635/1144 1697/2639/1143
f 1443/2640/1023 1735/2638/1145 1697/2639/1143
f 1735/2638/1145 1443/2640/1023 1440/2641/1022
f 1703/2599/1148 1733/2636/1005 1736/2642/1146
f 1735/2638/1145 1736/2642/1146 1733/2636/1005
f 1440/2641/1022 1736/2642/1146 1735/2638/1145
f 1703/2599/1148 1736/2642/1146 1438/2600/1066
f 1736/2642/1146 1440/2641/1022 1436/2643/1029
f 1438/2600/1066 1736/2642/1146 1436/2643/1029
f 1317/2644/1013 1319/2645/1015 1737/2646/3
f 1315/2647/1012 1317/2644/1013 1737/2646/3
f 1319/2645/1015 1321/2648/1016 1737/2646/3
f 1313/2649/1010 1315/2647/1012 1737/2646/3
f 1321/2648/1016 1323/2650/1018 1737/2646/3
f 1327/2651/1021 1313/2649/1010 1737/2646/3
f 1323/2650/1018 1325/2652/1019 1737/2646/3
f 1325/2652/1019 1327/2651/1021 1737/2646/3
f 1424/2653/1010 1738/2654/3 1426/2655/1064
f 1420/2656/1012 1738/2654/3 1424/2653/1010
f 1426/2655/1064 1738/2654/3 1428/2657/1019
f 1422/2658/1013 1738/2654/3 1420/2656/1012
f 1428/2657/1019 1738/2654/3 1430/2659/1018
f 1434/2660/1065 1738/2654/3 1422/2658/1013
f 1430/2659/1018 1738/2654/3 1432/2661/1016
f 1432/2661/1016 1738/2654/3 1434/2660/1065
