# Blender 5.1.0
# www.blender.org
mtllib TowerTop.mtl
o BP_TowerTop1
v -11.761535 11.233730 -14.096014
v -11.627745 11.233730 -15.182922
v -11.761535 11.233730 -15.182922
v -11.627745 11.233732 -14.096011
v -11.627745 11.197607 -14.096014
v -11.627745 11.197607 -15.182924
v -11.761534 11.197607 -15.182922
v -11.761535 11.197607 -14.096014
v -11.761535 11.515474 -14.096014
v -11.627745 11.515474 -15.182922
v -11.761535 11.515474 -15.182922
v -11.627745 11.515474 -14.096011
v -11.627745 11.479351 -14.096014
v -11.627745 11.479351 -15.182924
v -11.761534 11.479351 -15.182922
v -11.761535 11.479351 -14.096014
v -9.996902 11.972998 -13.964330
v -8.403256 12.384932 -15.491868
v -8.570477 12.348392 -15.484542
v -10.169629 11.929482 -13.971307
v -8.398832 12.362646 -15.491680
v -9.991175 11.948481 -13.964330
v -8.566053 12.326109 -15.484343
v -10.163902 11.904966 -13.971307
v -9.958855 11.970371 -15.314161
v -8.607262 12.327080 -13.806168
v -8.436866 12.370268 -13.797834
v -10.130398 11.931826 -15.306667
v -8.432492 12.349237 -13.797935
v -9.955732 11.949106 -15.314014
v -8.602888 12.306049 -13.806168
v -10.127273 11.910561 -15.306525
v -11.598421 11.546177 -14.095767
v -10.132756 11.932148 -15.292293
v -10.301165 11.900469 -15.285656
v -11.773975 11.513378 -14.095768
v -10.129110 11.909746 -15.292160
v -11.594520 11.521366 -14.095767
v -10.297518 11.878067 -15.285524
v -11.770076 11.488564 -14.095768
v -11.584829 11.539213 -15.182897
v -10.336710 11.861454 -14.006929
v -10.169954 11.915176 -14.000994
v -11.757685 11.505894 -15.182897
v -10.164011 11.894468 -14.000994
v -11.582485 11.517866 -15.182897
v -10.330769 11.840746 -14.006946
v -11.755341 11.484545 -15.182897
v -9.648480 11.195612 -13.878706
v -8.956936 12.194370 -13.856359
v -9.161102 12.143114 -13.874047
v -9.812057 11.205383 -13.902970
v -9.641460 11.195793 -13.903335
v -8.954961 12.196938 -13.880167
v -9.159126 12.145683 -13.897522
v -9.805038 11.205561 -13.927336
v -8.611702 11.205383 -13.752738
v -9.003314 12.195406 -13.851449
v -9.159035 12.143526 -13.863635
v -8.448125 11.195616 -13.726373
v -8.441105 11.195793 -13.752987
v -9.001807 12.195137 -13.875320
v -8.604683 11.205561 -13.779083
v -9.157528 12.143257 -13.887354
v -11.792284 11.159746 -14.142343
v -8.400084 11.159746 -13.812155
v -11.792284 11.159746 -14.057276
v -8.400084 11.159746 -13.712508
v -8.400084 11.292070 -13.713449
v -11.792284 11.292070 -14.057276
v -11.797073 11.195490 -14.079045
v -11.792284 11.199169 -14.142343
v -8.400084 11.199169 -13.812440
v -8.400084 11.292070 -13.741746
v -11.792284 11.292070 -14.081411
v -8.395294 11.195490 -13.738101
v -11.792283 11.404100 -14.057276
v -8.325850 12.298243 -13.747231
v -11.792284 11.531416 -14.057276
v -8.325850 12.425556 -13.745511
v -8.325850 12.425556 -13.845847
v -11.792284 11.531416 -14.142343
v -11.792284 11.497646 -14.080255
v -11.792283 11.404100 -14.082621
v -8.325850 12.298243 -13.777112
v -8.325850 12.389433 -13.846305
v -11.792284 11.495295 -14.142343
v -8.325850 12.394165 -13.773086
v -10.718952 11.195612 -13.991961
v -10.137379 11.852915 -13.977320
v -10.291622 11.849337 -13.988943
v -10.882529 11.205383 -14.010674
v -10.711932 11.195793 -14.015319
v -10.135403 11.855484 -13.999253
v -10.289646 11.851910 -14.010727
v -10.875510 11.205561 -14.033978
v -9.771538 11.205383 -13.911667
v -10.168128 11.896044 -13.973412
v -10.323850 11.844164 -13.982603
v -9.607961 11.195616 -13.887394
v -9.600941 11.195793 -13.912064
v -10.166622 11.895777 -13.995420
v -9.764519 11.205561 -13.936070
v -10.322342 11.843897 -14.004417
v -11.630672 11.200586 -14.057083
v -11.627380 11.529980 -14.067560
v -11.757242 11.497417 -14.070775
v -11.767084 11.200588 -14.072365
v -11.624817 11.200588 -14.080132
v -11.626123 11.529984 -14.088726
v -11.755985 11.497417 -14.091941
v -11.761232 11.200588 -14.095414
v -10.844643 11.205383 -14.019662
v -11.241234 11.627293 -14.048553
v -11.396955 11.575415 -14.052186
v -10.681067 11.195616 -14.000816
v -11.239727 11.627022 -14.069736
v -10.674047 11.195793 -14.024177
v -10.837625 11.205561 -14.042907
v -11.395448 11.575146 -14.073352
v -8.956936 12.194370 -15.433188
v -9.648480 11.195612 -15.407957
v -9.161102 12.143114 -15.415603
v -9.812057 11.205383 -15.383089
v -9.641460 11.195793 -15.382959
v -8.954961 12.196938 -15.409079
v -9.159126 12.145683 -15.391818
v -9.805038 11.205561 -15.358367
v -9.003314 12.195406 -15.438258
v -8.611702 11.205383 -15.535467
v -9.159035 12.143526 -15.426168
v -8.448125 11.195616 -15.561549
v -8.441105 11.195793 -15.534561
v -9.001807 12.195137 -15.414042
v -8.604683 11.205561 -15.508866
v -9.157528 12.143257 -15.402199
v -8.400084 11.159746 -15.474545
v -11.792284 11.159746 -15.136593
v -11.792284 11.159746 -15.221659
v -8.400084 11.159746 -15.575241
v -8.400084 11.292070 -15.575241
v -11.792284 11.292070 -15.221659
v -11.797073 11.195490 -15.199890
v -11.792284 11.199169 -15.136593
v -8.400084 11.199169 -15.474545
v -8.400084 11.292070 -15.546577
v -11.792284 11.292070 -15.197524
v -8.395294 11.195490 -15.549539
v -8.325850 12.298243 -15.541284
v -11.792283 11.404100 -15.221659
v -11.792284 11.531416 -15.221660
v -8.325850 12.425556 -15.542800
v -8.325850 12.425556 -15.441463
v -11.792284 11.531416 -15.136593
v -11.792284 11.497646 -15.198680
v -11.792283 11.404100 -15.196315
v -8.325850 12.298243 -15.511099
v -11.792284 11.495295 -15.136593
v -8.325850 12.389433 -15.441060
v -8.325850 12.394165 -15.515049
v -10.137379 11.852915 -15.309584
v -10.718952 11.195612 -15.289055
v -10.291622 11.849337 -15.297272
v -10.882529 11.205383 -15.269445
v -10.711932 11.195793 -15.265562
v -10.135403 11.855484 -15.287365
v -10.289646 11.851910 -15.275250
v -10.875510 11.205561 -15.246101
v -9.771538 11.205383 -15.374402
v -10.168128 11.896044 -15.313410
v -9.607961 11.195616 -15.399252
v -10.323850 11.844164 -15.303547
v -9.600941 11.195793 -15.374296
v -10.166622 11.895777 -15.291147
v -9.764519 11.205561 -15.349724
v -10.322342 11.843897 -15.281405
v -11.767084 11.200588 -15.206571
v -11.757242 11.497417 -15.208160
v -11.630672 11.200586 -15.221851
v -11.627380 11.529980 -15.211375
v -11.624817 11.200588 -15.198803
v -11.626123 11.529984 -15.190208
v -11.755985 11.497417 -15.186995
v -11.761232 11.200588 -15.183521
v -10.844643 11.205383 -15.260618
v -11.241234 11.627293 -15.232004
v -10.681067 11.195616 -15.280345
v -11.396955 11.575415 -15.227395
v -11.239727 11.627022 -15.210713
v -10.674047 11.195793 -15.256860
v -10.837625 11.205561 -15.237245
v -11.395448 11.575146 -15.206206
v -9.987622 11.232563 -13.945488
v -8.471431 11.209955 -15.483093
v -8.643200 11.217289 -15.475044
v -10.166811 11.234591 -13.952436
v -9.989608 11.207558 -13.945261
v -8.473986 11.187428 -15.483008
v -8.645756 11.194765 -15.474835
v -10.168797 11.209589 -13.952137
v -9.951880 11.206474 -15.326029
v -8.685040 11.206148 -13.814488
v -8.508189 11.204399 -13.805765
v -10.128414 11.212978 -15.318556
v -9.955376 11.185259 -15.325882
v -8.510409 11.183090 -13.805765
v -8.687262 11.184839 -13.814420
v -10.131906 11.191763 -15.318415
v -11.591843 11.215048 -14.095767
v -10.130582 11.213886 -15.304269
v -10.302007 11.226191 -15.297740
v -11.770475 11.228086 -14.095768
v -10.133921 11.191444 -15.304085
v -11.595673 11.190224 -14.095767
v -10.305346 11.203745 -15.297514
v -11.774306 11.203266 -14.095768
v -11.580915 11.204906 -15.182897
v -10.348060 11.211645 -13.987645
v -10.171492 11.220928 -13.982078
v -11.757114 11.216768 -15.182897
v -10.172107 11.191879 -13.981567
v -11.585182 11.176163 -15.182897
v -10.348677 11.182592 -13.987275
v -11.761379 11.188017 -15.182897
v -11.902259 6.985350 -14.036501
v -11.768469 6.985350 -15.242318
v -11.902259 6.985350 -15.242318
v -11.768469 6.985352 -14.036498
v -11.768469 6.949226 -14.036501
v -11.768469 6.949226 -15.242321
v -11.902258 6.949226 -15.242318
v -11.902259 6.949226 -14.036501
v -11.902259 7.267092 -14.036501
v -11.768469 7.267092 -15.242318
v -11.902259 7.267092 -15.242318
v -11.768469 7.267092 -14.036498
v -11.768469 7.230968 -14.036501
v -11.768469 7.230968 -15.242321
v -11.902258 7.230968 -15.242318
v -11.902259 7.230967 -14.036501
v -10.137626 7.724617 -13.890410
v -8.543980 8.136551 -15.585063
v -8.711201 8.100012 -15.576935
v -10.310352 7.681099 -13.898151
v -8.539556 8.114265 -15.584855
v -10.131899 7.700100 -13.890411
v -8.706778 8.077726 -15.576714
v -10.304626 7.656582 -13.898151
v -10.099578 7.721991 -15.387916
v -8.747986 8.078695 -13.714945
v -8.577589 8.121887 -13.705700
v -10.271122 7.683445 -15.379601
v -8.573215 8.100857 -13.705813
v -10.096457 7.700726 -15.387753
v -8.743612 8.057667 -13.714945
v -10.267997 7.662180 -15.379444
v -11.739144 7.297796 -14.036227
v -10.273480 7.683765 -15.363654
v -10.441889 7.652088 -15.356292
v -11.914700 7.264996 -14.036228
v -10.269834 7.661362 -15.363507
v -11.735244 7.272984 -14.036228
v -10.438242 7.629684 -15.356146
v -11.910799 7.240183 -14.036228
v -11.725553 7.290831 -15.242290
v -10.477434 7.613073 -13.937672
v -10.310678 7.666792 -13.931086
v -11.898409 7.257513 -15.242290
v -10.304735 7.646084 -13.931086
v -11.723209 7.269482 -15.242290
v -10.471492 7.592363 -13.937689
v -11.896065 7.236164 -15.242290
v -9.789204 6.947231 -13.795420
v -9.097660 7.945986 -13.770628
v -9.301826 7.894732 -13.790252
v -9.952781 6.957003 -13.822338
v -9.782184 6.947412 -13.822742
v -9.095684 7.948557 -13.797040
v -9.299850 7.897303 -13.816294
v -9.945762 6.957180 -13.849370
v -8.752425 6.957003 -13.655671
v -9.144037 7.947023 -13.765181
v -9.299759 7.895144 -13.778701
v -8.588848 6.947233 -13.626421
v -8.581828 6.947412 -13.655947
v -9.142530 7.946753 -13.791663
v -8.745407 6.957180 -13.684898
v -9.298252 7.894875 -13.805014
v -11.933007 6.911366 -14.087898
v -8.540808 6.911366 -13.721588
v -11.933007 6.911366 -13.993526
v -8.540808 6.911366 -13.611039
v -8.540808 7.043690 -13.612083
v -11.933007 7.043690 -13.993526
v -11.937797 6.947109 -14.017676
v -11.933007 6.950788 -14.087898
v -8.540808 6.950788 -13.721904
v -8.540808 7.043690 -13.643476
v -11.933007 7.043690 -14.020301
v -8.536018 6.947109 -13.639432
v -11.933007 7.155718 -13.993526
v -8.466574 8.049858 -13.649560
v -11.933008 7.283035 -13.993526
v -8.466574 8.177176 -13.647653
v -8.466574 8.177176 -13.758966
v -11.933008 7.283035 -14.087898
v -11.933007 7.249266 -14.019018
v -11.933007 7.155718 -14.021643
v -8.466574 8.049858 -13.682712
v -8.466574 8.141052 -13.759474
v -11.933007 7.246914 -14.087898
v -8.466574 8.145784 -13.678245
v -10.859676 6.947231 -13.921065
v -10.278103 7.604530 -13.904821
v -10.432346 7.600952 -13.917717
v -11.023252 6.957003 -13.941826
v -10.852656 6.947412 -13.946979
v -10.276127 7.607101 -13.929155
v -10.430370 7.603525 -13.941884
v -11.016234 6.957180 -13.967678
v -9.912261 6.957003 -13.831986
v -10.308852 7.647661 -13.900486
v -10.464573 7.595781 -13.910683
v -9.748684 6.947233 -13.805058
v -9.741665 6.947412 -13.832426
v -10.307346 7.647392 -13.924903
v -9.905243 6.957180 -13.859059
v -10.463066 7.595514 -13.934884
v -11.771397 6.952204 -13.993312
v -11.768105 7.281599 -14.004934
v -11.897966 7.249035 -14.008501
v -11.907808 6.952208 -14.010265
v -11.765541 6.952208 -14.018883
v -11.766848 7.281601 -14.028417
v -11.896708 7.249035 -14.031982
v -11.901956 6.952208 -14.035835
v -10.985367 6.957003 -13.951797
v -11.381958 7.378912 -13.983850
v -11.537679 7.327034 -13.987879
v -10.821790 6.947233 -13.930889
v -11.380451 7.378639 -14.007348
v -10.814770 6.947412 -13.956805
v -10.978349 6.957180 -13.977585
v -11.536172 7.326765 -14.011360
v -9.097660 7.945986 -15.519964
v -9.789204 6.947231 -15.491973
v -9.301826 7.894732 -15.500455
v -9.952781 6.957003 -15.464384
v -9.782184 6.947412 -15.464240
v -9.095684 7.948557 -15.493217
v -9.299850 7.897303 -15.474068
v -9.945762 6.957180 -15.436956
v -9.144037 7.947023 -15.525588
v -8.752425 6.957003 -15.633431
v -9.299759 7.895144 -15.512176
v -8.588848 6.947233 -15.662368
v -8.581828 6.947412 -15.632427
v -9.142530 7.946753 -15.498724
v -8.745407 6.957180 -15.603921
v -9.298252 7.894875 -15.485584
v -8.540808 6.911366 -15.565845
v -11.933007 6.911366 -15.190921
v -11.933007 6.911366 -15.285293
v -8.540808 6.911366 -15.677558
v -8.540808 7.043690 -15.677558
v -11.933007 7.043690 -15.285293
v -11.937797 6.947109 -15.261143
v -11.933007 6.950788 -15.190921
v -8.540808 6.950788 -15.565845
v -8.540808 7.043690 -15.645759
v -11.933007 7.043690 -15.258517
v -8.536018 6.947109 -15.649043
v -8.466574 8.049858 -15.639885
v -11.933007 7.155718 -15.285293
v -11.933008 7.283035 -15.285294
v -8.466574 8.177176 -15.641567
v -8.466574 8.177176 -15.529144
v -11.933008 7.283035 -15.190921
v -11.933007 7.249266 -15.259801
v -11.933007 7.155718 -15.257175
v -8.466574 8.049858 -15.606398
v -11.933007 7.246914 -15.190921
v -8.466574 8.141052 -15.528697
v -8.466574 8.145784 -15.610780
v -10.278103 7.604530 -15.382837
v -10.859676 6.947231 -15.360063
v -10.432346 7.600952 -15.369178
v -11.023252 6.957003 -15.338307
v -10.852656 6.947412 -15.333999
v -10.276127 7.607101 -15.358188
v -10.430370 7.603525 -15.344748
v -11.016234 6.957180 -15.312409
v -9.912261 6.957003 -15.454746
v -10.308852 7.647661 -15.387082
v -9.748684 6.947233 -15.482315
v -10.464573 7.595781 -15.376139
v -9.741665 6.947412 -15.454629
v -10.307346 7.647392 -15.362384
v -9.905243 6.957180 -15.427368
v -10.463066 7.595514 -15.351576
v -11.907808 6.952208 -15.268554
v -11.897966 7.249035 -15.270318
v -11.771397 6.952204 -15.285506
v -11.768105 7.281599 -15.273884
v -11.765541 6.952208 -15.259936
v -11.766848 7.281601 -15.250402
v -11.896708 7.249035 -15.246837
v -11.901956 6.952208 -15.242983
v -10.985367 6.957003 -15.328514
v -11.381958 7.378912 -15.296769
v -10.821790 6.947233 -15.350399
v -11.537679 7.327034 -15.291656
v -11.380451 7.378639 -15.273150
v -10.814770 6.947412 -15.324345
v -10.978349 6.957180 -15.302584
v -11.536172 7.326765 -15.268149
v -10.128345 6.984180 -13.869508
v -8.612154 6.961575 -15.575329
v -8.783923 6.968906 -15.566399
v -10.307535 6.986206 -13.877216
v -10.130331 6.959177 -13.869256
v -8.614709 6.939045 -15.575234
v -8.786479 6.946383 -15.566167
v -10.309521 6.961206 -13.876884
v -10.092604 6.958094 -15.401081
v -8.825765 6.957766 -13.724176
v -8.648912 6.956015 -13.714499
v -10.269138 6.964598 -15.392790
v -10.096099 6.936874 -15.400919
v -8.651133 6.934708 -13.714499
v -8.827985 6.936455 -13.724100
v -10.272630 6.943378 -15.392633
v -11.732567 6.966665 -14.036227
v -10.271306 6.965504 -15.376941
v -10.442731 6.977808 -15.369698
v -11.911200 6.979704 -14.036228
v -10.274644 6.943062 -15.376737
v -11.736397 6.941843 -14.036228
v -10.446070 6.955364 -15.369447
v -11.915030 6.954884 -14.036228
v -11.721639 6.956526 -15.242290
v -10.488784 6.963263 -13.916276
v -10.312216 6.972546 -13.910100
v -11.897838 6.968384 -15.242290
v -10.312831 6.943499 -13.909534
v -11.725906 6.927778 -15.242290
v -10.489400 6.934212 -13.915867
v -11.902103 6.939636 -15.242290
v -3.318465 11.233730 -14.096014
v -3.452255 11.233730 -15.182922
v -3.452255 11.233732 -14.096011
v -3.318465 11.233730 -15.182922
v -3.452255 11.197607 -14.096014
v -3.452255 11.197607 -15.182924
v -3.318466 11.197607 -15.182922
v -3.318465 11.197607 -14.096014
v -3.318465 11.515474 -14.096014
v -3.452255 11.515474 -15.182922
v -3.452255 11.515474 -14.096011
v -3.318465 11.515474 -15.182922
v -3.452255 11.479351 -14.096014
v -3.452255 11.479351 -15.182924
v -3.318466 11.479351 -15.182922
v -3.318465 11.479351 -14.096014
v -6.676744 12.384932 -15.491868
v -5.083097 11.972998 -13.964330
v -6.509523 12.348392 -15.484542
v -4.910371 11.929482 -13.971307
v -6.681168 12.362646 -15.491680
v -5.088825 11.948481 -13.964330
v -6.513947 12.326109 -15.484343
v -4.916097 11.904966 -13.971307
v -6.472738 12.327080 -13.806168
v -5.121146 11.970371 -15.314161
v -6.643135 12.370268 -13.797834
v -4.949602 11.931826 -15.306667
v -6.647508 12.349237 -13.797935
v -5.124267 11.949106 -15.314014
v -4.952727 11.910561 -15.306525
v -6.477111 12.306049 -13.806168
v -4.947244 11.932148 -15.292293
v -3.481579 11.546177 -14.095767
v -4.778835 11.900469 -15.285656
v -3.306025 11.513378 -14.095768
v -4.950890 11.909746 -15.292160
v -3.485480 11.521366 -14.095767
v -4.782482 11.878067 -15.285524
v -3.309924 11.488564 -14.095768
v -4.743290 11.861454 -14.006929
v -3.495171 11.539213 -15.182897
v -4.910046 11.915176 -14.000994
v -3.322315 11.505894 -15.182897
v -4.915989 11.894468 -14.000994
v -3.497515 11.517866 -15.182897
v -3.324659 11.484545 -15.182897
v -4.749232 11.840746 -14.006946
v -6.123064 12.194370 -13.856359
v -5.431520 11.195612 -13.878706
v -5.918898 12.143114 -13.874047
v -5.267943 11.205383 -13.902970
v -6.125040 12.196938 -13.880167
v -5.438540 11.195793 -13.903335
v -5.920874 12.145683 -13.897522
v -5.274962 11.205561 -13.927336
v -6.076686 12.195406 -13.851449
v -6.468298 11.205383 -13.752738
v -5.920965 12.143526 -13.863635
v -6.631875 11.195616 -13.726373
v -6.078193 12.195137 -13.875320
v -6.638895 11.195793 -13.752987
v -5.922472 12.143257 -13.887354
v -6.475317 11.205561 -13.779083
v -6.679916 11.159746 -13.812155
v -3.287716 11.159746 -14.142343
v -3.287716 11.159746 -14.057276
v -6.679916 11.159746 -13.712508
v -6.679916 11.292070 -13.713449
v -3.287716 11.292070 -14.057276
v -3.282927 11.195490 -14.079045
v -3.287716 11.199169 -14.142343
v -6.679916 11.199169 -13.812440
v -3.287716 11.292070 -14.081411
v -6.679916 11.292070 -13.741746
v -6.684705 11.195490 -13.738101
v -6.754150 12.298243 -13.747231
v -3.287717 11.404100 -14.057276
v -3.287716 11.531416 -14.057276
v -6.754149 12.425556 -13.745511
v -6.754149 12.425556 -13.845847
v -3.287716 11.531416 -14.142343
v -3.287716 11.497646 -14.080255
v -3.287717 11.404100 -14.082621
v -6.754150 12.298243 -13.777112
v -6.754149 12.389433 -13.846305
v -3.287716 11.495295 -14.142343
v -6.754150 12.394165 -13.773086
v -4.197471 11.205383 -14.010674
v -4.788378 11.849337 -13.988943
v -4.361048 11.195612 -13.991961
v -4.942621 11.852915 -13.977320
v -4.944597 11.855484 -13.999253
v -4.368068 11.195793 -14.015319
v -4.790354 11.851910 -14.010727
v -4.204490 11.205561 -14.033978
v -4.911872 11.896044 -13.973412
v -5.308462 11.205383 -13.911667
v -4.756150 11.844164 -13.982603
v -5.472039 11.195616 -13.887394
v -4.913378 11.895777 -13.995420
v -5.479059 11.195793 -13.912064
v -4.757658 11.843897 -14.004417
v -5.315481 11.205561 -13.936070
v -3.452620 11.529980 -14.067560
v -3.449328 11.200586 -14.057083
v -3.322758 11.497417 -14.070775
v -3.312915 11.200588 -14.072365
v -3.453876 11.529984 -14.088726
v -3.455183 11.200588 -14.080132
v -3.324015 11.497417 -14.091941
v -3.318768 11.200588 -14.095414
v -3.838766 11.627293 -14.048553
v -4.235357 11.205383 -14.019662
v -3.683045 11.575415 -14.052186
v -4.398933 11.195616 -14.000816
v -3.840273 11.627022 -14.069736
v -4.405953 11.195793 -14.024177
v -3.684552 11.575146 -14.073352
v -4.242375 11.205561 -14.042907
v -5.918898 12.143114 -15.415603
v -5.267943 11.205383 -15.383089
v -5.431520 11.195612 -15.407957
v -6.123064 12.194370 -15.433188
v -5.438540 11.195793 -15.382959
v -6.125040 12.196938 -15.409079
v -5.920874 12.145683 -15.391818
v -5.274962 11.205561 -15.358367
v -6.076686 12.195406 -15.438258
v -6.468298 11.205383 -15.535467
v -6.631875 11.195616 -15.561549
v -5.920965 12.143526 -15.426168
v -6.638895 11.195793 -15.534561
v -6.078193 12.195137 -15.414042
v -6.475317 11.205561 -15.508866
v -5.922472 12.143257 -15.402199
v -6.679916 11.159746 -15.474545
v -3.287716 11.159746 -15.221659
v -3.287716 11.159746 -15.136593
v -6.679916 11.159746 -15.575241
v -6.679916 11.292070 -15.575241
v -3.287716 11.292070 -15.221659
v -3.282927 11.195490 -15.199890
v -3.287716 11.199169 -15.136593
v -6.679916 11.199169 -15.474545
v -6.679916 11.292070 -15.546577
v -3.287716 11.292070 -15.197524
v -6.684705 11.195490 -15.549539
v -6.754150 12.298243 -15.541284
v -3.287716 11.531416 -15.221660
v -3.287717 11.404100 -15.221659
v -6.754149 12.425556 -15.542800
v -6.754149 12.425556 -15.441463
v -3.287716 11.531416 -15.136593
v -3.287716 11.497646 -15.198680
v -3.287717 11.404100 -15.196315
v -6.754150 12.298243 -15.511099
v -6.754149 12.389433 -15.441060
v -3.287716 11.495295 -15.136593
v -6.754150 12.394165 -15.515049
v -4.361048 11.195612 -15.289055
v -4.942621 11.852915 -15.309584
v -4.788378 11.849337 -15.297272
v -4.197471 11.205383 -15.269445
v -4.368068 11.195793 -15.265562
v -4.944597 11.855484 -15.287365
v -4.790354 11.851910 -15.275250
v -4.204490 11.205561 -15.246101
v -4.911872 11.896044 -15.313410
v -5.308462 11.205383 -15.374402
v -5.472039 11.195616 -15.399252
v -4.756150 11.844164 -15.303547
v -5.479059 11.195793 -15.374296
v -4.913378 11.895777 -15.291147
v -5.315481 11.205561 -15.349724
v -4.757658 11.843897 -15.281405
v -3.449328 11.200586 -15.221851
v -3.322758 11.497417 -15.208160
v -3.312915 11.200588 -15.206571
v -3.452620 11.529980 -15.211375
v -3.455183 11.200588 -15.198803
v -3.453876 11.529984 -15.190208
v -3.324015 11.497417 -15.186995
v -3.318768 11.200588 -15.183521
v -3.838766 11.627293 -15.232004
v -4.235357 11.205383 -15.260618
v -4.398933 11.195616 -15.280345
v -3.683045 11.575415 -15.227395
v -3.840273 11.627022 -15.210713
v -4.405953 11.195793 -15.256860
v -4.242375 11.205561 -15.237245
v -3.684552 11.575146 -15.206206
v -6.608569 11.209955 -15.483093
v -5.092378 11.232563 -13.945488
v -6.436800 11.217289 -15.475044
v -4.913189 11.234591 -13.952436
v -5.090392 11.207558 -13.945261
v -6.606014 11.187428 -15.483008
v -6.434244 11.194765 -15.474835
v -4.911203 11.209589 -13.952137
v -6.394959 11.206148 -13.814488
v -5.128119 11.206474 -15.326029
v -6.571811 11.204399 -13.805765
v -4.951586 11.212978 -15.318556
v -5.124625 11.185259 -15.325882
v -6.569591 11.183090 -13.805765
v -4.948094 11.191763 -15.318415
v -6.392739 11.184839 -13.814420
v -4.949418 11.213886 -15.304269
v -3.488157 11.215048 -14.095767
v -4.777993 11.226191 -15.297740
v -3.309524 11.228086 -14.095768
v -4.946080 11.191444 -15.304085
v -3.484327 11.190224 -14.095767
v -4.774654 11.203745 -15.297514
v -3.305694 11.203266 -14.095768
v -4.731940 11.211645 -13.987645
v -3.499085 11.204906 -15.182897
v -4.908508 11.220928 -13.982078
v -3.322886 11.216768 -15.182897
v -4.907893 11.191879 -13.981567
v -3.494818 11.176163 -15.182897
v -3.318620 11.188017 -15.182897
v -4.731323 11.182592 -13.987275
v -3.177741 6.985350 -14.036501
v -3.311531 6.985350 -15.242318
v -3.311531 6.985352 -14.036498
v -3.177741 6.985350 -15.242318
v -3.311531 6.949226 -14.036501
v -3.311531 6.949226 -15.242321
v -3.177742 6.949226 -15.242318
v -3.177741 6.949226 -14.036501
v -3.177741 7.267092 -14.036501
v -3.311531 7.267092 -15.242318
v -3.311531 7.267092 -14.036498
v -3.177741 7.267092 -15.242318
v -3.311531 7.230968 -14.036501
v -3.311531 7.230968 -15.242321
v -3.177742 7.230968 -15.242318
v -3.177741 7.230967 -14.036501
v -6.536020 8.136551 -15.585063
v -4.942374 7.724617 -13.890410
v -6.368800 8.100012 -15.576935
v -4.769647 7.681099 -13.898151
v -6.540444 8.114265 -15.584855
v -4.948101 7.700100 -13.890411
v -6.373223 8.077726 -15.576714
v -4.775373 7.656582 -13.898151
v -6.332014 8.078695 -13.714945
v -4.980422 7.721991 -15.387916
v -6.502411 8.121887 -13.705700
v -4.808878 7.683445 -15.379601
v -4.983543 7.700726 -15.387753
v -6.506784 8.100857 -13.705813
v -4.812003 7.662180 -15.379444
v -6.336388 8.057667 -13.714945
v -4.806520 7.683765 -15.363654
v -3.340856 7.297796 -14.036227
v -4.638112 7.652088 -15.356292
v -3.165301 7.264996 -14.036228
v -4.810166 7.661362 -15.363507
v -3.344756 7.272984 -14.036228
v -4.641758 7.629684 -15.356146
v -3.169200 7.240183 -14.036228
v -4.602566 7.613073 -13.937672
v -3.354447 7.290831 -15.242290
v -4.769322 7.666792 -13.931086
v -3.181591 7.257513 -15.242290
v -4.775265 7.646084 -13.931086
v -3.356791 7.269482 -15.242290
v -3.183936 7.236164 -15.242290
v -4.608508 7.592363 -13.937689
v -5.982340 7.945986 -13.770628
v -5.290796 6.947231 -13.795420
v -5.778174 7.894732 -13.790252
v -5.127219 6.957003 -13.822338
v -5.984316 7.948557 -13.797040
v -5.297816 6.947412 -13.822742
v -5.780150 7.897303 -13.816294
v -5.134238 6.957180 -13.849370
v -5.935962 7.947023 -13.765181
v -6.327575 6.957003 -13.655671
v -5.780241 7.895144 -13.778701
v -6.491152 6.947233 -13.626421
v -5.937469 7.946753 -13.791663
v -6.498172 6.947412 -13.655947
v -5.781748 7.894875 -13.805014
v -6.334593 6.957180 -13.684898
v -6.539192 6.911366 -13.721588
v -3.146993 6.911366 -14.087898
v -3.146993 6.911366 -13.993526
v -6.539192 6.911366 -13.611039
v -6.539192 7.043690 -13.612083
v -3.146993 7.043690 -13.993526
v -3.142203 6.947109 -14.017676
v -3.146993 6.950788 -14.087898
v -6.539192 6.950788 -13.721904
v -3.146993 7.043690 -14.020301
v -6.539192 7.043690 -13.643476
v -6.543982 6.947109 -13.639432
v -6.613426 8.049858 -13.649560
v -3.146993 7.155718 -13.993526
v -3.146992 7.283035 -13.993526
v -6.613426 8.177176 -13.647653
v -6.613426 8.177176 -13.758966
v -3.146992 7.283035 -14.087898
v -3.146993 7.249266 -14.019018
v -3.146993 7.155718 -14.021643
v -6.613426 8.049858 -13.682712
v -6.613426 8.141052 -13.759474
v -3.146993 7.246914 -14.087898
v -6.613426 8.145784 -13.678245
v -4.056747 6.957003 -13.941826
v -4.647654 7.600952 -13.917717
v -4.220324 6.947231 -13.921065
v -4.801897 7.604530 -13.904821
v -4.803873 7.607101 -13.929155
v -4.227344 6.947412 -13.946979
v -4.649630 7.603525 -13.941884
v -4.063766 6.957180 -13.967678
v -4.771148 7.647661 -13.900486
v -5.167739 6.957003 -13.831986
v -4.615427 7.595781 -13.910683
v -5.331316 6.947233 -13.805058
v -4.772654 7.647392 -13.924903
v -5.338336 6.947412 -13.832426
v -4.616934 7.595514 -13.934884
v -5.174757 6.957180 -13.859059
v -3.311895 7.281599 -14.004934
v -3.308604 6.952204 -13.993312
v -3.182034 7.249035 -14.008501
v -3.172192 6.952208 -14.010265
v -3.313152 7.281601 -14.028417
v -3.314459 6.952208 -14.018883
v -3.183291 7.249035 -14.031982
v -3.178044 6.952208 -14.035835
v -3.698042 7.378912 -13.983850
v -4.094633 6.957003 -13.951797
v -3.542321 7.327034 -13.987879
v -4.258210 6.947233 -13.930889
v -3.699549 7.378639 -14.007348
v -4.265230 6.947412 -13.956805
v -3.543828 7.326765 -14.011360
v -4.101651 6.957180 -13.977585
v -5.778174 7.894732 -15.500455
v -5.127219 6.957003 -15.464384
v -5.290796 6.947231 -15.491973
v -5.982340 7.945986 -15.519964
v -5.297816 6.947412 -15.464240
v -5.984316 7.948557 -15.493217
v -5.780150 7.897303 -15.474068
v -5.134238 6.957180 -15.436956
v -5.935962 7.947023 -15.525588
v -6.327575 6.957003 -15.633431
v -6.491152 6.947233 -15.662368
v -5.780241 7.895144 -15.512176
v -6.498172 6.947412 -15.632427
v -5.937469 7.946753 -15.498724
v -6.334593 6.957180 -15.603921
v -5.781748 7.894875 -15.485584
v -6.539192 6.911366 -15.565845
v -3.146993 6.911366 -15.285293
v -3.146993 6.911366 -15.190921
v -6.539192 6.911366 -15.677558
v -6.539192 7.043690 -15.677558
v -3.146993 7.043690 -15.285293
v -3.142203 6.947109 -15.261143
v -3.146993 6.950788 -15.190921
v -6.539192 6.950788 -15.565845
v -6.539192 7.043690 -15.645759
v -3.146993 7.043690 -15.258517
v -6.543982 6.947109 -15.649043
v -6.613426 8.049858 -15.639885
v -3.146992 7.283035 -15.285294
v -3.146993 7.155718 -15.285293
v -6.613426 8.177176 -15.641567
v -6.613426 8.177176 -15.529144
v -3.146992 7.283035 -15.190921
v -3.146993 7.249266 -15.259801
v -3.146993 7.155718 -15.257175
v -6.613426 8.049858 -15.606398
v -6.613426 8.141052 -15.528697
v -3.146993 7.246914 -15.190921
v -6.613426 8.145784 -15.610780
v -4.220324 6.947231 -15.360063
v -4.801897 7.604530 -15.382837
v -4.647654 7.600952 -15.369178
v -4.056747 6.957003 -15.338307
v -4.227344 6.947412 -15.333999
v -4.803873 7.607101 -15.358188
v -4.649630 7.603525 -15.344748
v -4.063766 6.957180 -15.312409
v -4.771148 7.647661 -15.387082
v -5.167739 6.957003 -15.454746
v -5.331316 6.947233 -15.482315
v -4.615427 7.595781 -15.376139
v -5.338336 6.947412 -15.454629
v -4.772654 7.647392 -15.362384
v -5.174757 6.957180 -15.427368
v -4.616934 7.595514 -15.351576
v -3.308604 6.952204 -15.285506
v -3.182034 7.249035 -15.270318
v -3.172192 6.952208 -15.268554
v -3.311895 7.281599 -15.273884
v -3.314459 6.952208 -15.259936
v -3.313152 7.281601 -15.250402
v -3.183291 7.249035 -15.246837
v -3.178044 6.952208 -15.242983
v -3.698042 7.378912 -15.296769
v -4.094633 6.957003 -15.328514
v -4.258210 6.947233 -15.350399
v -3.542321 7.327034 -15.291656
v -3.699549 7.378639 -15.273150
v -4.265230 6.947412 -15.324345
v -4.101651 6.957180 -15.302584
v -3.543828 7.326765 -15.268149
v -6.467846 6.961575 -15.575329
v -4.951654 6.984180 -13.869508
v -6.296077 6.968906 -15.566399
v -4.772465 6.986206 -13.877216
v -4.949669 6.959177 -13.869256
v -6.465291 6.939045 -15.575234
v -6.293521 6.946383 -15.566167
v -4.770479 6.961206 -13.876884
v -6.254236 6.957766 -13.724176
v -4.987396 6.958094 -15.401081
v -6.431087 6.956015 -13.714499
v -4.810862 6.964598 -15.392790
v -4.983901 6.936874 -15.400919
v -6.428867 6.934708 -13.714499
v -4.807370 6.943378 -15.392633
v -6.252015 6.936455 -13.724100
v -4.808694 6.965504 -15.376941
v -3.347433 6.966665 -14.036227
v -4.637269 6.977808 -15.369698
v -3.168800 6.979704 -14.036228
v -4.805356 6.943062 -15.376737
v -3.343604 6.941843 -14.036228
v -4.633931 6.955364 -15.369447
v -3.164970 6.954884 -14.036228
v -4.591216 6.963263 -13.916276
v -3.358361 6.956526 -15.242290
v -4.767784 6.972546 -13.910100
v -3.182162 6.968384 -15.242290
v -4.767169 6.943499 -13.909534
v -3.354094 6.927778 -15.242290
v -3.177896 6.939636 -15.242290
v -4.590600 6.934212 -13.915867
v -8.594318 3.770000 -15.272350
v -8.546047 5.142607 -13.709562
v -8.557671 4.928940 -13.600752
v -8.598298 3.770000 -14.920143
v -8.517196 6.737364 -13.689485
v -8.453466 8.479359 -15.437461
v -8.464637 8.287983 -15.547821
v -8.529102 6.537945 -13.784581
v -8.427557 8.476191 -15.440182
v -8.488365 6.733711 -13.691227
v -8.438728 8.284819 -15.550542
v -8.500273 6.534286 -13.786324
v -8.502567 6.749687 -15.593472
v -8.465714 8.244463 -13.735143
v -8.458910 8.441338 -13.835402
v -8.509178 6.553007 -15.492807
v -8.476673 6.745457 -15.592911
v -8.432981 8.437735 -13.833566
v -8.443691 8.240854 -13.733305
v -8.487192 6.548777 -15.492246
v -8.559658 5.025723 -13.608004
v -8.512753 6.916269 -15.479594
v -8.524877 6.708576 -15.599365
v -8.572580 4.809294 -13.711210
v -8.484634 6.912832 -15.482547
v -8.528370 5.021757 -13.609895
v -8.496758 6.705141 -15.602318
v -8.541293 4.805326 -13.713100
v -8.567192 5.039097 -15.674359
v -8.535136 6.661343 -13.684215
v -8.523514 6.875010 -13.793025
v -8.578608 4.825644 -15.565109
v -8.535541 5.034504 -15.673750
v -8.491823 6.871094 -13.791031
v -8.503446 6.657427 -13.682220
v -8.546955 4.821053 -15.564500
v -8.459932 8.348875 -13.745424
v -8.410083 9.988506 -15.390689
v -8.420597 9.808378 -15.494564
v -8.471139 8.161169 -13.834933
v -8.385695 9.985527 -15.393250
v -8.421622 8.345434 -13.747065
v -8.396211 9.805401 -15.497125
v -8.432830 8.157730 -13.836574
v -8.446163 8.360474 -15.537532
v -8.421156 9.767414 -13.788400
v -8.414753 9.952719 -13.882769
v -8.452386 8.175352 -15.442782
v -8.421791 8.356489 -15.537004
v -8.390347 9.949326 -13.881040
v -8.400428 9.764019 -13.786671
v -8.431691 8.171368 -15.442253
v -8.395407 11.238314 -13.818914
v -8.329555 12.517612 -15.320344
v -8.339462 12.347885 -15.418221
v -8.405967 11.061445 -13.903255
v -8.358312 11.235073 -13.820459
v -8.305578 12.514805 -15.322757
v -8.315487 12.345078 -15.420634
v -8.368872 11.058205 -13.904800
v -8.359777 11.272739 -15.437388
v -8.333442 12.351145 -13.874896
v -8.327409 12.525751 -13.963817
v -8.365641 11.098305 -15.348108
v -8.336812 11.268986 -15.436890
v -8.304412 12.522554 -13.962188
v -8.313910 12.347944 -13.873267
v -8.346141 11.094551 -15.347610
v -8.423512 9.837812 -13.797157
v -8.385235 11.382784 -15.347433
v -8.395142 11.213055 -15.445312
v -8.434072 9.660948 -13.881499
v -8.386416 9.834576 -13.798703
v -8.361259 11.379976 -15.349846
v -8.371166 11.210249 -15.447724
v -8.396977 9.657705 -13.883044
v -8.409541 9.848745 -15.485799
v -8.393679 11.174456 -13.837651
v -8.387646 11.349062 -13.926572
v -8.415405 9.674309 -15.396520
v -8.386577 9.844990 -15.485301
v -8.364649 11.345863 -13.924943
v -8.374147 11.171255 -13.836022
v -8.395905 9.670557 -15.396021
v -8.281267 12.706360 -13.905116
v -7.984971 13.919584 -15.028733
v -8.032878 13.756460 -15.126611
v -8.331420 12.536425 -13.989457
v -7.957980 13.911446 -15.031146
v -8.241593 12.694841 -13.906662
v -8.005888 13.748320 -15.129024
v -8.291746 12.524904 -13.991002
v -8.272567 12.713560 -15.368873
v -8.022014 13.758276 -14.150984
v -7.976780 13.927031 -14.239904
v -8.317595 12.544931 -15.279593
v -7.955096 13.918736 -14.238276
v -8.251039 12.704723 -15.368375
v -8.003706 13.750757 -14.149355
v -8.299443 12.536880 -15.279095
v -6.457328 3.770000 -15.272350
v -6.453348 3.770000 -14.920143
v -6.493975 4.928940 -13.600752
v -6.505598 5.142607 -13.709562
v -6.605224 8.479359 -15.437461
v -6.541494 6.737364 -13.689485
v -6.594052 8.287983 -15.547821
v -6.529587 6.537945 -13.784581
v -6.631133 8.476191 -15.440182
v -6.570324 6.733711 -13.691227
v -6.619962 8.284819 -15.550542
v -6.558416 6.534286 -13.786324
v -6.556122 6.749687 -15.593472
v -6.592977 8.244463 -13.735143
v -6.549511 6.553007 -15.492807
v -6.599779 8.441338 -13.835402
v -6.582016 6.745457 -15.592911
v -6.625709 8.437735 -13.833566
v -6.571498 6.548777 -15.492246
v -6.614999 8.240854 -13.733305
v -6.548324 6.916269 -15.479594
v -6.501418 5.025723 -13.608004
v -6.536200 6.708576 -15.599365
v -6.488496 4.809294 -13.711210
v -6.576442 6.912832 -15.482547
v -6.532707 5.021757 -13.609895
v -6.564318 6.705141 -15.602318
v -6.519784 4.805326 -13.713100
v -6.493885 5.039097 -15.674359
v -6.525940 6.661343 -13.684215
v -6.482470 4.825644 -15.565109
v -6.537563 6.875010 -13.793025
v -6.525537 5.034504 -15.673750
v -6.569254 6.871094 -13.791031
v -6.514121 4.821053 -15.564500
v -6.557631 6.657427 -13.682220
v -6.648607 9.988506 -15.390689
v -6.598758 8.348875 -13.745424
v -6.638093 9.808378 -15.494564
v -6.587550 8.161169 -13.834933
v -6.672994 9.985527 -15.393250
v -6.637068 8.345434 -13.747065
v -6.662479 9.805401 -15.497125
v -6.625860 8.157730 -13.836574
v -6.612526 8.360474 -15.537532
v -6.637534 9.767414 -13.788400
v -6.606304 8.175352 -15.442782
v -6.643937 9.952719 -13.882769
v -6.636899 8.356489 -15.537004
v -6.668343 9.949326 -13.881040
v -6.626998 8.171368 -15.442253
v -6.658262 9.764019 -13.786671
v -6.730780 12.517612 -15.320344
v -6.664927 11.238314 -13.818914
v -6.720872 12.347885 -15.418221
v -6.654367 11.061445 -13.903255
v -6.754755 12.514805 -15.322757
v -6.702023 11.235073 -13.820459
v -6.744847 12.345078 -15.420634
v -6.691462 11.058205 -13.904800
v -6.700557 11.272739 -15.437388
v -6.726892 12.351145 -13.874896
v -6.694693 11.098305 -15.348108
v -6.732925 12.525751 -13.963817
v -6.723522 11.268986 -15.436890
v -6.755922 12.522554 -13.962188
v -6.714193 11.094551 -15.347610
v -6.746424 12.347944 -13.873267
v -6.690858 11.382784 -15.347433
v -6.652581 9.837812 -13.797157
v -6.680951 11.213055 -15.445312
v -6.642021 9.660948 -13.881499
v -6.689676 9.834576 -13.798703
v -6.714834 11.379976 -15.349846
v -6.704926 11.210249 -15.447724
v -6.679115 9.657705 -13.883044
v -6.666552 9.848745 -15.485799
v -6.682415 11.174456 -13.837651
v -6.660688 9.674309 -15.396520
v -6.688447 11.349062 -13.926572
v -6.689517 9.844990 -15.485301
v -6.711444 11.345863 -13.924943
v -6.680188 9.670557 -15.396021
v -6.701946 11.171255 -13.836022
v -7.098407 13.919584 -15.028733
v -6.802110 12.706360 -13.905116
v -7.050499 13.756460 -15.126611
v -6.751957 12.536425 -13.989457
v -7.125397 13.911446 -15.031146
v -6.841784 12.694841 -13.906662
v -7.077489 13.748320 -15.129024
v -6.791631 12.524904 -13.991002
v -6.810811 12.713560 -15.368873
v -7.061364 13.758276 -14.150984
v -6.765782 12.544931 -15.279593
v -7.106597 13.927031 -14.239904
v -6.832339 12.704723 -15.368375
v -7.128281 13.918736 -14.238276
v -6.783934 12.536880 -15.279095
v -7.079671 13.750757 -14.149355
v -6.500751 4.928940 -13.539161
v -8.172350 3.770000 -13.502514
v -6.609562 5.142607 -13.550784
v -7.820143 3.770000 -13.498533
v -6.589484 6.737364 -13.586680
v -8.447821 8.287983 -13.639238
v -6.684581 6.537945 -13.574773
v -8.337461 8.479359 -13.650410
v -8.340181 8.476191 -13.676319
v -6.591227 6.733711 -13.615510
v -8.450541 8.284819 -13.665148
v -6.686324 6.534286 -13.603602
v -8.493472 6.749687 -13.601309
v -6.635142 8.244463 -13.638163
v -6.735403 8.441338 -13.644965
v -8.392807 6.553007 -13.594697
v -8.492910 6.745457 -13.627202
v -6.733565 8.437735 -13.670895
v -6.633305 8.240854 -13.660185
v -8.392245 6.548777 -13.616684
v -6.508003 5.025723 -13.546604
v -8.499366 6.708576 -13.581386
v -6.611209 4.809294 -13.533682
v -8.379594 6.916269 -13.593510
v -8.382546 6.912832 -13.621628
v -6.509894 5.021757 -13.577892
v -8.502317 6.705141 -13.609504
v -6.613101 4.805326 -13.564970
v -8.574359 5.039097 -13.539070
v -6.584214 6.661343 -13.571126
v -6.693025 6.875010 -13.582749
v -8.465109 4.825644 -13.527656
v -8.573750 5.034504 -13.570723
v -6.691031 6.871094 -13.614440
v -6.582221 6.657427 -13.602817
v -8.464499 4.821053 -13.559307
v -6.645424 8.348875 -13.643944
v -8.394564 9.808378 -13.683278
v -6.734933 8.161169 -13.632736
v -8.290689 9.988506 -13.693793
v -8.293249 9.985527 -13.718180
v -6.647065 8.345434 -13.682254
v -8.397124 9.805401 -13.707664
v -6.736573 8.157730 -13.671045
v -8.437531 8.360474 -13.657712
v -6.688399 9.767414 -13.682720
v -6.782768 9.952719 -13.689123
v -8.342782 8.175352 -13.651489
v -8.437003 8.356489 -13.682084
v -6.781039 9.949326 -13.713529
v -6.686670 9.764019 -13.703448
v -8.342254 8.171368 -13.672184
v -6.718914 11.238314 -13.710114
v -8.318221 12.347885 -13.766058
v -6.803255 11.061445 -13.699553
v -8.220344 12.517612 -13.775966
v -6.720459 11.235073 -13.747209
v -8.222756 12.514805 -13.799941
v -8.320634 12.345078 -13.790033
v -6.804801 11.058205 -13.736648
v -8.337388 11.272739 -13.745743
v -6.774896 12.351145 -13.772079
v -6.863817 12.525751 -13.778111
v -8.248108 11.098305 -13.739879
v -8.336890 11.268986 -13.768707
v -6.862187 12.522554 -13.801108
v -6.773267 12.347944 -13.791610
v -8.247610 11.094551 -13.759378
v -6.697157 9.837812 -13.697767
v -8.345311 11.213055 -13.726137
v -6.781498 9.660948 -13.687206
v -8.247434 11.382784 -13.736045
v -6.698703 9.834576 -13.734862
v -8.249846 11.379976 -13.760020
v -8.347724 11.210249 -13.750113
v -6.783044 9.657705 -13.724301
v -8.385798 9.848745 -13.711738
v -6.737651 11.174456 -13.727600
v -6.826572 11.349062 -13.733634
v -8.296519 9.674309 -13.705873
v -8.385301 9.844990 -13.734702
v -6.824943 11.345863 -13.756630
v -6.736022 11.171255 -13.747131
v -8.296021 9.670557 -13.725374
v -6.805116 12.706360 -13.801128
v -8.026611 13.756460 -14.049518
v -6.889457 12.536425 -13.750976
v -7.928733 13.919584 -14.097425
v -7.931146 13.911446 -14.124415
v -6.806662 12.694841 -13.840803
v -8.029023 13.748320 -14.076508
v -6.891002 12.524904 -13.790649
v -8.268872 12.713560 -13.809829
v -7.050984 13.758276 -14.060382
v -7.139904 13.927031 -14.105616
v -8.179593 12.544931 -13.764800
v -7.138275 13.918736 -14.127299
v -8.268374 12.704723 -13.831357
v -7.049355 13.750757 -14.078690
v -8.179095 12.536880 -13.782952
v -6.502745 4.932856 -15.768980
v -8.178334 3.770000 -15.805754
v -6.611556 5.146521 -15.757358
v -7.826198 3.770000 -15.809735
v -7.820143 3.770000 -15.781467
v -6.500751 4.928940 -15.740840
v -8.172350 3.770000 -15.777487
v -6.609562 5.142607 -15.729217
v -8.337461 8.479359 -15.629591
v -6.589484 6.737364 -15.693320
v -8.447821 8.287983 -15.640762
v -6.684581 6.537945 -15.705228
v -8.340181 8.476191 -15.603682
v -6.591227 6.733711 -15.664491
v -8.450541 8.284819 -15.614853
v -6.686324 6.534286 -15.676398
v -6.635142 8.244463 -15.641838
v -8.493472 6.749687 -15.678692
v -6.735403 8.441338 -15.635036
v -8.392807 6.553007 -15.685304
v -8.492910 6.745457 -15.652799
v -6.733565 8.437735 -15.609106
v -8.392245 6.548777 -15.663317
v -6.633305 8.240854 -15.619816
v -8.379594 6.916269 -15.686491
v -6.508003 5.025723 -15.738638
v -8.499366 6.708576 -15.698615
v -6.611209 4.809294 -15.751561
v -8.382546 6.912832 -15.658373
v -6.509894 5.021757 -15.707350
v -8.502317 6.705141 -15.670497
v -6.613101 4.805326 -15.720273
v -6.584214 6.661343 -15.708875
v -8.574359 5.039097 -15.740931
v -6.693025 6.875010 -15.697251
v -8.465109 4.825644 -15.752345
v -8.573750 5.034504 -15.715458
v -6.691031 6.871094 -15.671741
v -8.464499 4.821053 -15.726873
v -6.582221 6.657427 -15.683364
v -8.290689 9.988506 -15.586207
v -6.645424 8.348875 -15.636057
v -8.394564 9.808378 -15.596723
v -6.734933 8.161169 -15.647264
v -8.293249 9.985527 -15.561821
v -6.647065 8.345434 -15.597747
v -8.397124 9.805401 -15.572336
v -6.736573 8.157730 -15.608955
v -6.688399 9.767414 -15.597281
v -8.437531 8.360474 -15.622289
v -6.782768 9.952719 -15.590878
v -8.342782 8.175352 -15.628511
v -8.437003 8.356489 -15.597917
v -6.781039 9.949326 -15.566472
v -8.342254 8.171368 -15.607817
v -6.686670 9.764019 -15.576552
v -8.220344 12.517612 -15.504035
v -6.718914 11.238314 -15.569887
v -8.318221 12.347885 -15.513943
v -6.803255 11.061445 -15.580447
v -6.720459 11.235073 -15.532792
v -8.222756 12.514805 -15.480060
v -8.320634 12.345078 -15.489967
v -6.804801 11.058205 -15.543353
v -6.774896 12.351145 -15.507922
v -8.337388 11.272739 -15.534258
v -6.863817 12.525751 -15.501889
v -8.248108 11.098305 -15.540122
v -8.336890 11.268986 -15.511293
v -6.862187 12.522554 -15.478892
v -8.247610 11.094551 -15.520622
v -6.773267 12.347944 -15.488391
v -8.247434 11.382784 -15.543956
v -6.697157 9.837812 -15.582233
v -8.345311 11.213055 -15.553864
v -6.781498 9.660948 -15.592794
v -6.698703 9.834576 -15.545138
v -8.249846 11.379976 -15.519980
v -8.347724 11.210249 -15.529888
v -6.783044 9.657705 -15.555699
v -6.737651 11.174456 -15.552401
v -8.385798 9.848745 -15.568263
v -6.826572 11.349062 -15.546367
v -8.296519 9.674309 -15.574127
v -8.385301 9.844990 -15.545299
v -6.824943 11.345863 -15.523371
v -8.296021 9.670557 -15.554626
v -6.736022 11.171255 -15.532869
v -7.928733 13.919584 -15.182575
v -6.805116 12.706360 -15.478872
v -8.026611 13.756460 -15.230483
v -6.889457 12.536425 -15.529025
v -7.931146 13.911446 -15.155585
v -6.806662 12.694841 -15.439198
v -8.029023 13.748320 -15.203493
v -6.891002 12.524904 -15.489351
v -7.050984 13.758276 -15.219619
v -8.268872 12.713560 -15.470172
v -7.139904 13.927031 -15.174385
v -8.179593 12.544931 -15.515201
v -7.138275 13.918736 -15.152701
v -8.268374 12.704723 -15.448644
v -8.179095 12.536880 -15.497048
v -7.049355 13.750757 -15.201311
v -7.414902 15.969280 -14.765832
v -7.656894 15.969280 -14.514169
v -7.414902 15.969280 -14.514169
v -7.656894 15.969280 -14.765832
v -7.955801 14.416824 -14.144034
v -7.955801 14.416824 -15.135966
v -7.938457 14.396610 -14.159721
v -7.938457 14.396610 -15.120279
v -7.133338 14.396610 -14.159721
v -7.115994 14.416824 -14.144034
v -7.133338 14.396610 -15.120279
v -7.115994 14.416824 -15.135966
v -8.622584 3.770000 -15.278334
v -8.585811 4.932856 -13.602745
v -8.574188 5.146521 -13.711555
v -8.626566 3.770000 -14.926198
v -6.425080 3.770000 -14.926198
v -6.477458 5.146521 -13.711555
v -6.465835 4.932856 -13.602745
v -6.429061 3.770000 -15.278334
v -8.178334 3.770000 -13.474247
v -6.502745 4.932856 -13.511021
v -6.611556 5.146521 -13.522643
v -7.826198 3.770000 -13.470265
v -11.087741 10.207155 -14.702393
v -11.087741 10.342312 -14.702393
v -11.025350 10.207155 -14.728232
v -11.025350 10.342312 -14.728232
v -10.962957 10.207155 -14.702393
v -10.962957 10.342312 -14.702393
v -10.937115 10.207155 -14.639999
v -10.937115 10.342312 -14.639999
v -10.962957 10.207155 -14.577608
v -10.962957 10.342312 -14.577608
v -11.025350 10.207155 -14.551766
v -11.025350 10.342312 -14.551766
v -11.087741 10.207155 -14.577608
v -11.087741 10.342312 -14.577608
v -11.113585 10.207155 -14.639999
v -11.113585 10.342312 -14.639999
v -11.005410 11.201763 -14.620061
v -11.005410 10.911125 -14.620061
v -10.997151 11.201763 -14.640000
v -10.997151 10.911125 -14.640000
v -11.005410 11.201763 -14.659940
v -11.005410 10.911125 -14.659940
v -11.025349 11.201763 -14.668198
v -11.025349 10.911125 -14.668198
v -11.045287 11.201763 -14.659940
v -11.045287 10.911125 -14.659940
v -11.053547 11.201763 -14.640000
v -11.053547 10.911125 -14.640000
v -11.045287 11.201763 -14.620061
v -11.045287 10.911125 -14.620061
v -11.025349 11.201763 -14.611803
v -11.025349 10.911125 -14.611803
v -11.243909 5.951153 -14.702393
v -11.243909 6.086309 -14.702393
v -11.181518 5.951153 -14.728232
v -11.181518 6.086309 -14.728232
v -11.119125 5.951153 -14.702393
v -11.119125 6.086309 -14.702393
v -11.093283 5.951153 -14.639999
v -11.093283 6.086309 -14.639999
v -11.119125 5.951153 -14.577608
v -11.119125 6.086309 -14.577608
v -11.181518 5.951153 -14.551766
v -11.181518 6.086309 -14.551766
v -11.243909 5.951153 -14.577608
v -11.243909 6.086309 -14.577608
v -11.269753 5.951153 -14.639999
v -11.269753 6.086309 -14.639999
v -11.161579 6.945759 -14.620061
v -11.161579 6.655123 -14.620061
v -11.153319 6.945759 -14.640000
v -11.153319 6.655123 -14.640000
v -11.161579 6.945759 -14.659940
v -11.161579 6.655123 -14.659940
v -11.181517 6.945759 -14.668198
v -11.181517 6.655123 -14.668198
v -11.201456 6.945759 -14.659940
v -11.201456 6.655123 -14.659940
v -11.209715 6.945759 -14.640000
v -11.209715 6.655123 -14.640000
v -11.201456 6.945759 -14.620061
v -11.201456 6.655123 -14.620061
v -11.181517 6.945759 -14.611803
v -11.181517 6.655123 -14.611803
v -8.608354 3.770000 -14.922438
v -8.601028 3.770000 -15.273881
v -6.477046 5.187780 -15.553686
v -6.422265 3.770000 -14.034026
v -6.464922 4.980087 -15.673458
v -6.421113 3.770000 -14.130214
v -6.417872 3.770000 -14.371826
v -6.509567 5.184345 -15.556639
v -6.457305 3.770000 -14.040291
v -6.449089 3.770000 -14.038621
v -8.453686 5.187780 -15.757769
v -6.934026 3.770000 -15.812550
v -8.573458 4.980087 -15.769893
v -7.030213 3.770000 -15.813702
v -7.271826 3.770000 -15.816942
v -8.451060 6.327736 -13.786933
v -8.571896 3.770000 -13.670636
v -8.567918 6.327736 -13.786933
v -8.626640 3.770000 -13.670636
v -8.688753 3.770000 -13.670634
v -8.433524 3.770000 -13.415402
v -8.312688 6.327736 -13.531696
v -8.567918 6.327736 -13.531696
v -8.553087 3.770000 -13.415402
v -8.688753 3.770000 -13.415401
v -6.969667 12.527163 -13.857475
v -7.577699 15.964279 -14.669740
v -6.831299 12.527163 -13.857475
v -6.767312 6.327736 -13.662763
v -6.628943 6.327736 -13.662763
v -8.110332 12.527163 -15.429933
v -7.511825 15.964279 -14.688893
v -8.245829 12.527163 -15.429933
v -8.312688 6.327736 -15.624645
v -8.448184 6.327736 -15.624645
v -7.822437 3.770000 -13.488478
v -8.173881 3.770000 -13.495803
v -6.604691 6.327736 -15.493067
v -6.483855 3.770000 -15.609364
v -6.512082 6.327736 -15.493067
v -6.440471 3.770000 -15.609364
v -6.391246 3.770000 -15.609365
v -8.629381 3.770000 -14.034026
v -8.574600 5.187780 -15.553686
v -8.586723 4.980087 -15.673458
v -8.630532 3.770000 -14.130214
v -8.633774 3.770000 -14.371826
v -8.594341 3.770000 -14.040291
v -8.542078 5.184345 -15.556639
v -8.602556 3.770000 -14.038621
v -6.450617 3.770000 -15.273881
v -6.934026 3.770000 -13.467451
v -8.453686 5.187780 -13.522232
v -7.030213 3.770000 -13.466299
v -8.573458 4.980087 -13.510108
v -7.271826 3.770000 -13.463058
v -6.938621 3.770000 -13.494275
v -6.940291 3.770000 -13.502491
v -8.456638 5.184345 -13.554753
v -7.275740 3.770000 -15.794152
v -7.278161 3.770000 -15.782262
v -8.576409 4.976652 -15.737371
v -8.173881 3.770000 -15.784198
v -8.688753 3.770000 -13.551068
v -6.391246 3.770000 -13.670634
v -6.512082 6.327736 -13.786933
v -6.391246 3.770000 -13.551068
v -6.512082 6.327736 -13.531696
v -6.391247 3.770000 -13.415401
v -6.508108 3.770000 -13.670636
v -6.628943 6.327736 -13.786933
v -6.453362 3.770000 -13.670636
v -6.646476 3.770000 -13.546467
v -6.581654 3.770000 -13.546467
v -6.508108 3.770000 -13.546469
v -6.526913 3.770000 -13.415402
v -6.646476 3.770000 -13.415402
v -6.767312 6.327736 -13.531696
v -8.688753 3.770000 -15.609365
v -8.567918 6.327736 -15.493067
v -8.567918 6.327736 -15.748302
v -8.688753 3.770000 -15.728930
v -8.688753 3.770000 -15.864598
v -8.625112 3.770000 -15.609364
v -8.569019 3.770000 -15.609364
v -8.448184 6.327736 -15.493067
v -8.433524 3.770000 -15.740941
v -8.497000 3.770000 -15.740941
v -8.569019 3.770000 -15.740940
v -6.391247 3.770000 -15.864598
v -6.512082 6.327736 -15.748302
v -6.391246 3.770000 -15.728930
v -4.054650 10.207155 -14.728232
v -3.992259 10.342312 -14.702393
v -3.992259 10.207155 -14.702393
v -4.054650 10.342312 -14.728232
v -4.117043 10.207155 -14.702393
v -4.117043 10.342312 -14.702393
v -4.142885 10.207155 -14.639999
v -4.142885 10.342312 -14.639999
v -4.117043 10.207155 -14.577608
v -4.117043 10.342312 -14.577608
v -4.054650 10.207155 -14.551766
v -4.054650 10.342312 -14.551766
v -3.992259 10.207155 -14.577608
v -3.992259 10.342312 -14.577608
v -3.966415 10.207155 -14.639999
v -3.966415 10.342312 -14.639999
v -4.054651 10.911125 -14.611803
v -4.074590 11.201763 -14.620061
v -4.074590 10.911125 -14.620061
v -4.054651 11.201763 -14.611803
v -4.034713 10.911125 -14.620061
v -4.034713 11.201763 -14.620061
v -4.026453 10.911125 -14.640000
v -4.026453 11.201763 -14.640000
v -4.034713 10.911125 -14.659940
v -4.034713 11.201763 -14.659940
v -4.054651 10.911125 -14.668198
v -4.054651 11.201763 -14.668198
v -4.074590 10.911125 -14.659940
v -4.074590 11.201763 -14.659940
v -4.082849 11.201763 -14.640000
v -4.082849 10.911125 -14.640000
v -3.898482 5.951153 -14.728232
v -3.836091 6.086309 -14.702393
v -3.836091 5.951153 -14.702393
v -3.898482 6.086309 -14.728232
v -3.960874 5.951153 -14.702393
v -3.960874 6.086309 -14.702393
v -3.986717 5.951153 -14.639999
v -3.986717 6.086309 -14.639999
v -3.960874 5.951153 -14.577608
v -3.960874 6.086309 -14.577608
v -3.898482 5.951153 -14.551766
v -3.898482 6.086309 -14.551766
v -3.836091 5.951153 -14.577608
v -3.836091 6.086309 -14.577608
v -3.810247 5.951153 -14.639999
v -3.810247 6.086309 -14.639999
v -3.898483 6.655123 -14.611803
v -3.918421 6.945759 -14.620061
v -3.918421 6.655123 -14.620061
v -3.898483 6.945759 -14.611803
v -3.878544 6.655123 -14.620061
v -3.878544 6.945759 -14.620061
v -3.870285 6.945759 -14.640000
v -3.870285 6.655123 -14.640000
v -3.878544 6.945759 -14.659940
v -3.878544 6.655123 -14.659940
v -3.898483 6.655123 -14.668198
v -3.898483 6.945759 -14.668198
v -3.918421 6.655123 -14.659940
v -3.918421 6.945759 -14.659940
v -3.926680 6.945759 -14.640000
v -3.926680 6.655123 -14.640000
v -8.610983 3.770000 -14.375740
v -8.599092 3.770000 -14.378161
v -8.554203 4.976652 -15.676410
v -6.497443 4.976652 -15.676410
v -6.456045 3.770000 -14.137270
v -6.452553 3.770000 -14.378161
v -6.440662 3.770000 -14.375740
v -6.443292 3.770000 -14.922438
v -7.275740 3.770000 -13.485848
v -7.278161 3.770000 -13.497739
v -8.576409 4.976652 -13.542629
v -6.940291 3.770000 -15.777510
v -6.938621 3.770000 -15.785726
v -8.456638 5.184345 -15.725247
v -7.037270 3.770000 -15.778770
v -7.822437 3.770000 -15.791523
v -8.365562 12.527163 -13.726410
v -8.110332 12.527163 -13.726410
v -7.568175 15.964279 -14.559960
v -7.511825 15.964279 -14.559960
v -8.312688 6.327736 -13.650887
v -8.110332 12.527163 -13.845600
v -7.511825 15.964279 -14.657864
v -8.451060 6.327736 -13.650887
v -8.248705 12.527163 -13.845600
v -8.248705 12.527163 -13.981640
v -8.365562 12.527163 -13.981640
v -7.568175 15.964279 -14.711577
v -8.571896 3.770000 -13.606902
v -8.571896 3.770000 -13.534593
v -8.498347 3.770000 -13.534591
v -8.433524 3.770000 -13.534591
v -8.433524 3.770000 -13.478753
v -6.714437 12.527163 -13.726410
v -6.969667 12.527163 -13.726410
v -7.502301 15.964279 -14.559960
v -7.577699 15.964279 -14.559960
v -6.831299 12.527163 -13.981640
v -6.714437 12.527163 -13.981640
v -7.502301 15.964279 -14.711577
v -8.365562 12.527163 -15.553589
v -8.312688 6.327736 -15.748302
v -8.110332 12.527163 -15.553589
v -7.568175 15.964279 -14.720038
v -7.511825 15.964279 -14.720038
v -8.245829 12.527163 -15.298360
v -8.365562 12.527163 -15.298360
v -7.568175 15.964279 -14.651835
v -8.553087 3.770000 -15.864597
v -8.433524 3.770000 -15.864597
v -6.767312 6.327736 -15.748302
v -6.714437 12.527163 -15.553589
v -6.969667 12.527163 -15.553589
v -7.502301 15.964279 -14.720038
v -7.577699 15.964279 -14.720038
v -6.767312 6.327736 -15.645529
v -6.969667 12.527163 -15.450815
v -7.594909 15.964279 -14.568420
v -6.604691 6.327736 -15.645529
v -6.807045 12.527163 -15.450815
v -6.807045 12.527163 -15.298360
v -6.714437 12.527163 -15.298360
v -7.502301 15.964279 -14.568420
v -6.483855 3.770000 -15.680787
v -6.483855 3.770000 -15.761823
v -6.570292 3.770000 -15.761824
v -6.646476 3.770000 -15.761824
v -6.646476 3.770000 -15.809971
v -6.646476 3.770000 -15.864597
v -6.526913 3.770000 -15.864597
v -8.595601 3.770000 -14.137270
v -7.037270 3.770000 -13.501230
v -6.508108 3.770000 -13.612466
v -6.646476 3.770000 -13.485065
v -8.569019 3.770000 -15.671004
v -8.433524 3.770000 -15.798870
v -11.160732 10.360292 -14.640000
v -11.062433 10.316822 -14.677087
v -11.077795 10.316822 -14.640000
v -11.121079 10.360292 -14.735731
v -11.193243 10.394186 -14.640000
v -11.025349 10.360292 -14.775382
v -11.025349 10.316822 -14.692446
v -10.988264 10.316822 -14.677087
v -11.144068 10.394186 -14.758719
v -11.025349 10.394186 -14.807895
v -11.127402 10.433231 -14.742055
v -11.169675 10.433231 -14.640000
v -10.929618 10.360292 -14.735731
v -11.062433 10.465397 -14.677087
v -11.077795 10.465397 -14.640000
v -11.160732 10.508867 -14.640000
v -11.025349 10.433231 -14.784327
v -10.906630 10.394186 -14.758719
v -11.121079 10.508867 -14.735731
v -11.193243 10.542763 -14.640000
v -10.923295 10.433231 -14.742055
v -10.857454 10.394186 -14.640000
v -10.889965 10.360292 -14.640000
v -10.972902 10.316822 -14.640000
v -10.929618 10.360292 -14.544271
v -10.988264 10.316822 -14.602916
v -10.881022 10.433231 -14.640000
v -11.025349 10.360292 -14.504619
v -11.025349 10.316822 -14.587555
v -11.062433 10.316822 -14.602916
v -10.906630 10.394186 -14.521281
v -11.121079 10.360292 -14.544271
v -11.025349 10.394186 -14.472106
v -11.144068 10.394186 -14.521281
v -11.127402 10.433231 -14.537947
v -10.923295 10.433231 -14.537947
v -11.025349 10.433231 -14.495677
v -11.062433 10.465397 -14.602916
v -11.121079 10.508867 -14.544271
v -11.025349 10.465397 -14.587555
v -11.144068 10.542763 -14.521281
v -11.025349 10.508867 -14.504619
v -10.988264 10.465397 -14.602916
v -11.025349 10.542763 -14.472106
v -10.972902 10.465397 -14.640000
v -10.929618 10.508867 -14.544271
v -10.988264 10.465397 -14.677087
v -10.889965 10.508867 -14.640000
v -11.025349 10.465397 -14.692446
v -11.025349 10.508867 -14.775382
v -10.929618 10.508867 -14.735731
v -10.857454 10.542763 -14.640000
v -11.025349 10.542763 -14.807895
v -11.144068 10.542763 -14.758719
v -10.906630 10.542763 -14.758719
v -11.127402 10.581808 -14.742055
v -11.169675 10.581808 -14.640000
v -10.923295 10.581808 -14.742055
v -11.025349 10.581808 -14.784327
v -11.062433 10.613974 -14.677087
v -11.077795 10.613974 -14.640000
v -11.160732 10.657444 -14.640000
v -11.025349 10.613974 -14.692446
v -11.121079 10.657444 -14.735731
v -11.193243 10.691338 -14.640000
v -11.025349 10.657444 -14.775382
v -10.988264 10.613974 -14.677087
v -11.144068 10.691338 -14.758719
v -10.881022 10.581808 -14.640000
v -11.127402 10.730383 -14.742055
v -11.169675 10.730383 -14.640000
v -11.025349 10.691338 -14.807895
v -11.062433 10.762550 -14.677087
v -11.077795 10.762550 -14.640000
v -11.160732 10.806021 -14.640000
v -11.025349 10.730383 -14.784327
v -10.929618 10.657444 -14.735731
v -11.121079 10.806021 -14.735731
v -11.193243 10.839916 -14.640000
v -11.025349 10.762550 -14.692446
v -11.144068 10.839916 -14.758719
v -11.025349 10.806021 -14.775382
v -11.127402 10.878960 -14.742055
v -11.169675 10.878960 -14.640000
v -11.025349 10.839916 -14.807895
v -11.025349 10.878960 -14.784327
v -10.923295 10.878960 -14.742055
v -10.906630 10.839916 -14.758719
v -10.881022 10.878960 -14.640000
v -10.929618 10.806021 -14.735731
v -10.857454 10.839916 -14.640000
v -10.923295 10.878960 -14.537947
v -10.889965 10.806021 -14.640000
v -11.025349 10.878960 -14.495677
v -10.906630 10.839916 -14.521281
v -11.127402 10.878960 -14.537947
v -11.025349 10.839916 -14.472106
v -11.144068 10.839916 -14.521281
v -11.121079 10.806021 -14.544271
v -10.929618 10.806021 -14.544271
v -11.025349 10.806021 -14.504619
v -11.062433 10.762550 -14.602916
v -11.127402 10.730383 -14.537947
v -11.025349 10.762550 -14.587555
v -11.144068 10.691338 -14.521281
v -10.988264 10.762550 -14.602916
v -11.025349 10.730383 -14.495677
v -11.025349 10.691338 -14.472106
v -11.121079 10.657444 -14.544271
v -10.923295 10.730383 -14.537947
v -10.972902 10.762550 -14.640000
v -10.906630 10.691338 -14.521281
v -10.988264 10.762550 -14.677087
v -10.881022 10.730383 -14.640000
v -10.923295 10.730383 -14.742055
v -10.857454 10.691338 -14.640000
v -10.906630 10.691338 -14.758719
v -10.929618 10.657444 -14.544271
v -10.889965 10.657444 -14.640000
v -10.972902 10.613974 -14.640000
v -11.025349 10.657444 -14.504619
v -10.988264 10.613974 -14.602916
v -10.923295 10.581808 -14.537947
v -11.025349 10.613974 -14.587555
v -10.906630 10.542763 -14.521281
v -11.025349 10.581808 -14.495677
v -11.062433 10.613974 -14.602916
v -11.127402 10.581808 -14.537947
v -11.316900 6.104290 -14.640000
v -11.218602 6.060818 -14.677087
v -11.233963 6.060818 -14.640000
v -11.277248 6.104290 -14.735731
v -11.349412 6.138184 -14.640000
v -11.181517 6.104290 -14.775382
v -11.181517 6.060818 -14.692446
v -11.144432 6.060818 -14.677087
v -11.300237 6.138184 -14.758719
v -11.181517 6.138184 -14.807895
v -11.283571 6.177229 -14.742055
v -11.325844 6.177229 -14.640000
v -11.085787 6.104290 -14.735731
v -11.218602 6.209394 -14.677087
v -11.233963 6.209394 -14.640000
v -11.316900 6.252863 -14.640000
v -11.181517 6.177229 -14.784327
v -11.062798 6.138184 -14.758719
v -11.277248 6.252863 -14.735731
v -11.349412 6.286760 -14.640000
v -11.079464 6.177229 -14.742055
v -11.013622 6.138184 -14.640000
v -11.046134 6.104290 -14.640000
v -11.129071 6.060818 -14.640000
v -11.085787 6.104290 -14.544271
v -11.144432 6.060818 -14.602916
v -11.037191 6.177229 -14.640000
v -11.181517 6.104290 -14.504619
v -11.181517 6.060818 -14.587555
v -11.218602 6.060818 -14.602916
v -11.062798 6.138184 -14.521281
v -11.277248 6.104290 -14.544271
v -11.181517 6.138184 -14.472106
v -11.300237 6.138184 -14.521281
v -11.283571 6.177229 -14.537947
v -11.079464 6.177229 -14.537947
v -11.181517 6.177229 -14.495677
v -11.218602 6.209394 -14.602916
v -11.277248 6.252863 -14.544271
v -11.181517 6.209394 -14.587555
v -11.300237 6.286760 -14.521281
v -11.181517 6.252863 -14.504619
v -11.144432 6.209394 -14.602916
v -11.181517 6.286760 -14.472106
v -11.129071 6.209394 -14.640000
v -11.085787 6.252863 -14.544271
v -11.144432 6.209394 -14.677087
v -11.046134 6.252863 -14.640000
v -11.181517 6.209394 -14.692446
v -11.181517 6.252863 -14.775382
v -11.085787 6.252863 -14.735731
v -11.013622 6.286760 -14.640000
v -11.181517 6.286760 -14.807895
v -11.300237 6.286760 -14.758719
v -11.062798 6.286760 -14.758719
v -11.283571 6.325806 -14.742055
v -11.325844 6.325806 -14.640000
v -11.079464 6.325806 -14.742055
v -11.181517 6.325806 -14.784327
v -11.218602 6.357971 -14.677087
v -11.233963 6.357971 -14.640000
v -11.316900 6.401440 -14.640000
v -11.181517 6.357971 -14.692446
v -11.277248 6.401440 -14.735731
v -11.349412 6.435335 -14.640000
v -11.181517 6.401440 -14.775382
v -11.144432 6.357971 -14.677087
v -11.300237 6.435335 -14.758719
v -11.037191 6.325806 -14.640000
v -11.283571 6.474380 -14.742055
v -11.325844 6.474380 -14.640000
v -11.181517 6.435335 -14.807895
v -11.218602 6.506548 -14.677087
v -11.233963 6.506548 -14.640000
v -11.316900 6.550016 -14.640000
v -11.181517 6.474380 -14.784327
v -11.085787 6.401440 -14.735731
v -11.277248 6.550016 -14.735731
v -11.349412 6.583914 -14.640000
v -11.181517 6.506548 -14.692446
v -11.300237 6.583914 -14.758719
v -11.181517 6.550016 -14.775382
v -11.283571 6.622957 -14.742055
v -11.325844 6.622957 -14.640000
v -11.181517 6.583914 -14.807895
v -11.181517 6.622957 -14.784327
v -11.079464 6.622957 -14.742055
v -11.062798 6.583914 -14.758719
v -11.037191 6.622957 -14.640000
v -11.085787 6.550016 -14.735731
v -11.013622 6.583914 -14.640000
v -11.079464 6.622957 -14.537947
v -11.046134 6.550016 -14.640000
v -11.181517 6.622957 -14.495677
v -11.062798 6.583914 -14.521281
v -11.283571 6.622957 -14.537947
v -11.181517 6.583914 -14.472106
v -11.300237 6.583914 -14.521281
v -11.277248 6.550016 -14.544271
v -11.085787 6.550016 -14.544271
v -11.181517 6.550016 -14.504619
v -11.218602 6.506548 -14.602916
v -11.283571 6.474380 -14.537947
v -11.181517 6.506548 -14.587555
v -11.300237 6.435335 -14.521281
v -11.144432 6.506548 -14.602916
v -11.181517 6.474380 -14.495677
v -11.181517 6.435335 -14.472106
v -11.277248 6.401440 -14.544271
v -11.079464 6.474380 -14.537947
v -11.129071 6.506548 -14.640000
v -11.062798 6.435335 -14.521281
v -11.144432 6.506548 -14.677087
v -11.037191 6.474380 -14.640000
v -11.079464 6.474380 -14.742055
v -11.013622 6.435335 -14.640000
v -11.062798 6.435335 -14.758719
v -11.085787 6.401440 -14.544271
v -11.046134 6.401440 -14.640000
v -11.129071 6.357971 -14.640000
v -11.181517 6.401440 -14.504619
v -11.144432 6.357971 -14.602916
v -11.079464 6.325806 -14.537947
v -11.181517 6.357971 -14.587555
v -11.062798 6.286760 -14.521281
v -11.181517 6.325806 -14.495677
v -11.218602 6.357971 -14.602916
v -11.283571 6.325806 -14.537947
v -4.017566 10.316822 -14.677087
v -3.919268 10.360292 -14.640000
v -4.002205 10.316822 -14.640000
v -3.958921 10.360292 -14.735731
v -3.886757 10.394186 -14.640000
v -4.054651 10.360292 -14.775382
v -4.054651 10.316822 -14.692446
v -4.091736 10.316822 -14.677087
v -3.935932 10.394186 -14.758719
v -4.150382 10.360292 -14.735731
v -3.952597 10.433231 -14.742055
v -3.910325 10.433231 -14.640000
v -4.054651 10.394186 -14.807895
v -4.017566 10.465397 -14.677087
v -4.002205 10.465397 -14.640000
v -3.919268 10.508867 -14.640000
v -4.054651 10.433231 -14.784327
v -4.173370 10.394186 -14.758719
v -3.958921 10.508867 -14.735731
v -3.886757 10.542763 -14.640000
v -4.156705 10.433231 -14.742055
v -4.222546 10.394186 -14.640000
v -4.190035 10.360292 -14.640000
v -4.107097 10.316822 -14.640000
v -4.150382 10.360292 -14.544271
v -4.091736 10.316822 -14.602916
v -4.198977 10.433231 -14.640000
v -4.054651 10.360292 -14.504619
v -4.054651 10.316822 -14.587555
v -4.017566 10.316822 -14.602916
v -4.173370 10.394186 -14.521281
v -3.958921 10.360292 -14.544271
v -4.054651 10.394186 -14.472106
v -3.935932 10.394186 -14.521281
v -3.952597 10.433231 -14.537947
v -4.156705 10.433231 -14.537947
v -4.054651 10.433231 -14.495677
v -4.017566 10.465397 -14.602916
v -4.107097 10.465397 -14.640000
v -4.054651 10.465397 -14.587555
v -4.091736 10.465397 -14.602916
v -4.054651 10.508867 -14.504619
v -3.958921 10.508867 -14.544271
v -4.150382 10.508867 -14.544271
v -4.054651 10.542763 -14.472106
v -3.935932 10.542763 -14.521281
v -3.952597 10.581808 -14.537947
v -3.910325 10.581808 -14.640000
v -4.002205 10.613974 -14.640000
v -4.173370 10.542763 -14.521281
v -4.017566 10.613974 -14.602916
v -4.054651 10.581808 -14.495677
v -4.156705 10.581808 -14.537947
v -4.222546 10.542763 -14.640000
v -4.190035 10.508867 -14.640000
v -4.091736 10.465397 -14.677087
v -4.054651 10.465397 -14.692446
v -4.150382 10.508867 -14.735731
v -4.054651 10.508867 -14.775382
v -4.054651 10.542763 -14.807895
v -4.173370 10.542763 -14.758719
v -4.156705 10.581808 -14.742055
v -3.935932 10.542763 -14.758719
v -3.952597 10.581808 -14.742055
v -4.054651 10.581808 -14.784327
v -4.017566 10.613974 -14.677087
v -3.919268 10.657444 -14.640000
v -4.054651 10.613974 -14.692446
v -3.958921 10.657444 -14.735731
v -3.886757 10.691338 -14.640000
v -4.054651 10.657444 -14.775382
v -4.091736 10.613974 -14.677087
v -3.935932 10.691338 -14.758719
v -4.198977 10.581808 -14.640000
v -3.952597 10.730383 -14.742055
v -3.910325 10.730383 -14.640000
v -4.054651 10.691338 -14.807895
v -4.017566 10.762550 -14.677087
v -4.002205 10.762550 -14.640000
v -3.919268 10.806021 -14.640000
v -4.054651 10.730383 -14.784327
v -4.150382 10.657444 -14.735731
v -3.958921 10.806021 -14.735731
v -3.886757 10.839916 -14.640000
v -4.054651 10.762550 -14.692446
v -3.935932 10.839916 -14.758719
v -4.054651 10.806021 -14.775382
v -3.952597 10.878960 -14.742055
v -3.910325 10.878960 -14.640000
v -4.054651 10.839916 -14.807895
v -4.054651 10.878960 -14.784327
v -4.156705 10.878960 -14.742055
v -4.198977 10.878960 -14.640000
v -4.173370 10.839916 -14.758719
v -4.156705 10.878960 -14.537947
v -4.222546 10.839916 -14.640000
v -4.150382 10.806021 -14.735731
v -4.173370 10.839916 -14.521281
v -4.091736 10.762550 -14.677087
v -4.190035 10.806021 -14.640000
v -4.150382 10.806021 -14.544271
v -4.156705 10.730383 -14.742055
v -4.107097 10.762550 -14.640000
v -4.173370 10.691338 -14.758719
v -4.198977 10.730383 -14.640000
v -4.222546 10.691338 -14.640000
v -4.156705 10.730383 -14.537947
v -4.190035 10.657444 -14.640000
v -4.173370 10.691338 -14.521281
v -4.107097 10.613974 -14.640000
v -4.150382 10.657444 -14.544271
v -4.091736 10.613974 -14.602916
v -4.054651 10.691338 -14.472106
v -4.054651 10.613974 -14.587555
v -4.054651 10.657444 -14.504619
v -3.958921 10.657444 -14.544271
v -3.935932 10.691338 -14.521281
v -3.952597 10.730383 -14.537947
v -4.054651 10.730383 -14.495677
v -4.017566 10.762550 -14.602916
v -4.091736 10.762550 -14.602916
v -4.054651 10.762550 -14.587555
v -4.054651 10.806021 -14.504619
v -3.958921 10.806021 -14.544271
v -4.054651 10.839916 -14.472106
v -3.935932 10.839916 -14.521281
v -3.952597 10.878960 -14.537947
v -4.054651 10.878960 -14.495677
v -3.861398 6.060818 -14.677087
v -3.763100 6.104290 -14.640000
v -3.846037 6.060818 -14.640000
v -3.802752 6.104290 -14.735731
v -3.730588 6.138184 -14.640000
v -3.898483 6.104290 -14.775382
v -3.898483 6.060818 -14.692446
v -3.935568 6.060818 -14.677087
v -3.779763 6.138184 -14.758719
v -3.994213 6.104290 -14.735731
v -3.796429 6.177229 -14.742055
v -3.754157 6.177229 -14.640000
v -3.898483 6.138184 -14.807895
v -3.861398 6.209394 -14.677087
v -3.846037 6.209394 -14.640000
v -3.763100 6.252863 -14.640000
v -3.898483 6.177229 -14.784327
v -4.017202 6.138184 -14.758719
v -3.802752 6.252863 -14.735731
v -3.730588 6.286760 -14.640000
v -4.000536 6.177229 -14.742055
v -4.066378 6.138184 -14.640000
v -4.033866 6.104290 -14.640000
v -3.950929 6.060818 -14.640000
v -3.994213 6.104290 -14.544271
v -3.935568 6.060818 -14.602916
v -4.042809 6.177229 -14.640000
v -3.898483 6.104290 -14.504619
v -3.898483 6.060818 -14.587555
v -3.861398 6.060818 -14.602916
v -4.017202 6.138184 -14.521281
v -3.802752 6.104290 -14.544271
v -3.898483 6.138184 -14.472106
v -3.779763 6.138184 -14.521281
v -3.796429 6.177229 -14.537947
v -4.000536 6.177229 -14.537947
v -3.898483 6.177229 -14.495677
v -3.861398 6.209394 -14.602916
v -3.950929 6.209394 -14.640000
v -3.898483 6.209394 -14.587555
v -3.935568 6.209394 -14.602916
v -3.898483 6.252863 -14.504619
v -3.802752 6.252863 -14.544271
v -3.994213 6.252863 -14.544271
v -3.898483 6.286760 -14.472106
v -3.779763 6.286760 -14.521281
v -3.796429 6.325806 -14.537947
v -3.754157 6.325806 -14.640000
v -3.846037 6.357971 -14.640000
v -4.017202 6.286760 -14.521281
v -3.861398 6.357971 -14.602916
v -3.898483 6.325806 -14.495677
v -4.000536 6.325806 -14.537947
v -4.066378 6.286760 -14.640000
v -4.033866 6.252863 -14.640000
v -3.935568 6.209394 -14.677087
v -3.898483 6.209394 -14.692446
v -3.994213 6.252863 -14.735731
v -3.898483 6.252863 -14.775382
v -3.898483 6.286760 -14.807895
v -4.017202 6.286760 -14.758719
v -4.000536 6.325806 -14.742055
v -3.779763 6.286760 -14.758719
v -3.796429 6.325806 -14.742055
v -3.898483 6.325806 -14.784327
v -3.861398 6.357971 -14.677087
v -3.763100 6.401440 -14.640000
v -3.898483 6.357971 -14.692446
v -3.802752 6.401440 -14.735731
v -3.730588 6.435335 -14.640000
v -3.898483 6.401440 -14.775382
v -3.935568 6.357971 -14.677087
v -3.779763 6.435335 -14.758719
v -4.042809 6.325806 -14.640000
v -3.796429 6.474380 -14.742055
v -3.754157 6.474380 -14.640000
v -3.898483 6.435335 -14.807895
v -3.861398 6.506548 -14.677087
v -3.846037 6.506548 -14.640000
v -3.763100 6.550016 -14.640000
v -3.898483 6.474380 -14.784327
v -3.994213 6.401440 -14.735731
v -3.802752 6.550016 -14.735731
v -3.730588 6.583914 -14.640000
v -3.898483 6.506548 -14.692446
v -3.779763 6.583914 -14.758719
v -3.898483 6.550016 -14.775382
v -3.796429 6.622957 -14.742055
v -3.754157 6.622957 -14.640000
v -3.898483 6.583914 -14.807895
v -3.898483 6.622957 -14.784327
v -4.000536 6.622957 -14.742055
v -4.042809 6.622957 -14.640000
v -4.017202 6.583914 -14.758719
v -4.000536 6.622957 -14.537947
v -4.066378 6.583914 -14.640000
v -3.994213 6.550016 -14.735731
v -4.017202 6.583914 -14.521281
v -3.935568 6.506548 -14.677087
v -4.033866 6.550016 -14.640000
v -3.994213 6.550016 -14.544271
v -4.000536 6.474380 -14.742055
v -3.950929 6.506548 -14.640000
v -4.017202 6.435335 -14.758719
v -4.042809 6.474380 -14.640000
v -4.066378 6.435335 -14.640000
v -4.000536 6.474380 -14.537947
v -4.033866 6.401440 -14.640000
v -4.017202 6.435335 -14.521281
v -3.950929 6.357971 -14.640000
v -3.994213 6.401440 -14.544271
v -3.935568 6.357971 -14.602916
v -3.898483 6.435335 -14.472106
v -3.898483 6.357971 -14.587555
v -3.898483 6.401440 -14.504619
v -3.802752 6.401440 -14.544271
v -3.779763 6.435335 -14.521281
v -3.796429 6.474380 -14.537947
v -3.898483 6.474380 -14.495677
v -3.861398 6.506548 -14.602916
v -3.935568 6.506548 -14.602916
v -3.898483 6.506548 -14.587555
v -3.898483 6.550016 -14.504619
v -3.802752 6.550016 -14.544271
v -3.898483 6.583914 -14.472106
v -3.779763 6.583914 -14.521281
v -3.796429 6.622957 -14.537947
v -3.898483 6.622957 -14.495677
v -11.025350 10.207155 -14.639999
v -11.181518 5.951153 -14.639999
v -4.054650 10.207155 -14.639999
v -3.898482 5.951153 -14.639999
vn -0.0000 1.0000 -0.0000
vn 1.0000 -0.0000 -0.0000
vn -0.0000 -1.0000 -0.0000
vn -1.0000 -0.0000 -0.0000
vn -0.0000 -0.0000 1.0000
vn -0.0000 -0.0001 1.0000
vn -0.0000 -0.0000 -1.0000
vn -0.0000 0.0001 -1.0000
vn -0.2277 0.9735 0.0236
vn -0.2277 0.9735 0.0235
vn -0.2276 0.9735 0.0236
vn 0.6627 0.1499 0.7337
vn 0.2276 -0.9735 -0.0236
vn 0.2277 -0.9735 -0.0235
vn 0.2277 -0.9735 -0.0236
vn -0.6589 -0.1490 -0.7373
vn -0.6589 -0.1491 -0.7373
vn -0.6589 -0.1490 -0.7374
vn -0.0393 -0.0079 0.9992
vn -0.0394 -0.0079 0.9992
vn -0.0393 -0.0157 -0.9991
vn -0.0394 -0.0158 -0.9991
vn -0.2369 0.9712 -0.0237
vn 0.6862 0.1183 -0.7177
vn 0.6860 0.1183 -0.7179
vn 0.2369 -0.9712 0.0237
vn -0.6781 -0.1183 0.7254
vn -0.0472 -0.0157 0.9988
vn -0.0472 -0.0158 0.9988
vn -0.1816 0.9788 0.0947
vn -0.1815 0.9788 0.0947
vn 0.6118 0.1020 0.7844
vn 0.1815 -0.9788 -0.0947
vn 0.1816 -0.9788 -0.0947
vn 0.1815 -0.9788 -0.0948
vn -0.6069 -0.1024 -0.7882
vn -0.6069 -0.1025 -0.7881
vn -0.6069 -0.1025 -0.7882
vn -0.0393 -0.0158 -0.9991
vn -0.2518 0.9678 -0.0000
vn 0.6145 0.1182 -0.7800
vn 0.2518 -0.9678 -0.0000
vn -0.6145 -0.1181 0.7800
vn -0.6145 -0.1182 0.7800
vn -0.0315 -0.0079 0.9995
vn -0.0315 -0.0078 0.9995
vn -0.1180 0.0551 0.9915
vn 0.8165 -0.5652 0.1178
vn 0.8165 -0.5652 0.1177
vn 0.8165 -0.5653 0.1177
vn 0.1180 -0.0551 -0.9915
vn -0.8165 0.5653 -0.1177
vn -0.8165 0.5652 -0.1178
vn -0.8165 0.5653 -0.1178
vn -0.0550 -0.9982 -0.0236
vn -0.0551 -0.9982 -0.0236
vn -0.2509 0.9642 0.0863
vn -0.2508 0.9642 0.0862
vn -0.1258 0.0472 0.9909
vn -0.1259 0.0472 0.9909
vn 0.8571 0.4954 0.1416
vn 0.8571 0.4954 0.1415
vn 0.1258 -0.0472 -0.9909
vn -0.8460 -0.5139 -0.1423
vn -0.8460 -0.5139 -0.1424
vn -0.3137 0.9490 -0.0312
vn -0.3137 0.9490 -0.0314
vn -0.3137 0.9490 -0.0313
vn -0.1026 -0.0000 0.9947
vn -0.9970 -0.0707 -0.0314
vn -0.9970 -0.0706 -0.0314
vn 0.0948 -0.0000 -0.9955
vn -0.9927 0.0236 0.1181
vn -0.9927 0.0236 0.1182
vn 0.1026 -0.0316 -0.9942
vn -0.0079 0.9985 0.0550
vn -0.0863 -0.0078 0.9962
vn -0.2517 0.9678 -0.0000
vn 0.0863 0.0078 -0.9962
vn 0.2441 -0.9686 0.0472
vn 0.0785 0.0314 -0.9964
vn -0.0947 0.0552 0.9940
vn -0.0946 0.0552 0.9940
vn 0.7446 -0.6584 0.1098
vn 0.7446 -0.6584 0.1097
vn 0.0947 -0.0552 -0.9940
vn -0.7342 0.6711 -0.1026
vn -0.7342 0.6711 -0.1027
vn -0.0315 0.9934 0.1104
vn -0.1104 0.0237 0.9936
vn 0.7637 0.6298 0.1417
vn 0.7641 0.6294 0.1417
vn 0.7637 0.6299 0.1417
vn 0.1026 -0.0237 -0.9944
vn -0.7390 -0.6604 -0.1336
vn -0.7390 -0.6603 -0.1337
vn -0.3161 0.9482 -0.0316
vn -0.0707 0.0157 0.9974
vn 0.9874 -0.0000 0.1580
vn 0.0707 -0.0079 -0.9975
vn 0.0707 -0.0078 -0.9975
vn -0.9872 0.0237 -0.1579
vn -0.9872 0.0237 -0.1580
vn -0.0000 -1.0000 -0.0001
vn -0.2443 0.9696 -0.0157
vn -0.2444 0.9696 -0.0158
vn -0.0707 -0.0000 0.9975
vn 0.5976 0.7942 0.1100
vn 0.5976 0.7942 0.1101
vn 0.0707 -0.0000 -0.9975
vn -0.5518 -0.8277 -0.1025
vn -0.5518 -0.8277 -0.1024
vn -0.1180 0.0551 -0.9915
vn -0.1181 0.0551 -0.9915
vn 0.8165 -0.5652 -0.1178
vn 0.8165 -0.5653 -0.1177
vn 0.8165 -0.5652 -0.1177
vn 0.1181 -0.0472 0.9919
vn -0.8165 0.5652 0.1177
vn -0.8165 0.5653 0.1178
vn -0.8165 0.5652 0.1178
vn -0.0550 -0.9982 0.0236
vn -0.2508 0.9642 -0.0862
vn -0.2509 0.9642 -0.0862
vn -0.1258 0.0472 -0.9909
vn -0.1259 0.0472 -0.9909
vn 0.8571 0.4954 -0.1416
vn 0.8571 0.4954 -0.1415
vn 0.1258 -0.0472 0.9909
vn -0.8482 -0.5105 0.1414
vn -0.3137 0.9490 0.0313
vn -0.3137 0.9490 0.0314
vn -0.1026 -0.0000 -0.9947
vn -0.9970 -0.0706 0.0314
vn -0.9970 -0.0707 0.0314
vn 0.1026 -0.0000 0.9947
vn -0.9927 0.0236 -0.1181
vn -0.9927 0.0236 -0.1182
vn 0.1026 -0.0237 0.9944
vn -0.0079 0.9985 -0.0550
vn -0.0078 0.9985 -0.0550
vn -0.0870 -0.0079 -0.9962
vn 0.0863 0.0079 0.9962
vn 0.0863 0.0078 0.9962
vn 0.2441 -0.9686 -0.0472
vn 0.0785 0.0314 0.9964
vn -0.1025 0.0552 -0.9932
vn 0.7446 -0.6584 -0.1098
vn 0.7446 -0.6584 -0.1097
vn 0.0947 -0.0473 0.9944
vn 0.0947 -0.0474 0.9944
vn -0.7342 0.6711 0.1026
vn -0.7342 0.6711 0.1027
vn -0.0551 -0.9982 0.0236
vn -0.0315 0.9934 -0.1104
vn -0.1104 0.0237 -0.9936
vn 0.7645 0.6305 -0.1340
vn 0.7645 0.6305 -0.1339
vn 0.1104 -0.0237 0.9936
vn -0.7390 -0.6604 0.1336
vn -0.7390 -0.6603 0.1337
vn -0.0707 0.0157 -0.9974
vn 0.9874 -0.0000 -0.1580
vn 0.0707 -0.0078 0.9975
vn 0.0707 -0.0079 0.9975
vn -0.9872 0.0237 0.1579
vn -0.9872 0.0237 0.1580
vn -0.0000 -1.0000 0.0001
vn -0.2443 0.9696 0.0157
vn -0.2444 0.9696 0.0158
vn -0.0785 -0.0000 -0.9969
vn 0.5976 0.7942 -0.1101
vn 0.0707 0.0078 0.9975
vn 0.0707 0.0079 0.9975
vn -0.5518 -0.8277 0.1025
vn -0.5518 -0.8277 0.1024
vn -0.3161 0.9482 0.0316
vn 0.0236 0.9996 0.0157
vn 0.0236 0.9996 0.0158
vn 0.7096 -0.0631 0.7017
vn 0.7097 -0.0631 0.7017
vn -0.0236 -0.9996 -0.0157
vn -0.7057 0.0627 -0.7057
vn -0.0393 0.0157 0.9991
vn -0.0472 -0.0000 -0.9989
vn 0.0236 0.9996 -0.0157
vn 0.7228 -0.1021 -0.6835
vn 0.7229 -0.1022 -0.6834
vn -0.0236 -0.9996 0.0157
vn -0.0236 -0.9996 0.0158
vn -0.7151 0.1022 0.6915
vn -0.7151 0.1021 0.6915
vn -0.0472 0.0079 0.9989
vn -0.0472 0.0078 0.9989
vn -0.0393 -0.0000 -0.9992
vn -0.0394 -0.0000 -0.9992
vn 0.0710 0.9937 0.0868
vn 0.0711 0.9937 0.0868
vn 0.6381 -0.0945 0.7641
vn -0.0710 -0.9937 -0.0867
vn -0.0710 -0.9937 -0.0868
vn -0.6296 0.0944 -0.7712
vn -0.6295 0.0944 -0.7712
vn -0.0393 -0.0001 -0.9992
vn 0.0079 0.9998 -0.0157
vn 0.0078 0.9998 -0.0157
vn 0.0079 0.9998 -0.0158
vn 0.6482 -0.0632 -0.7589
vn 0.6482 -0.0633 -0.7589
vn -0.0078 -0.9998 0.0157
vn -0.0079 -0.9998 0.0157
vn -0.0079 -0.9998 0.0158
vn -0.6443 0.0629 0.7622
vn -0.6443 0.0628 0.7622
vn -0.0315 0.0157 0.9994
vn -0.0315 0.0158 0.9994
vn 0.7022 0.1578 0.6943
vn -0.6943 -0.1578 -0.7022
vn -0.0472 -0.0157 -0.9988
vn -0.2369 0.9714 -0.0158
vn 0.7170 0.1261 -0.6855
vn 0.2369 -0.9714 0.0158
vn -0.7171 -0.1260 0.6855
vn -0.7170 -0.1261 0.6855
vn -0.0472 -0.0158 -0.9988
vn -0.1817 0.9795 0.0869
vn 0.6539 0.1103 0.7485
vn 0.1817 -0.9795 -0.0869
vn 0.1816 -0.9795 -0.0869
vn -0.6461 -0.1024 -0.7563
vn -0.6461 -0.1024 -0.7564
vn -0.6460 -0.1024 -0.7564
vn 0.6527 0.1258 -0.7471
vn -0.6527 -0.1258 0.7471
vn -0.6527 -0.1259 0.7471
vn -0.1335 0.0628 0.9891
vn -0.1334 0.0628 0.9891
vn 0.8172 -0.5658 0.1100
vn 0.1334 -0.0628 -0.9891
vn -0.8172 0.5658 -0.1100
vn -0.0550 -0.9982 -0.0235
vn -0.2510 0.9648 0.0785
vn -0.2510 0.9648 0.0784
vn -0.1412 0.0549 0.9885
vn 0.8589 0.4964 0.1261
vn 0.8589 0.4964 0.1260
vn 0.8593 0.4957 0.1262
vn 0.1412 -0.0549 -0.9885
vn -0.8504 -0.5108 -0.1260
vn -0.8497 -0.5121 -0.1259
vn -0.8500 -0.5116 -0.1260
vn -0.8500 -0.5116 -0.1259
vn -0.0550 -0.9984 -0.0157
vn -0.1105 -0.0000 0.9939
vn -0.1104 -0.0000 0.9939
vn 0.1104 -0.0079 -0.9939
vn -0.9936 0.0237 0.1104
vn -0.9936 0.0236 0.1104
vn 0.1104 -0.0316 -0.9934
vn 0.1104 -0.0315 -0.9934
vn -0.0079 0.9989 0.0472
vn -0.0948 -0.0079 0.9955
vn 0.0948 0.0079 -0.9955
vn 0.2441 -0.9686 0.0473
vn 0.0869 0.0395 -0.9954
vn -0.1024 0.0630 0.9927
vn 0.7458 -0.6595 0.0942
vn 0.1025 -0.0552 -0.9932
vn -0.7348 0.6716 -0.0948
vn -0.7348 0.6716 -0.0949
vn -0.0316 0.9942 0.1026
vn -0.0316 0.9942 0.1025
vn -0.0316 0.9942 0.1027
vn -0.0315 0.9942 0.1028
vn -0.1182 0.0315 0.9925
vn -0.1181 0.0315 0.9925
vn 0.7653 0.6312 0.1262
vn 0.7653 0.6312 0.1263
vn 0.1182 -0.0236 -0.9927
vn 0.1182 -0.0237 -0.9927
vn -0.7397 -0.6610 -0.1259
vn -0.0785 0.0157 0.9968
vn 0.9900 -0.0000 0.1414
vn 0.9899 -0.0000 0.1414
vn 0.9899 -0.0000 0.1415
vn 0.0785 -0.0078 -0.9969
vn 0.0785 -0.0079 -0.9969
vn -0.9897 0.0236 -0.1414
vn -0.9897 0.0236 -0.1413
vn -0.2444 0.9696 -0.0157
vn -0.0785 -0.0000 0.9969
vn 0.5981 0.7949 0.1023
vn 0.0785 -0.0000 -0.9969
vn -0.5486 -0.8308 -0.0941
vn -0.5486 -0.8308 -0.0940
vn -0.3160 0.9482 -0.0315
vn -0.1334 0.0628 -0.9891
vn -0.1335 0.0628 -0.9891
vn 0.8172 -0.5658 -0.1100
vn 0.1335 -0.0550 0.9895
vn -0.8172 0.5658 0.1100
vn -0.2510 0.9648 -0.0784
vn -0.2510 0.9648 -0.0785
vn -0.1412 0.0549 -0.9885
vn 0.8589 0.4964 -0.1261
vn 0.1336 -0.0471 0.9899
vn 0.1335 -0.0472 0.9899
vn -0.8500 -0.5116 0.1259
vn -0.8500 -0.5116 0.1260
vn -0.0550 -0.9984 0.0158
vn -0.0550 -0.9984 0.0157
vn -0.3138 0.9492 0.0235
vn -0.1182 -0.0000 -0.9930
vn 0.1104 -0.0000 0.9939
vn 0.1105 -0.0000 0.9939
vn -0.9936 0.0237 -0.1104
vn -0.9936 0.0236 -0.1104
vn 0.1104 -0.0315 0.9934
vn -0.0079 0.9989 -0.0472
vn -0.1026 -0.0079 -0.9947
vn 0.0948 0.0079 0.9955
vn 0.2441 -0.9686 -0.0473
vn 0.0947 0.0395 0.9947
vn -0.1103 0.0551 -0.9924
vn 0.7458 -0.6595 -0.0942
vn 0.1103 -0.0551 0.9924
vn 0.1102 -0.0551 0.9924
vn -0.7309 0.6759 0.0943
vn -0.0315 0.9942 -0.1026
vn -0.0316 0.9942 -0.1025
vn -0.0316 0.9942 -0.1026
vn -0.1260 0.0236 -0.9918
vn -0.1259 0.0236 -0.9918
vn 0.7653 0.6312 -0.1263
vn 0.7653 0.6312 -0.1262
vn 0.1182 -0.0236 0.9927
vn -0.7404 -0.6617 0.1181
vn -0.7404 -0.6617 0.1182
vn -0.0785 0.0157 -0.9968
vn 0.9899 -0.0000 -0.1414
vn 0.9900 -0.0000 -0.1414
vn 0.0785 -0.0079 0.9969
vn 0.0785 -0.0078 0.9969
vn -0.9897 0.0236 0.1414
vn -0.9897 0.0236 0.1413
vn -0.0863 -0.0000 -0.9963
vn 0.5981 0.7949 -0.1023
vn 0.0785 0.0079 0.9969
vn 0.0785 0.0078 0.9969
vn -0.5486 -0.8308 0.0940
vn -0.5486 -0.8308 0.0941
vn -0.3160 0.9482 0.0316
vn 0.7477 -0.0629 0.6611
vn 0.7477 -0.0630 0.6611
vn -0.0236 -0.9996 -0.0158
vn -0.7402 0.0630 -0.6694
vn -0.7403 0.0630 -0.6694
vn -0.0394 0.0157 0.9991
vn -0.0550 -0.0000 -0.9985
vn -0.0551 -0.0000 -0.9985
vn 0.7564 -0.1024 -0.6461
vn -0.7491 0.1025 0.6545
vn -0.0550 0.0079 0.9985
vn -0.0550 0.0078 0.9985
vn -0.0471 0.0001 -0.9989
vn 0.0711 0.9943 0.0789
vn 0.0710 0.9943 0.0789
vn 0.6711 -0.1027 0.7342
vn 0.6711 -0.1026 0.7342
vn 0.6711 -0.1026 0.7343
vn -0.0710 -0.9943 -0.0789
vn -0.0711 -0.9943 -0.0789
vn -0.0710 -0.9944 -0.0789
vn -0.6677 0.0943 -0.7384
vn 0.6857 -0.0631 -0.7251
vn 0.6856 -0.0630 -0.7252
vn -0.6859 0.0631 0.7250
vn -0.6857 0.0630 0.7251
vn 0.2277 0.9735 0.0235
vn 0.2277 0.9735 0.0236
vn 0.2276 0.9735 0.0236
vn -0.6627 0.1499 0.7337
vn -0.2277 -0.9735 -0.0235
vn -0.2277 -0.9735 -0.0236
vn -0.2277 -0.9734 -0.0235
vn 0.6589 -0.1490 -0.7373
vn 0.0394 -0.0079 0.9992
vn 0.0393 -0.0079 0.9992
vn 0.0394 -0.0078 0.9992
vn 0.0393 -0.0157 -0.9991
vn 0.2369 0.9712 -0.0237
vn -0.6862 0.1183 -0.7177
vn -0.2369 -0.9712 0.0237
vn 0.6781 -0.1183 0.7254
vn 0.0472 -0.0157 0.9988
vn 0.0394 -0.0157 -0.9991
vn 0.1815 0.9788 0.0947
vn 0.1816 0.9788 0.0947
vn -0.6118 0.1020 0.7844
vn -0.6118 0.1021 0.7844
vn -0.1816 -0.9788 -0.0947
vn -0.1815 -0.9788 -0.0947
vn -0.1815 -0.9788 -0.0948
vn 0.6069 -0.1025 -0.7881
vn 0.6069 -0.1025 -0.7882
vn 0.0393 -0.0158 -0.9991
vn 0.2518 0.9678 -0.0000
vn -0.6145 0.1182 -0.7800
vn -0.2518 -0.9678 -0.0000
vn 0.6145 -0.1181 0.7800
vn 0.6145 -0.1182 0.7800
vn 0.0315 -0.0079 0.9995
vn 0.0315 -0.0078 0.9995
vn 0.1180 0.0551 0.9915
vn -0.8165 -0.5652 0.1177
vn -0.8165 -0.5652 0.1178
vn -0.1180 -0.0551 -0.9915
vn 0.8165 0.5652 -0.1177
vn 0.8165 0.5653 -0.1178
vn 0.8165 0.5653 -0.1177
vn 0.0551 -0.9982 -0.0236
vn 0.0550 -0.9982 -0.0236
vn 0.2508 0.9642 0.0862
vn 0.2509 0.9642 0.0863
vn 0.2509 0.9642 0.0862
vn 0.1258 0.0472 0.9909
vn 0.1259 0.0472 0.9909
vn -0.8571 0.4954 0.1415
vn -0.8571 0.4954 0.1416
vn -0.1258 -0.0472 -0.9909
vn 0.8460 -0.5139 -0.1423
vn 0.8460 -0.5139 -0.1424
vn 0.3137 0.9490 -0.0314
vn 0.3137 0.9490 -0.0313
vn 0.9970 -0.0707 -0.0314
vn 0.9970 -0.0706 -0.0314
vn -0.0948 -0.0000 -0.9955
vn 0.9927 0.0236 0.1182
vn 0.9927 0.0236 0.1181
vn -0.1025 -0.0316 -0.9942
vn -0.1026 -0.0316 -0.9942
vn 0.0078 0.9985 0.0551
vn 0.0079 0.9985 0.0550
vn 0.0078 0.9985 0.0550
vn 0.0863 -0.0079 0.9962
vn 0.0863 -0.0078 0.9962
vn 0.2517 0.9678 -0.0000
vn -0.0863 0.0078 -0.9962
vn -0.2441 -0.9686 0.0473
vn -0.0785 0.0314 -0.9964
vn 0.0947 0.0552 0.9940
vn 0.0946 0.0552 0.9940
vn -0.7446 -0.6584 0.1097
vn -0.7446 -0.6584 0.1098
vn -0.0947 -0.0552 -0.9940
vn 0.7342 0.6711 -0.1026
vn 0.7342 0.6711 -0.1027
vn 0.0315 0.9934 0.1104
vn 0.1104 0.0237 0.9936
vn -0.7637 0.6298 0.1417
vn -0.7637 0.6298 0.1418
vn -0.1026 -0.0237 -0.9944
vn 0.7390 -0.6604 -0.1336
vn 0.7390 -0.6604 -0.1337
vn 0.7390 -0.6603 -0.1336
vn 0.3160 0.9482 -0.0316
vn 0.3161 0.9482 -0.0316
vn 0.0707 0.0157 0.9974
vn -0.9874 -0.0000 0.1580
vn -0.0707 -0.0079 -0.9975
vn -0.0707 -0.0078 -0.9975
vn 0.9872 0.0237 -0.1580
vn 0.9872 0.0237 -0.1579
vn 0.2444 0.9696 -0.0158
vn 0.2443 0.9696 -0.0157
vn 0.2443 0.9696 -0.0158
vn 0.0707 -0.0000 0.9975
vn -0.5976 0.7942 0.1101
vn -0.0707 -0.0000 -0.9975
vn 0.5518 -0.8277 -0.1025
vn 0.5518 -0.8277 -0.1024
vn 0.1180 0.0551 -0.9915
vn 0.1181 0.0551 -0.9915
vn -0.8165 -0.5652 -0.1178
vn -0.8165 -0.5653 -0.1177
vn -0.8165 -0.5652 -0.1177
vn -0.1181 -0.0472 0.9919
vn 0.8165 0.5653 0.1177
vn 0.8165 0.5652 0.1178
vn 0.0550 -0.9982 0.0236
vn 0.2508 0.9642 -0.0862
vn 0.2509 0.9642 -0.0862
vn 0.1258 0.0472 -0.9909
vn -0.8571 0.4954 -0.1416
vn -0.8571 0.4954 -0.1415
vn -0.1258 -0.0472 0.9909
vn -0.1257 -0.0468 0.9910
vn 0.8482 -0.5105 0.1414
vn 0.8483 -0.5102 0.1414
vn 0.3137 0.9490 0.0313
vn 0.3137 0.9490 0.0314
vn 0.1026 -0.0000 -0.9947
vn 0.9970 -0.0706 0.0314
vn 0.9970 -0.0707 0.0314
vn 0.9927 0.0236 -0.1182
vn 0.9927 0.0236 -0.1181
vn -0.1026 -0.0238 0.9944
vn -0.1026 -0.0237 0.9944
vn 0.0078 0.9985 -0.0550
vn 0.0079 0.9985 -0.0550
vn 0.0870 -0.0079 -0.9962
vn -0.0863 0.0078 0.9962
vn -0.2441 -0.9686 -0.0473
vn -0.2441 -0.9686 -0.0472
vn -0.0785 0.0314 0.9964
vn 0.1025 0.0552 -0.9932
vn -0.7446 -0.6584 -0.1097
vn -0.7446 -0.6584 -0.1098
vn -0.0947 -0.0474 0.9944
vn -0.0947 -0.0473 0.9944
vn 0.7342 0.6711 0.1026
vn 0.7342 0.6711 0.1027
vn 0.7343 0.6711 0.1026
vn 0.0551 -0.9982 0.0236
vn 0.0315 0.9934 -0.1104
vn 0.1104 0.0237 -0.9936
vn 0.1104 0.0236 -0.9936
vn -0.7645 0.6305 -0.1340
vn -0.7652 0.6297 -0.1340
vn -0.1104 -0.0237 0.9936
vn -0.1104 -0.0236 0.9936
vn 0.7390 -0.6603 0.1337
vn 0.7390 -0.6604 0.1336
vn 0.7390 -0.6604 0.1337
vn 0.0707 0.0157 -0.9974
vn -0.9874 -0.0000 -0.1580
vn -0.0707 -0.0079 0.9975
vn -0.0707 -0.0078 0.9975
vn 0.9872 0.0237 0.1579
vn 0.9872 0.0237 0.1580
vn 0.2443 0.9696 0.0157
vn 0.2444 0.9696 0.0158
vn -0.5976 0.7942 -0.1101
vn -0.0707 0.0078 0.9975
vn -0.0707 0.0079 0.9975
vn 0.5518 -0.8277 0.1025
vn 0.5518 -0.8277 0.1024
vn 0.3161 0.9482 0.0316
vn -0.0236 0.9996 0.0157
vn -0.7096 -0.0631 0.7017
vn 0.0236 -0.9996 -0.0157
vn 0.7057 0.0627 -0.7057
vn 0.0393 0.0158 0.9991
vn 0.0393 0.0157 0.9991
vn 0.0472 0.0001 -0.9989
vn 0.0472 -0.0000 -0.9989
vn -0.0236 0.9996 -0.0157
vn -0.7228 -0.1021 -0.6835
vn -0.7228 -0.1022 -0.6835
vn 0.0236 -0.9996 0.0157
vn 0.0236 -0.9996 0.0158
vn 0.7151 0.1021 0.6915
vn 0.7151 0.1022 0.6915
vn 0.0472 0.0078 0.9989
vn 0.0472 0.0079 0.9989
vn 0.0394 -0.0000 -0.9992
vn -0.0710 0.9937 0.0868
vn -0.0711 0.9937 0.0868
vn -0.6381 -0.0945 0.7641
vn 0.0710 -0.9937 -0.0868
vn 0.0710 -0.9937 -0.0867
vn 0.6295 0.0944 -0.7712
vn 0.6296 0.0944 -0.7712
vn 0.0393 -0.0000 -0.9992
vn -0.0078 0.9998 -0.0157
vn -0.0079 0.9998 -0.0158
vn -0.0079 0.9998 -0.0157
vn -0.6482 -0.0632 -0.7589
vn -0.6482 -0.0633 -0.7588
vn 0.0079 -0.9998 0.0157
vn 0.0078 -0.9998 0.0157
vn 0.0079 -0.9998 0.0158
vn 0.6443 0.0629 0.7622
vn 0.6443 0.0628 0.7622
vn 0.0315 0.0157 0.9994
vn 0.0315 0.0158 0.9994
vn -0.7022 0.1578 0.6943
vn -0.2276 -0.9735 -0.0236
vn 0.6943 -0.1578 -0.7022
vn 0.0472 -0.0157 -0.9988
vn 0.2369 0.9714 -0.0158
vn -0.7170 0.1261 -0.6855
vn -0.2369 -0.9714 0.0158
vn 0.7170 -0.1261 0.6855
vn 0.7171 -0.1260 0.6855
vn 0.7171 -0.1261 0.6855
vn 0.1817 0.9795 0.0869
vn -0.6539 0.1103 0.7485
vn -0.1817 -0.9795 -0.0869
vn 0.6461 -0.1024 -0.7564
vn 0.6460 -0.1024 -0.7564
vn -0.6527 0.1258 -0.7471
vn -0.2517 -0.9678 -0.0000
vn 0.6527 -0.1258 0.7471
vn 0.6527 -0.1259 0.7471
vn 0.1334 0.0628 0.9891
vn 0.1335 0.0628 0.9891
vn -0.8172 -0.5658 0.1100
vn -0.1334 -0.0628 -0.9891
vn -0.1335 -0.0628 -0.9891
vn 0.8172 0.5658 -0.1100
vn 0.0550 -0.9982 -0.0235
vn 0.2510 0.9648 0.0785
vn 0.2510 0.9648 0.0784
vn 0.1412 0.0549 0.9885
vn -0.8589 0.4964 0.1260
vn -0.8589 0.4964 0.1261
vn -0.1412 -0.0549 -0.9885
vn 0.8500 -0.5116 -0.1259
vn 0.8500 -0.5116 -0.1260
vn 0.0550 -0.9984 -0.0157
vn 0.0550 -0.9984 -0.0158
vn -0.1104 -0.0079 -0.9939
vn 0.9936 0.0237 0.1104
vn 0.9936 0.0236 0.1104
vn -0.1104 -0.0315 -0.9934
vn -0.1104 -0.0316 -0.9934
vn 0.0079 0.9989 0.0472
vn 0.0078 0.9989 0.0472
vn 0.0948 -0.0079 0.9955
vn -0.0948 0.0079 -0.9955
vn -0.0869 0.0395 -0.9954
vn 0.1024 0.0630 0.9927
vn -0.7458 -0.6595 0.0942
vn -0.1025 -0.0552 -0.9932
vn 0.7348 0.6716 -0.0948
vn 0.0316 0.9942 0.1025
vn 0.0316 0.9942 0.1026
vn 0.1181 0.0315 0.9925
vn 0.1182 0.0315 0.9925
vn -0.7653 0.6312 0.1262
vn -0.7653 0.6312 0.1263
vn -0.1182 -0.0236 -0.9927
vn 0.7397 -0.6610 -0.1259
vn 0.0785 0.0157 0.9968
vn -0.9900 -0.0000 0.1414
vn -0.9899 -0.0000 0.1415
vn -0.9899 -0.0000 0.1414
vn -0.0785 -0.0078 -0.9969
vn -0.0785 -0.0079 -0.9969
vn 0.9897 0.0236 -0.1414
vn 0.9897 0.0236 -0.1413
vn 0.0785 -0.0000 0.9969
vn -0.5981 0.7949 0.1023
vn 0.5486 -0.8308 -0.0941
vn 0.5486 -0.8308 -0.0940
vn 0.1334 0.0628 -0.9891
vn 0.1335 0.0628 -0.9891
vn -0.8172 -0.5658 -0.1100
vn -0.1335 -0.0550 0.9895
vn 0.8172 0.5658 0.1100
vn 0.2510 0.9648 -0.0784
vn 0.1412 0.0549 -0.9885
vn -0.8589 0.4964 -0.1261
vn -0.1336 -0.0471 0.9899
vn -0.1335 -0.0472 0.9899
vn 0.8498 -0.5119 0.1259
vn 0.8505 -0.5106 0.1259
vn 0.8500 -0.5116 0.1259
vn 0.0550 -0.9984 0.0157
vn 0.0550 -0.9984 0.0158
vn 0.3138 0.9492 0.0235
vn 0.1182 -0.0000 -0.9930
vn 0.9936 0.0236 -0.1104
vn 0.9936 0.0237 -0.1104
vn -0.1104 -0.0315 0.9934
vn 0.0079 0.9989 -0.0472
vn 0.1026 -0.0079 -0.9947
vn -0.0948 0.0079 0.9955
vn -0.0947 0.0395 0.9947
vn 0.1103 0.0551 -0.9924
vn -0.7458 -0.6595 -0.0942
vn -0.1103 -0.0551 0.9924
vn -0.1102 -0.0551 0.9924
vn 0.7309 0.6759 0.0943
vn 0.0316 0.9942 -0.1025
vn 0.0316 0.9942 -0.1026
vn 0.1259 0.0236 -0.9918
vn -0.7653 0.6312 -0.1263
vn -0.7653 0.6312 -0.1262
vn -0.1182 -0.0236 0.9927
vn 0.7404 -0.6617 0.1182
vn 0.7404 -0.6617 0.1181
vn 0.0550 -0.9982 0.0235
vn 0.0785 0.0157 -0.9968
vn -0.9899 -0.0000 -0.1415
vn -0.9900 -0.0000 -0.1414
vn -0.9899 -0.0000 -0.1414
vn -0.0785 -0.0079 0.9969
vn -0.0785 -0.0078 0.9969
vn 0.9897 0.0236 0.1413
vn 0.9897 0.0236 0.1414
vn 0.2444 0.9696 0.0157
vn 0.0863 -0.0000 -0.9963
vn -0.5981 0.7949 -0.1023
vn -0.0785 0.0079 0.9969
vn -0.0785 0.0078 0.9969
vn 0.5486 -0.8308 0.0941
vn 0.5486 -0.8308 0.0940
vn 0.3160 0.9482 0.0316
vn -0.7477 -0.0630 0.6611
vn -0.7477 -0.0629 0.6611
vn 0.0236 -0.9996 -0.0158
vn 0.7403 0.0630 -0.6694
vn 0.7402 0.0630 -0.6694
vn 0.0394 0.0157 0.9991
vn 0.0550 -0.0000 -0.9985
vn -0.7564 -0.1024 -0.6461
vn 0.7491 0.1025 0.6545
vn 0.0550 0.0078 0.9985
vn 0.0550 0.0079 0.9985
vn 0.0469 0.0003 -0.9989
vn -0.0710 0.9943 0.0789
vn -0.0711 0.9943 0.0789
vn -0.6711 -0.1026 0.7342
vn -0.6711 -0.1026 0.7343
vn -0.6711 -0.1027 0.7342
vn 0.0710 -0.9943 -0.0789
vn 0.6677 0.0943 -0.7384
vn -0.6857 -0.0631 -0.7251
vn -0.6857 -0.0630 -0.7251
vn 0.6857 0.0631 0.7251
vn 0.6857 0.0630 0.7251
vn 0.9989 -0.0472 0.0079
vn -0.9984 0.0550 0.0157
vn 0.1416 0.7000 0.7000
vn 0.9988 -0.0472 -0.0157
vn -0.1416 -0.7001 -0.6999
vn -0.1416 -0.7000 -0.7000
vn -0.1415 -0.7000 -0.7000
vn -0.9995 0.0315 -0.0079
vn 0.1423 0.7117 -0.6879
vn 0.9988 -0.0472 0.0157
vn -0.1655 -0.7091 0.6854
vn -0.1654 -0.7091 0.6854
vn -0.9986 0.0471 0.0235
vn -0.9986 0.0472 0.0236
vn 0.1416 0.6921 0.7078
vn 0.1415 0.6921 0.7078
vn 0.9986 -0.0472 -0.0236
vn -0.1424 -0.6959 -0.7038
vn -0.1424 -0.6960 -0.7038
vn -0.9988 0.0472 -0.0157
vn 0.1261 0.7093 -0.6935
vn -0.1261 -0.7093 0.6935
vn -0.9988 0.0472 0.0158
vn -0.9988 0.0472 0.0157
vn 0.1184 0.7021 0.7021
vn 0.1183 0.7021 0.7021
vn 0.9986 -0.0471 -0.0236
vn 0.9986 -0.0472 -0.0237
vn -0.1184 -0.7021 -0.7021
vn -0.1183 -0.7021 -0.7021
vn -0.9995 0.0315 -0.0078
vn 0.9989 -0.0393 0.0236
vn -0.9985 0.0550 0.0078
vn -0.9985 0.0550 0.0079
vn 0.1180 0.7551 0.6450
vn 0.1180 0.7551 0.6449
vn 0.9985 -0.0550 -0.0079
vn -0.1180 -0.7551 -0.6450
vn -0.1180 -0.7551 -0.6449
vn 0.1412 0.7528 -0.6430
vn 0.1411 0.7528 -0.6430
vn -0.1659 -0.7504 0.6398
vn 0.1183 0.7025 0.7018
vn 0.9984 -0.0472 -0.0314
vn -0.9994 0.0315 -0.0157
vn 0.1416 0.7155 -0.6841
vn 0.1415 0.7155 -0.6841
vn 0.9989 -0.0394 0.0236
vn -0.9628 0.2683 0.0316
vn 0.2287 0.6309 0.7414
vn 0.9645 -0.2609 -0.0396
vn 0.9646 -0.2609 -0.0395
vn 0.9645 -0.2609 -0.0395
vn -0.2287 -0.6309 -0.7414
vn -0.9677 0.2518 -0.0157
vn -0.9677 0.2517 -0.0158
vn -0.9677 0.2517 -0.0157
vn 0.2843 0.6161 -0.7346
vn 0.9648 -0.2610 0.0316
vn -0.3002 -0.6083 0.7347
vn -0.9989 -0.0472 0.0079
vn 0.9984 0.0550 0.0157
vn -0.1416 0.7000 0.7000
vn -0.9988 -0.0472 -0.0157
vn 0.1416 -0.7000 -0.7000
vn 0.9995 0.0315 -0.0079
vn -0.1423 0.7117 -0.6879
vn -0.9988 -0.0472 0.0157
vn 0.1654 -0.7091 0.6854
vn 0.1655 -0.7091 0.6854
vn 0.9986 0.0472 0.0236
vn -0.1416 0.6921 0.7078
vn -0.9986 -0.0472 -0.0236
vn 0.1424 -0.6959 -0.7038
vn 0.1423 -0.6959 -0.7038
vn 0.9988 0.0472 -0.0157
vn -0.1261 0.7093 -0.6935
vn 0.1261 -0.7093 0.6935
vn 0.9988 0.0472 0.0158
vn 0.9988 0.0472 0.0157
vn -0.1184 0.7021 0.7021
vn -0.1183 0.7021 0.7021
vn -0.9986 -0.0471 -0.0236
vn 0.1183 -0.7021 -0.7021
vn 0.1184 -0.7021 -0.7021
vn -0.1424 0.7117 -0.6879
vn -0.9989 -0.0393 0.0236
vn -0.9989 -0.0394 0.0236
vn 0.9985 0.0550 0.0079
vn 0.9985 0.0550 0.0078
vn -0.1180 0.7551 0.6449
vn -0.1180 0.7551 0.6450
vn -0.9985 -0.0550 -0.0079
vn 0.1180 -0.7551 -0.6450
vn 0.1180 -0.7551 -0.6449
vn 0.9995 0.0315 -0.0078
vn -0.1411 0.7528 -0.6430
vn -0.1412 0.7528 -0.6430
vn 0.1659 -0.7504 0.6398
vn -0.9984 -0.0472 -0.0314
vn -0.9984 -0.0471 -0.0314
vn 0.9994 0.0315 -0.0157
vn -0.1415 0.7155 -0.6841
vn 0.9628 0.2684 0.0316
vn 0.9628 0.2683 0.0316
vn -0.2287 0.6309 0.7414
vn -0.9646 -0.2609 -0.0395
vn 0.2287 -0.6309 -0.7414
vn 0.2287 -0.6309 -0.7413
vn 0.9677 0.2518 -0.0157
vn 0.9677 0.2517 -0.0157
vn -0.2843 0.6161 -0.7346
vn -0.9648 -0.2610 0.0316
vn -0.9648 -0.2610 0.0317
vn 0.3002 -0.6083 0.7347
vn 0.0079 -0.0472 -0.9989
vn 0.0157 0.0550 0.9984
vn 0.7000 0.7000 -0.1416
vn -0.0157 -0.0472 -0.9988
vn -0.6999 -0.7001 0.1416
vn -0.7000 -0.7000 0.1416
vn -0.0079 0.0315 0.9995
vn -0.0078 0.0315 0.9995
vn -0.6879 0.7117 -0.1423
vn 0.0157 -0.0472 -0.9988
vn 0.6854 -0.7091 0.1654
vn 0.6854 -0.7091 0.1655
vn 0.0236 0.0472 0.9986
vn 0.7078 0.6921 -0.1416
vn 0.7078 0.6921 -0.1415
vn -0.0236 -0.0472 -0.9986
vn -0.7038 -0.6959 0.1424
vn -0.7038 -0.6960 0.1424
vn -0.0157 0.0472 0.9988
vn -0.6935 0.7093 -0.1261
vn 0.6935 -0.7093 0.1261
vn 0.0158 0.0472 0.9988
vn 0.0157 0.0472 0.9988
vn 0.7021 0.7021 -0.1184
vn 0.7021 0.7021 -0.1183
vn -0.0236 -0.0471 -0.9986
vn -0.7021 -0.7021 0.1184
vn -0.7021 -0.7021 0.1183
vn -0.6880 0.7117 -0.1423
vn 0.0236 -0.0393 -0.9989
vn 0.0236 -0.0394 -0.9989
vn 0.0079 0.0550 0.9985
vn 0.0078 0.0550 0.9985
vn 0.6450 0.7551 -0.1180
vn 0.6449 0.7551 -0.1180
vn -0.0079 -0.0550 -0.9985
vn -0.6450 -0.7551 0.1180
vn -0.6430 0.7528 -0.1411
vn -0.6430 0.7528 -0.1412
vn 0.6398 -0.7504 0.1659
vn 0.0236 0.0473 0.9986
vn 0.7018 0.7025 -0.1184
vn -0.0314 -0.0472 -0.9984
vn -0.0157 0.0315 0.9994
vn -0.6841 0.7155 -0.1416
vn -0.6841 0.7155 -0.1415
vn 0.0316 0.2683 0.9628
vn 0.0316 0.2684 0.9628
vn 0.7414 0.6309 -0.2287
vn -0.0395 -0.2609 -0.9646
vn -0.7413 -0.6309 0.2287
vn -0.7414 -0.6309 0.2287
vn -0.0157 0.2518 0.9677
vn -0.0157 0.2517 0.9677
vn -0.7346 0.6161 -0.2843
vn -0.7346 0.6161 -0.2844
vn 0.0316 -0.2610 -0.9648
vn 0.7347 -0.6083 0.3002
vn -0.0079 0.0472 -0.9989
vn 0.0079 -0.0472 0.9989
vn 0.0157 0.0550 -0.9984
vn 0.7000 0.7000 0.1416
vn -0.0157 -0.0472 0.9988
vn -0.7000 -0.7000 -0.1416
vn -0.0078 0.0315 -0.9995
vn -0.0079 0.0315 -0.9995
vn -0.6879 0.7117 0.1423
vn -0.6879 0.7117 0.1424
vn 0.0157 -0.0472 0.9988
vn 0.6854 -0.7091 -0.1654
vn 0.6854 -0.7091 -0.1655
vn 0.0236 0.0472 -0.9986
vn 0.7078 0.6921 0.1416
vn 0.7078 0.6921 0.1415
vn -0.0236 -0.0472 0.9986
vn -0.7038 -0.6959 -0.1424
vn -0.7038 -0.6959 -0.1423
vn -0.0157 0.0472 -0.9988
vn -0.6913 0.7070 0.1493
vn 0.6913 -0.7070 -0.1493
vn 0.6913 -0.7070 -0.1492
vn 0.0157 0.0472 -0.9988
vn 0.0158 0.0472 -0.9988
vn 0.7021 0.7021 0.1183
vn -0.0236 -0.0471 0.9986
vn -0.7021 -0.7021 -0.1184
vn -0.7021 -0.7021 -0.1183
vn 0.0236 -0.0394 0.9989
vn 0.0236 -0.0393 0.9989
vn 0.0078 0.0550 -0.9985
vn 0.0079 0.0550 -0.9985
vn 0.6450 0.7551 0.1180
vn -0.0079 -0.0550 0.9985
vn -0.6450 -0.7551 -0.1180
vn -0.6449 -0.7551 -0.1180
vn -0.6430 0.7528 0.1411
vn -0.6430 0.7528 0.1412
vn 0.6398 -0.7504 -0.1659
vn 0.7021 0.7021 0.1184
vn -0.0314 -0.0472 0.9984
vn -0.0157 0.0315 -0.9994
vn -0.6841 0.7155 0.1415
vn 0.0316 0.2683 -0.9628
vn 0.0315 0.2683 -0.9628
vn 0.7414 0.6309 0.2287
vn -0.0395 -0.2609 0.9645
vn -0.0396 -0.2609 0.9645
vn -0.7414 -0.6309 -0.2287
vn -0.0157 0.2518 -0.9677
vn -0.7346 0.6161 0.2844
vn -0.7346 0.6161 0.2843
vn 0.0316 -0.2610 0.9648
vn 0.7347 -0.6083 -0.3002
vn -0.7565 -0.6540 -0.0000
vn -0.0000 -0.6150 0.7885
vn 0.7565 -0.6540 -0.0000
vn -0.0000 -0.6150 -0.7885
vn -0.0000 0.2277 0.9737
vn -0.0000 0.2278 0.9737
vn -0.0000 0.2278 -0.9737
vn -0.0000 0.2277 -0.9737
vn 0.9821 0.1886 -0.0000
vn 0.9821 0.1885 -0.0000
vn -0.9820 0.1887 -0.0000
vn -0.9821 0.1886 -0.0000
vn -0.9989 0.0472 -0.0079
vn 0.9989 0.0472 -0.0079
vn -0.0079 0.0472 0.9989
vn -0.6870 -0.2369 -0.6870
vn -0.7071 -0.0000 -0.7071
vn -0.0000 -0.2370 -0.9715
vn 0.6870 -0.2369 -0.6869
vn 0.7071 -0.0000 -0.7071
vn 0.9715 -0.2370 -0.0000
vn 0.6870 -0.2369 0.6870
vn 0.7071 -0.0000 0.7071
vn -0.0000 -0.2369 0.9715
vn -0.6870 -0.2369 0.6870
vn -0.7071 -0.0000 0.7071
vn -0.9715 -0.2369 -0.0000
vn 0.4809 0.7331 0.4809
vn 0.6832 0.7303 -0.0000
vn 0.4809 0.7331 -0.4809
vn -0.0000 0.7303 -0.6832
vn -0.4809 0.7331 -0.4809
vn -0.6832 0.7303 -0.0000
vn -0.4809 0.7331 0.4809
vn -0.0000 0.7303 0.6832
vn -0.6869 -0.2369 -0.6870
vn 0.6870 -0.2369 -0.6870
vn -0.9715 -0.2370 -0.0000
vn -0.0001 -1.0000 -0.0000
vn 0.0001 -1.0000 -0.0000
vn -0.1260 0.7247 0.6774
vn -0.1260 0.7247 0.6775
vn -0.0000 -0.0472 -0.9989
vn -0.0000 0.0472 0.9989
vn -0.0000 -0.0315 -0.9995
vn -0.0000 -0.2277 -0.9737
vn -0.0000 -0.0314 -0.9995
vn -0.0000 -0.0315 0.9995
vn -0.0000 -0.2127 0.9771
vn -0.0000 -0.0314 0.9995
vn -0.0000 -0.0472 0.9989
vn 0.1260 0.7247 0.6774
vn -0.1421 -0.7420 0.6552
vn -0.1421 0.7420 -0.6552
vn 0.6774 0.7247 -0.1260
vn 0.6775 0.7247 -0.1260
vn -0.6774 -0.7247 -0.1260
vn -0.6775 -0.7247 -0.1260
vn -0.6774 -0.7247 -0.1261
vn -0.6552 0.7420 0.1421
vn -0.9989 0.0472 -0.0000
vn 0.9989 0.0472 -0.0000
vn -0.0000 -0.0471 -0.9989
vn 0.9715 -0.2369 -0.0000
vn -0.6870 -0.2369 -0.6869
vn -0.1260 -0.7247 -0.6774
vn -0.1261 -0.7246 -0.6776
vn -0.1261 -0.7247 -0.6774
vn 0.1421 0.7420 -0.6552
vn -0.9984 -0.0550 -0.0157
vn 0.1261 -0.7247 -0.6774
vn 0.1260 -0.7248 -0.6774
vn 0.1260 -0.7247 -0.6774
vn 0.1421 -0.7420 0.6552
vn -0.6774 -0.7247 0.1260
vn -0.6775 -0.7247 0.1260
vn -0.6774 -0.7247 0.1261
vn -0.6552 0.7420 -0.1421
vn 0.6552 -0.7420 0.1421
vn 0.6774 0.7247 0.1260
vn -0.0157 -0.0550 0.9984
vn 0.6552 -0.7420 -0.1421
vn 0.6551 -0.7420 -0.1421
vn -0.0000 0.0314 0.9995
vn -0.0000 0.0315 0.9995
vn -0.0000 0.2369 0.9715
vn 0.9995 -0.0315 -0.0000
vn 0.9995 -0.0314 -0.0000
vn 0.9849 -0.1733 -0.0000
vn 0.9771 -0.2128 -0.0000
vn 0.2845 -0.2529 -0.9247
vn -0.9995 0.0315 -0.0000
vn -0.9995 0.0314 -0.0000
vn -0.9737 0.2277 -0.0000
vn 0.9989 -0.0472 -0.0000
vn -0.9995 -0.0315 -0.0000
vn -0.9848 -0.1734 -0.0000
vn -0.9849 -0.1733 -0.0000
vn -0.9772 -0.2125 -0.0000
vn -0.2053 -0.2448 -0.9476
vn -0.2054 -0.2448 -0.9476
vn 0.9995 0.0315 -0.0000
vn 0.9995 0.0314 -0.0000
vn 0.9754 0.2203 -0.0000
vn 0.9754 0.2202 -0.0000
vn -0.0000 0.0315 -0.9995
vn -0.0000 0.0314 -0.9995
vn -0.0000 0.2369 -0.9715
vn 0.9849 -0.1732 -0.0000
vn 0.2049 -0.2207 0.9536
vn 0.0002 -1.0000 -0.0000
vn -0.0002 -1.0000 -0.0000
vn -0.0000 0.0472 -0.9989
vn -0.0000 0.0471 -0.9989
vn -0.0000 0.2370 -0.9715
vn -0.9995 -0.0314 -0.0000
vn -0.9855 -0.1577 -0.0631
vn -0.0000 -0.2518 0.9678
vn -0.9754 -0.2202 -0.0000
vn -0.0000 -0.2053 0.9787
vn -0.9989 -0.0472 -0.0000
vn 0.9984 -0.0550 -0.0157
vn -0.0157 -0.0550 -0.9984
vn -0.6150 -0.7885 -0.0000
vn -0.3313 -0.8834 -0.3313
vn -0.4661 -0.8847 -0.0000
vn -0.4341 -0.7893 -0.4342
vn -0.9955 -0.0948 -0.0000
vn -0.0000 -0.7885 -0.6150
vn -0.0000 -0.8847 -0.4661
vn 0.3313 -0.8834 -0.3313
vn -0.7039 -0.0949 -0.7039
vn -0.0000 -0.0948 -0.9955
vn -0.4566 0.7636 -0.4566
vn -0.6456 0.7637 -0.0000
vn 0.4341 -0.7893 -0.4342
vn -0.6953 0.1817 -0.6953
vn -0.9835 0.1809 -0.0000
vn -0.0000 0.7637 -0.6456
vn 0.7039 -0.0950 -0.7039
vn 0.4566 0.7636 -0.4566
vn 0.9955 -0.0948 -0.0000
vn 0.6151 -0.7885 -0.0000
vn 0.4661 -0.8847 -0.0000
vn 0.4341 -0.7893 0.4341
vn 0.3313 -0.8835 0.3313
vn 0.6456 0.7637 -0.0000
vn -0.0000 -0.7885 0.6150
vn -0.0000 -0.8847 0.4661
vn -0.3313 -0.8835 0.3313
vn 0.7039 -0.0949 0.7039
vn -0.4341 -0.7893 0.4341
vn -0.0000 -0.0948 0.9955
vn -0.7039 -0.0950 0.7039
vn -0.4566 0.7636 0.4566
vn 0.4566 0.7636 0.4566
vn -0.0000 0.7637 0.6456
vn -0.6953 0.1817 0.6953
vn -0.0000 0.1809 0.9835
vn -0.7039 -0.0949 0.7039
vn 0.6953 0.1817 0.6953
vn 0.9835 0.1809 -0.0000
vn 0.6953 0.1817 -0.6953
vn 0.6150 -0.7885 -0.0000
vn -0.0000 0.1810 -0.9835
vn 0.4342 -0.7893 -0.4342
vn -0.0000 -0.0947 -0.9955
vn 0.7039 -0.0949 -0.7039
vn -0.9835 0.1810 -0.0000
vn -0.4342 -0.7893 -0.4341
vn 0.4341 -0.7893 -0.4341
vn -0.4342 -0.7893 -0.4342
vn -0.0000 0.1809 -0.9835
vn -0.4265 0.7976 -0.4265
vn -0.6063 0.7952 -0.0000
vn -0.0000 0.7952 -0.6063
vn 0.4265 0.7976 -0.4265
vn 0.6063 0.7952 -0.0000
vn 0.4265 0.7976 0.4265
vn -0.0000 0.7952 0.6063
vn 0.7039 -0.0950 0.7039
vn -0.4265 0.7976 0.4265
vn -0.0000 0.1810 0.9835
vn 0.9835 0.1810 -0.0000
vn -0.6151 -0.7885 -0.0000
vn -0.3313 -0.8835 -0.3313
vn -0.9955 -0.0947 -0.0000
vn 0.4342 -0.7893 -0.4341
vn -0.4341 -0.7893 -0.4341
vn 0.9955 -0.0947 -0.0000
vn -0.0000 -0.0949 0.9955
vn -0.6953 0.1817 -0.6954
vn -0.6953 0.1817 0.6954
vn 0.3313 -0.8835 -0.3313
vn -0.7039 -0.0950 -0.7039
vn 0.7039 -0.0948 0.7039
vn -0.4250 0.7950 0.4329
vn 0.6953 0.1817 0.6954
vn 0.4342 -0.7893 0.4341
vn -0.4342 -0.7893 0.4341
vt 0.330078 0.482422
vt 0.373291 0.478027
vt 0.373047 0.483398
vt 0.330322 0.477539
vt 0.330078 0.489258
vt 0.373047 0.491699
vt 0.330078 0.490723
vt 0.373047 0.490234
vt 0.373047 0.484863
vt 0.330078 0.483887
vt 0.328613 0.483887
vt 0.328613 0.489258
vt 0.374512 0.483398
vt 0.374756 0.478027
vt 0.327393 0.510986
vt 0.370605 0.506348
vt 0.370361 0.511719
vt 0.327637 0.505615
vt 0.327393 0.517578
vt 0.370361 0.519775
vt 0.327393 0.519043
vt 0.370361 0.518555
vt 0.370361 0.513184
vt 0.327393 0.512451
vt 0.325928 0.512207
vt 0.325928 0.517578
vt 0.371826 0.511719
vt 0.371826 0.506348
vt 0.331543 0.712646
vt 0.420410 0.712891
vt 0.415283 0.717041
vt 0.326660 0.717529
vt 0.331543 0.724365
vt 0.420410 0.722412
vt 0.420410 0.723389
vt 0.331543 0.723389
vt 0.415039 0.718018
vt 0.326660 0.718506
vt 0.325928 0.719238
vt 0.330811 0.724121
vt 0.420898 0.713379
vt 0.415771 0.717773
vt 0.782715 0.480469
vt 0.863770 0.475586
vt 0.869141 0.479980
vt 0.777832 0.475586
vt 0.869141 0.480957
vt 0.782715 0.481445
vt 0.863770 0.485352
vt 0.777832 0.486328
vt 0.863770 0.474609
vt 0.777832 0.474609
vt 0.864258 0.486328
vt 0.869629 0.481445
vt 0.777344 0.485840
vt 0.782227 0.480469
vt 0.231445 0.532227
vt 0.307617 0.532227
vt 0.302246 0.536377
vt 0.225830 0.536621
vt 0.231445 0.542969
vt 0.307617 0.541260
vt 0.307861 0.541992
vt 0.231323 0.541992
vt 0.302246 0.537109
vt 0.225830 0.537598
vt 0.225220 0.538330
vt 0.230835 0.542725
vt 0.308105 0.532959
vt 0.302734 0.537109
vt 0.230225 0.522949
vt 0.299072 0.518311
vt 0.304688 0.522461
vt 0.224854 0.518555
vt 0.304688 0.523438
vt 0.230225 0.523682
vt 0.299072 0.527588
vt 0.224731 0.528076
vt 0.299072 0.517578
vt 0.224731 0.517822
vt 0.299561 0.528320
vt 0.305176 0.523926
vt 0.224243 0.527344
vt 0.229736 0.522949
vt 0.555176 0.352051
vt 0.603516 0.353027
vt 0.597168 0.358398
vt 0.551758 0.357422
vt 0.555176 0.364258
vt 0.603027 0.365723
vt 0.555176 0.365234
vt 0.603027 0.364746
vt 0.597168 0.358887
vt 0.551758 0.358398
vt 0.554199 0.364258
vt 0.551270 0.358887
vt 0.604004 0.353516
vt 0.597656 0.358887
vt 0.410156 0.375488
vt 0.452148 0.369629
vt 0.453369 0.375977
vt 0.406494 0.369629
vt 0.406494 0.381836
vt 0.451904 0.383301
vt 0.451904 0.384277
vt 0.406250 0.382812
vt 0.410156 0.376465
vt 0.453369 0.376953
vt 0.405518 0.380859
vt 0.409424 0.375488
vt 0.452881 0.369141
vt 0.454346 0.375488
vt 0.136963 0.553223
vt 0.002291 0.553467
vt 0.136719 0.549805
vt 0.001900 0.549561
vt 0.001910 0.544434
vt 0.136719 0.544678
vt 0.140015 0.549805
vt 0.137573 0.548340
vt 0.140015 0.548340
vt 0.136963 0.554688
vt 0.002296 0.555176
vt 0.002026 0.543213
vt 0.136719 0.543701
vt 0.137573 0.544678
vt 0.001830 0.539551
vt 0.136963 0.539795
vt 0.136963 0.557129
vt 0.001833 0.558105
vt 0.492920 0.103027
vt 0.351074 0.103027
vt 0.491699 0.098145
vt 0.349609 0.098145
vt 0.350098 0.094238
vt 0.492188 0.094727
vt 0.496826 0.098633
vt 0.493164 0.097168
vt 0.496826 0.097656
vt 0.351074 0.104004
vt 0.493164 0.104004
vt 0.350342 0.092773
vt 0.492432 0.093262
vt 0.493408 0.094727
vt 0.492188 0.090820
vt 0.350098 0.089844
vt 0.492188 0.107422
vt 0.350098 0.107910
vt 0.514648 0.352051
vt 0.549316 0.353516
vt 0.544922 0.357910
vt 0.510742 0.356934
vt 0.514648 0.362793
vt 0.549316 0.364258
vt 0.514648 0.363770
vt 0.549316 0.363281
vt 0.545410 0.358887
vt 0.510742 0.357910
vt 0.513672 0.363281
vt 0.509766 0.358398
vt 0.545898 0.358398
vt 0.550293 0.354492
vt 0.532715 0.852051
vt 0.563965 0.846558
vt 0.565918 0.852539
vt 0.528320 0.847290
vt 0.527832 0.857544
vt 0.563477 0.859375
vt 0.563477 0.860229
vt 0.527832 0.858643
vt 0.532715 0.853027
vt 0.565918 0.853394
vt 0.527344 0.856812
vt 0.531738 0.852173
vt 0.566895 0.852295
vt 0.564453 0.846191
vt 0.505859 0.591797
vt 0.519043 0.593994
vt 0.516602 0.598633
vt 0.504883 0.596924
vt 0.517090 0.605713
vt 0.504395 0.604248
vt 0.504395 0.603271
vt 0.517090 0.604736
vt 0.516602 0.599609
vt 0.504883 0.597900
vt 0.503418 0.603027
vt 0.503906 0.597656
vt 0.517578 0.599121
vt 0.519531 0.594238
vt 0.385986 0.076172
vt 0.408447 0.071289
vt 0.412354 0.076660
vt 0.380615 0.072754
vt 0.408447 0.082520
vt 0.380371 0.081055
vt 0.380127 0.080078
vt 0.408203 0.083008
vt 0.385986 0.077148
vt 0.412354 0.077148
vt 0.379883 0.079590
vt 0.385498 0.076172
vt 0.413086 0.076172
vt 0.409180 0.070801
vt 0.694824 0.527588
vt 0.646973 0.526611
vt 0.688477 0.532959
vt 0.643555 0.532227
vt 0.646973 0.538818
vt 0.694824 0.540527
vt 0.694824 0.539551
vt 0.646484 0.539795
vt 0.688477 0.533936
vt 0.643555 0.533203
vt 0.645996 0.539307
vt 0.642578 0.533691
vt 0.695801 0.528320
vt 0.689453 0.533691
vt 0.698242 0.478516
vt 0.656250 0.484375
vt 0.699707 0.484863
vt 0.652832 0.479004
vt 0.652832 0.490723
vt 0.698242 0.493164
vt 0.698242 0.492188
vt 0.652832 0.491699
vt 0.656250 0.485352
vt 0.699707 0.485840
vt 0.651855 0.490234
vt 0.655762 0.484863
vt 0.699219 0.478027
vt 0.700684 0.484863
vt 0.814453 0.601318
vt 0.949219 0.600830
vt 0.948730 0.597412
vt 0.813965 0.597168
vt 0.813965 0.592041
vt 0.948730 0.592285
vt 0.952148 0.597656
vt 0.949707 0.596191
vt 0.952148 0.595947
vt 0.949219 0.602295
vt 0.814453 0.602783
vt 0.813965 0.590820
vt 0.948730 0.591309
vt 0.949707 0.592285
vt 0.949219 0.587402
vt 0.813965 0.587158
vt 0.949219 0.604980
vt 0.813965 0.605713
vt 0.770996 0.666992
vt 0.913086 0.666992
vt 0.912109 0.662109
vt 0.770020 0.662109
vt 0.770020 0.658203
vt 0.912109 0.658691
vt 0.916992 0.662598
vt 0.913574 0.661377
vt 0.916992 0.661621
vt 0.771484 0.668213
vt 0.913574 0.667969
vt 0.912598 0.657227
vt 0.770508 0.656982
vt 0.913574 0.658936
vt 0.912598 0.654785
vt 0.770508 0.654053
vt 0.912598 0.671631
vt 0.770508 0.671875
vt 0.522949 0.296875
vt 0.488281 0.294922
vt 0.518555 0.301270
vt 0.484131 0.300293
vt 0.488281 0.306152
vt 0.522461 0.307617
vt 0.522949 0.306641
vt 0.488037 0.307129
vt 0.518555 0.302246
vt 0.484375 0.300781
vt 0.487305 0.306641
vt 0.483398 0.301270
vt 0.519043 0.301758
vt 0.523438 0.297363
vt 0.381592 0.505859
vt 0.412842 0.500488
vt 0.377197 0.501221
vt 0.415283 0.506592
vt 0.376953 0.511475
vt 0.412598 0.514160
vt 0.412598 0.513428
vt 0.376953 0.512451
vt 0.381592 0.506836
vt 0.415283 0.507324
vt 0.376221 0.510742
vt 0.380859 0.506104
vt 0.416016 0.506104
vt 0.413574 0.500000
vt 0.558105 0.255371
vt 0.569824 0.257324
vt 0.559082 0.250000
vt 0.571777 0.252441
vt 0.557617 0.261719
vt 0.570312 0.264160
vt 0.570312 0.263184
vt 0.557129 0.262695
vt 0.569824 0.258301
vt 0.558105 0.256348
vt 0.556641 0.261719
vt 0.557129 0.256348
vt 0.570801 0.257812
vt 0.572754 0.252930
vt 0.502441 0.462402
vt 0.524902 0.457520
vt 0.496826 0.458984
vt 0.528809 0.462891
vt 0.524414 0.468750
vt 0.496582 0.467773
vt 0.524414 0.469727
vt 0.496582 0.466797
vt 0.501953 0.463379
vt 0.528809 0.463867
vt 0.496094 0.465820
vt 0.501953 0.462402
vt 0.529297 0.462402
vt 0.525391 0.457031
vt 0.787109 0.490234
vt 0.872559 0.490723
vt 0.867676 0.495117
vt 0.782715 0.495605
vt 0.787109 0.501465
vt 0.872559 0.501465
vt 0.787598 0.502441
vt 0.872559 0.500488
vt 0.867676 0.496094
vt 0.782715 0.496582
vt 0.781738 0.497070
vt 0.786621 0.502197
vt 0.873047 0.491211
vt 0.868164 0.495605
vt 0.463867 0.218750
vt 0.541504 0.213867
vt 0.546875 0.218262
vt 0.459229 0.213379
vt 0.463867 0.219727
vt 0.546387 0.219238
vt 0.541504 0.224121
vt 0.459229 0.225098
vt 0.459229 0.212891
vt 0.541504 0.212891
vt 0.541992 0.224609
vt 0.547363 0.219727
vt 0.458740 0.224121
vt 0.463135 0.219238
vt 0.428223 0.729004
vt 0.502930 0.729248
vt 0.497803 0.733398
vt 0.422607 0.733643
vt 0.428223 0.739990
vt 0.502930 0.738281
vt 0.502930 0.739258
vt 0.427979 0.739014
vt 0.497559 0.734375
vt 0.422607 0.734619
vt 0.422119 0.735352
vt 0.427490 0.739746
vt 0.503418 0.729980
vt 0.498291 0.734131
vt 0.248657 0.507812
vt 0.316406 0.503174
vt 0.321777 0.507324
vt 0.243408 0.503418
vt 0.321777 0.508545
vt 0.248535 0.509033
vt 0.316406 0.512939
vt 0.243286 0.513672
vt 0.316406 0.501953
vt 0.243286 0.502197
vt 0.317139 0.513672
vt 0.322754 0.509521
vt 0.242554 0.512695
vt 0.247925 0.508057
vt 0.645020 0.513672
vt 0.692871 0.509033
vt 0.692871 0.514404
vt 0.645020 0.508301
vt 0.645020 0.520264
vt 0.692383 0.522461
vt 0.645020 0.521729
vt 0.692871 0.520996
vt 0.692871 0.515625
vt 0.645020 0.515137
vt 0.643555 0.515137
vt 0.643555 0.520264
vt 0.694336 0.514404
vt 0.694336 0.509033
vt 0.386963 0.393066
vt 0.434570 0.388184
vt 0.434570 0.393555
vt 0.386963 0.387695
vt 0.386719 0.399414
vt 0.434570 0.401855
vt 0.386719 0.400879
vt 0.434570 0.400391
vt 0.434570 0.395020
vt 0.386963 0.394531
vt 0.385498 0.394531
vt 0.385498 0.399414
vt 0.436035 0.393555
vt 0.436035 0.388184
vt 0.154663 0.447266
vt 0.248047 0.447266
vt 0.243164 0.452148
vt 0.149902 0.452148
vt 0.248047 0.457520
vt 0.154663 0.459473
vt 0.154663 0.458496
vt 0.248169 0.458496
vt 0.243042 0.452637
vt 0.149902 0.453613
vt 0.149170 0.454102
vt 0.153931 0.459473
vt 0.248657 0.447754
vt 0.243652 0.452637
vt 0.684570 0.639893
vt 0.770508 0.634766
vt 0.775391 0.639648
vt 0.679688 0.634766
vt 0.775391 0.640381
vt 0.684570 0.640869
vt 0.770508 0.645264
vt 0.679688 0.646240
vt 0.770508 0.634033
vt 0.679688 0.633789
vt 0.770996 0.645996
vt 0.775879 0.641113
vt 0.679199 0.645508
vt 0.683594 0.640137
vt 0.255859 0.573486
vt 0.335449 0.573486
vt 0.330322 0.577881
vt 0.250488 0.578125
vt 0.255859 0.584717
vt 0.335449 0.582764
vt 0.335693 0.583740
vt 0.255859 0.583740
vt 0.330078 0.578613
vt 0.250488 0.579102
vt 0.250000 0.579834
vt 0.255127 0.584473
vt 0.336182 0.574219
vt 0.330811 0.578369
vt 0.702637 0.528564
vt 0.774902 0.523926
vt 0.780273 0.528320
vt 0.697266 0.523926
vt 0.780273 0.529053
vt 0.702148 0.529541
vt 0.774902 0.533447
vt 0.697266 0.534180
vt 0.774902 0.522949
vt 0.697266 0.523193
vt 0.775391 0.534180
vt 0.780762 0.529785
vt 0.696777 0.533447
vt 0.701660 0.528809
vt 0.517090 0.660400
vt 0.564941 0.661377
vt 0.558594 0.666748
vt 0.513672 0.666016
vt 0.517090 0.672607
vt 0.564941 0.674316
vt 0.516602 0.673828
vt 0.564941 0.673340
vt 0.558594 0.667725
vt 0.513672 0.666992
vt 0.515625 0.673096
vt 0.512695 0.667480
vt 0.565918 0.662109
vt 0.559082 0.667480
vt 0.499023 0.688232
vt 0.541016 0.682617
vt 0.541992 0.688965
vt 0.495605 0.682861
vt 0.495361 0.694824
vt 0.541016 0.696289
vt 0.540527 0.697266
vt 0.495361 0.696045
vt 0.499023 0.689453
vt 0.542480 0.689941
vt 0.494385 0.694092
vt 0.498291 0.688721
vt 0.541992 0.682373
vt 0.543457 0.688721
vt 0.708496 0.846680
vt 0.573730 0.847046
vt 0.708008 0.843018
vt 0.573242 0.842773
vt 0.573242 0.837524
vt 0.708008 0.837769
vt 0.711914 0.843140
vt 0.708984 0.841675
vt 0.711914 0.841553
vt 0.708496 0.848267
vt 0.573730 0.848633
vt 0.573242 0.836304
vt 0.708008 0.836792
vt 0.708984 0.837769
vt 0.573242 0.832520
vt 0.708496 0.832886
vt 0.708496 0.851074
vt 0.573242 0.851929
vt 0.344727 0.782959
vt 0.202637 0.783081
vt 0.343506 0.778076
vt 0.201416 0.778198
vt 0.201782 0.773804
vt 0.343994 0.774292
vt 0.348633 0.778564
vt 0.344971 0.777222
vt 0.348633 0.777466
vt 0.202759 0.784424
vt 0.344971 0.784058
vt 0.202148 0.772461
vt 0.344238 0.772949
vt 0.345215 0.774414
vt 0.343994 0.770264
vt 0.201904 0.769287
vt 0.343994 0.787598
vt 0.201904 0.788086
vt 0.460938 0.772095
vt 0.495605 0.773804
vt 0.491211 0.778076
vt 0.456787 0.776978
vt 0.460693 0.783203
vt 0.495361 0.784546
vt 0.460693 0.784302
vt 0.495361 0.783691
vt 0.491455 0.779053
vt 0.456787 0.778076
vt 0.459961 0.783813
vt 0.455811 0.778564
vt 0.496338 0.774536
vt 0.491943 0.778809
vt 0.508789 0.577393
vt 0.540039 0.572021
vt 0.542480 0.577881
vt 0.504395 0.572510
vt 0.503906 0.583008
vt 0.540039 0.584961
vt 0.539551 0.585693
vt 0.503906 0.584229
vt 0.508789 0.578369
vt 0.542480 0.578857
vt 0.503418 0.582275
vt 0.508301 0.577637
vt 0.541016 0.571533
vt 0.543457 0.577637
vt 0.453125 0.957886
vt 0.466064 0.960144
vt 0.463867 0.964966
vt 0.452148 0.963226
vt 0.464355 0.972046
vt 0.451172 0.970673
vt 0.451416 0.969635
vt 0.464355 0.971130
vt 0.463623 0.965881
vt 0.452148 0.964264
vt 0.450439 0.969406
vt 0.451172 0.964020
vt 0.464600 0.965332
vt 0.466797 0.960510
vt 0.519043 0.526611
vt 0.541016 0.521729
vt 0.544922 0.526855
vt 0.513184 0.523193
vt 0.541016 0.532959
vt 0.513184 0.531982
vt 0.513184 0.530762
vt 0.541016 0.533936
vt 0.518555 0.527588
vt 0.544922 0.527832
vt 0.512695 0.529785
vt 0.518066 0.526611
vt 0.545898 0.526367
vt 0.541992 0.521240
vt 0.668457 0.414062
vt 0.620605 0.413086
vt 0.662109 0.419434
vt 0.617188 0.418945
vt 0.620117 0.425781
vt 0.668457 0.427246
vt 0.668457 0.426270
vt 0.620117 0.426758
vt 0.662109 0.420410
vt 0.617188 0.419922
vt 0.619141 0.426270
vt 0.616211 0.420410
vt 0.669434 0.415039
vt 0.662598 0.420410
vt 0.638184 0.534180
vt 0.596191 0.540039
vt 0.639160 0.540527
vt 0.592285 0.534424
vt 0.592285 0.546631
vt 0.637695 0.549072
vt 0.637695 0.547852
vt 0.592285 0.547852
vt 0.596191 0.541260
vt 0.639160 0.541504
vt 0.591309 0.545898
vt 0.595215 0.540527
vt 0.639160 0.533936
vt 0.640137 0.540283
vt 0.368652 0.126465
vt 0.503418 0.126465
vt 0.502930 0.122559
vt 0.368164 0.122070
vt 0.368164 0.117188
vt 0.502930 0.117188
vt 0.506836 0.122559
vt 0.503906 0.121094
vt 0.506836 0.121094
vt 0.503418 0.127930
vt 0.368652 0.128418
vt 0.368164 0.115723
vt 0.502930 0.116211
vt 0.503906 0.117188
vt 0.503418 0.112305
vt 0.367920 0.111816
vt 0.503418 0.130371
vt 0.367920 0.131348
vt 0.527344 0.095703
vt 0.669922 0.095215
vt 0.668457 0.090332
vt 0.526367 0.090820
vt 0.526855 0.086426
vt 0.668945 0.086914
vt 0.673340 0.091309
vt 0.669922 0.089844
vt 0.673828 0.089844
vt 0.527832 0.097168
vt 0.669922 0.096680
vt 0.669434 0.085449
vt 0.527344 0.084961
vt 0.670410 0.086914
vt 0.668945 0.082520
vt 0.526855 0.081543
vt 0.668945 0.100098
vt 0.526855 0.100586
vt 0.432373 0.438965
vt 0.397705 0.437012
vt 0.428223 0.443359
vt 0.393555 0.441895
vt 0.397705 0.448242
vt 0.432129 0.449707
vt 0.432129 0.448730
vt 0.397461 0.449219
vt 0.428223 0.444336
vt 0.393555 0.442871
vt 0.396729 0.448730
vt 0.392822 0.443359
vt 0.433105 0.439453
vt 0.428711 0.443848
vt 0.395508 0.459473
vt 0.426514 0.454102
vt 0.390869 0.454590
vt 0.428955 0.459961
vt 0.390625 0.464844
vt 0.426270 0.467773
vt 0.426514 0.466797
vt 0.390625 0.466309
vt 0.395508 0.460449
vt 0.428955 0.460938
vt 0.389893 0.464355
vt 0.394775 0.459473
vt 0.427490 0.453613
vt 0.429932 0.459473
vt 0.487061 0.166016
vt 0.498779 0.167480
vt 0.488037 0.160645
vt 0.500977 0.162598
vt 0.486328 0.172363
vt 0.499023 0.174805
vt 0.499268 0.173828
vt 0.486084 0.173340
vt 0.498535 0.168457
vt 0.486816 0.166992
vt 0.485107 0.171875
vt 0.485840 0.166504
vt 0.499512 0.167969
vt 0.501465 0.163086
vt 0.501465 0.479004
vt 0.523926 0.474121
vt 0.496094 0.475586
vt 0.527832 0.479492
vt 0.523926 0.485352
vt 0.495850 0.484375
vt 0.523438 0.486328
vt 0.495605 0.483398
vt 0.501465 0.479980
vt 0.527832 0.480469
vt 0.495361 0.482422
vt 0.500977 0.479004
vt 0.528320 0.479004
vt 0.524414 0.473633
vt 0.762207 0.435059
vt 0.852539 0.435547
vt 0.847656 0.440430
vt 0.757812 0.440918
vt 0.762207 0.447266
vt 0.852539 0.446777
vt 0.762207 0.448242
vt 0.852539 0.446289
vt 0.847656 0.441406
vt 0.757812 0.441895
vt 0.757324 0.442383
vt 0.761719 0.447754
vt 0.853027 0.436035
vt 0.848633 0.440918
vt 0.324463 0.702393
vt 0.407471 0.697021
vt 0.412109 0.702148
vt 0.320068 0.697021
vt 0.324463 0.703369
vt 0.412109 0.702881
vt 0.407227 0.708008
vt 0.320068 0.708740
vt 0.320068 0.696045
vt 0.407227 0.696289
vt 0.407959 0.708496
vt 0.412842 0.703369
vt 0.319580 0.708252
vt 0.323730 0.702637
vt 0.500977 0.809570
vt 0.579590 0.809814
vt 0.574219 0.814209
vt 0.496094 0.814331
vt 0.500977 0.821045
vt 0.579590 0.819458
vt 0.579590 0.820312
vt 0.500977 0.820068
vt 0.574219 0.815063
vt 0.495850 0.815308
vt 0.495361 0.816162
vt 0.500488 0.820923
vt 0.580078 0.810547
vt 0.574707 0.814941
vt 0.252197 0.469727
vt 0.323486 0.464844
vt 0.328857 0.469238
vt 0.247070 0.464844
vt 0.328857 0.470703
vt 0.251953 0.471191
vt 0.323486 0.475098
vt 0.246948 0.475586
vt 0.323486 0.463379
vt 0.246948 0.463867
vt 0.324463 0.476074
vt 0.329590 0.471191
vt 0.246216 0.475098
vt 0.251221 0.470215
vt 0.541504 0.375488
vt 0.584473 0.371094
vt 0.541504 0.370117
vt 0.584473 0.376465
vt 0.541504 0.383789
vt 0.584473 0.384277
vt 0.541504 0.382324
vt 0.584473 0.382812
vt 0.584473 0.377930
vt 0.541504 0.376953
vt 0.540039 0.376953
vt 0.540039 0.382324
vt 0.585938 0.376465
vt 0.585938 0.371094
vt 0.548828 0.570312
vt 0.591797 0.565918
vt 0.548828 0.565186
vt 0.591797 0.571289
vt 0.548828 0.578613
vt 0.591797 0.579346
vt 0.548828 0.577148
vt 0.591797 0.577881
vt 0.591797 0.572754
vt 0.548828 0.571777
vt 0.547363 0.571777
vt 0.547363 0.577148
vt 0.593262 0.571289
vt 0.593262 0.565918
vt 0.222656 0.524170
vt 0.133789 0.523926
vt 0.217407 0.528564
vt 0.128784 0.528809
vt 0.222656 0.533691
vt 0.133911 0.535889
vt 0.222656 0.534668
vt 0.133911 0.534912
vt 0.217407 0.529297
vt 0.128784 0.529785
vt 0.128174 0.530518
vt 0.133179 0.535645
vt 0.223145 0.524902
vt 0.218018 0.529297
vt 0.819824 0.566895
vt 0.738770 0.572021
vt 0.825195 0.571533
vt 0.733887 0.566895
vt 0.825195 0.572510
vt 0.738770 0.572754
vt 0.733887 0.577881
vt 0.819824 0.576904
vt 0.819824 0.566162
vt 0.733887 0.566162
vt 0.820312 0.577637
vt 0.825684 0.572998
vt 0.733398 0.577148
vt 0.738281 0.572266
vt 0.731445 0.399414
vt 0.655273 0.399414
vt 0.726074 0.403809
vt 0.649902 0.403809
vt 0.731445 0.408691
vt 0.655273 0.410156
vt 0.731445 0.409180
vt 0.655273 0.409180
vt 0.726074 0.404297
vt 0.649414 0.404785
vt 0.648926 0.405762
vt 0.654785 0.410156
vt 0.731934 0.400391
vt 0.726562 0.404297
vt 0.690918 0.368164
vt 0.622070 0.373047
vt 0.696289 0.372559
vt 0.616699 0.368652
vt 0.696289 0.373535
vt 0.622070 0.373535
vt 0.616699 0.377930
vt 0.690918 0.377441
vt 0.690918 0.367676
vt 0.616699 0.367676
vt 0.691406 0.377930
vt 0.696777 0.374023
vt 0.616211 0.377441
vt 0.621582 0.373047
vt 0.298584 0.183594
vt 0.250488 0.182617
vt 0.292236 0.188965
vt 0.247070 0.187988
vt 0.298340 0.195312
vt 0.250488 0.194824
vt 0.298340 0.196289
vt 0.250244 0.195801
vt 0.292236 0.189453
vt 0.247192 0.188965
vt 0.249512 0.194824
vt 0.246216 0.189453
vt 0.299072 0.184082
vt 0.292725 0.189453
vt 0.667969 0.450195
vt 0.625977 0.456055
vt 0.669434 0.456543
vt 0.622559 0.450195
vt 0.667969 0.463867
vt 0.622559 0.462402
vt 0.667969 0.464844
vt 0.622559 0.463379
vt 0.669434 0.457520
vt 0.625977 0.457031
vt 0.621582 0.461426
vt 0.625488 0.456055
vt 0.668945 0.449707
vt 0.670410 0.456055
vt 0.526855 0.118652
vt 0.661621 0.118164
vt 0.661133 0.114746
vt 0.526367 0.114746
vt 0.526367 0.109375
vt 0.661133 0.109863
vt 0.664551 0.115234
vt 0.662109 0.113770
vt 0.664551 0.113281
vt 0.526855 0.120117
vt 0.661621 0.120117
vt 0.661133 0.108887
vt 0.526367 0.108398
vt 0.662109 0.109863
vt 0.526367 0.104492
vt 0.661621 0.104980
vt 0.661621 0.122559
vt 0.526367 0.123047
vt 0.235596 0.832764
vt 0.377686 0.832642
vt 0.376465 0.827759
vt 0.234375 0.827881
vt 0.234741 0.823975
vt 0.376709 0.824341
vt 0.381348 0.828247
vt 0.377930 0.826904
vt 0.381592 0.827271
vt 0.235718 0.833862
vt 0.377686 0.833618
vt 0.235107 0.822510
vt 0.376953 0.822998
vt 0.378174 0.824463
vt 0.376709 0.820557
vt 0.234741 0.819702
vt 0.376709 0.837158
vt 0.234741 0.837524
vt 0.503418 0.560059
vt 0.537598 0.561035
vt 0.507324 0.555176
vt 0.541992 0.556885
vt 0.541992 0.566406
vt 0.507324 0.566162
vt 0.541992 0.567383
vt 0.507324 0.567139
vt 0.538086 0.562012
vt 0.503418 0.561035
vt 0.506348 0.566650
vt 0.502441 0.561279
vt 0.538574 0.561768
vt 0.542969 0.557373
vt 0.496094 0.571777
vt 0.465088 0.577393
vt 0.498535 0.577881
vt 0.460449 0.572510
vt 0.495850 0.584717
vt 0.460205 0.583008
vt 0.495850 0.585693
vt 0.460205 0.583984
vt 0.498535 0.578857
vt 0.464844 0.578369
vt 0.459473 0.582031
vt 0.464355 0.577637
vt 0.499268 0.577637
vt 0.496826 0.571533
vt 0.499756 0.665283
vt 0.487061 0.663086
vt 0.497559 0.670166
vt 0.486084 0.668457
vt 0.498047 0.676270
vt 0.485107 0.674805
vt 0.498047 0.677002
vt 0.485107 0.675781
vt 0.497559 0.670898
vt 0.485840 0.669434
vt 0.484375 0.674561
vt 0.484863 0.669189
vt 0.498291 0.670410
vt 0.500488 0.665771
vt 0.481689 0.477051
vt 0.459473 0.481934
vt 0.485596 0.481934
vt 0.453857 0.478516
vt 0.481689 0.488281
vt 0.453613 0.486816
vt 0.481445 0.488770
vt 0.453613 0.485840
vt 0.485596 0.482910
vt 0.459229 0.482910
vt 0.453125 0.484863
vt 0.458740 0.481934
vt 0.486328 0.481445
vt 0.482422 0.476562
vt 0.355469 0.546631
vt 0.310303 0.545898
vt 0.313721 0.540527
vt 0.361816 0.541260
vt 0.313721 0.552734
vt 0.361572 0.553223
vt 0.361572 0.554199
vt 0.313477 0.553711
vt 0.355469 0.547607
vt 0.310303 0.546875
vt 0.312744 0.552979
vt 0.309326 0.547363
vt 0.362305 0.541992
vt 0.355957 0.547363
vt 0.386963 0.439941
vt 0.345215 0.445801
vt 0.341553 0.440430
vt 0.388428 0.446289
vt 0.341309 0.452148
vt 0.386963 0.453613
vt 0.386719 0.454590
vt 0.341309 0.453613
vt 0.345215 0.446777
vt 0.388428 0.447266
vt 0.340576 0.451660
vt 0.344238 0.446289
vt 0.387939 0.439941
vt 0.389160 0.446289
vt 0.661621 0.249512
vt 0.795898 0.246094
vt 0.796387 0.249512
vt 0.661133 0.245605
vt 0.661133 0.240723
vt 0.795898 0.240723
vt 0.799316 0.246094
vt 0.796875 0.244629
vt 0.799316 0.244629
vt 0.796387 0.250977
vt 0.661621 0.251465
vt 0.661133 0.239258
vt 0.795898 0.239746
vt 0.796875 0.240723
vt 0.661133 0.235352
vt 0.796387 0.235840
vt 0.796387 0.253418
vt 0.661133 0.254395
vt 0.530273 0.922485
vt 0.671387 0.917480
vt 0.672363 0.922363
vt 0.529297 0.917603
vt 0.529297 0.913635
vt 0.671387 0.914124
vt 0.676270 0.917969
vt 0.672363 0.916687
vt 0.676270 0.916931
vt 0.530273 0.923706
vt 0.672363 0.923340
vt 0.529785 0.912292
vt 0.671875 0.912720
vt 0.672852 0.914246
vt 0.671387 0.910278
vt 0.529297 0.909363
vt 0.671387 0.926941
vt 0.529297 0.927368
vt 0.389404 0.470703
vt 0.424072 0.472656
vt 0.419678 0.477051
vt 0.385254 0.476074
vt 0.389160 0.481934
vt 0.423828 0.482422
vt 0.423828 0.483398
vt 0.389160 0.482910
vt 0.419922 0.478027
vt 0.385254 0.477051
vt 0.388428 0.482422
vt 0.384521 0.477051
vt 0.420410 0.477539
vt 0.424805 0.473145
vt 0.566406 0.457520
vt 0.535156 0.462891
vt 0.530762 0.458008
vt 0.568848 0.463379
vt 0.530762 0.468750
vt 0.566406 0.470215
vt 0.566406 0.471191
vt 0.530762 0.469727
vt 0.535156 0.463867
vt 0.568848 0.464355
vt 0.529785 0.467773
vt 0.534668 0.463379
vt 0.569824 0.463379
vt 0.567383 0.457031
vt 0.556641 0.266602
vt 0.566895 0.273926
vt 0.555664 0.271973
vt 0.569336 0.269043
vt 0.554688 0.278320
vt 0.567871 0.279785
vt 0.567383 0.280762
vt 0.554688 0.279297
vt 0.566895 0.274414
vt 0.555176 0.272949
vt 0.553711 0.278320
vt 0.554199 0.272949
vt 0.567871 0.273926
vt 0.569824 0.269043
vt 0.485352 0.521729
vt 0.463135 0.526611
vt 0.457520 0.523193
vt 0.489258 0.526855
vt 0.485352 0.532715
vt 0.457275 0.531738
vt 0.457275 0.530762
vt 0.485107 0.533691
vt 0.462891 0.527588
vt 0.489258 0.527832
vt 0.456787 0.529785
vt 0.462402 0.526611
vt 0.489990 0.526367
vt 0.486084 0.521240
vt 0.400391 0.652588
vt 0.314941 0.652100
vt 0.395264 0.656982
vt 0.310059 0.657471
vt 0.314941 0.664551
vt 0.400391 0.663330
vt 0.314941 0.663574
vt 0.400391 0.662598
vt 0.395264 0.657959
vt 0.310059 0.658447
vt 0.309326 0.659180
vt 0.314209 0.664307
vt 0.400879 0.653076
vt 0.395752 0.657715
vt 0.695312 0.618164
vt 0.617676 0.623535
vt 0.700684 0.623047
vt 0.612793 0.618164
vt 0.617676 0.624268
vt 0.700684 0.624023
vt 0.612793 0.629639
vt 0.695312 0.628906
vt 0.695312 0.617432
vt 0.612793 0.617432
vt 0.696289 0.629395
vt 0.701172 0.624512
vt 0.612305 0.628906
vt 0.617188 0.623535
vt 0.550781 0.259766
vt 0.475830 0.259277
vt 0.545410 0.263672
vt 0.470459 0.264160
vt 0.550781 0.268555
vt 0.475830 0.270508
vt 0.550781 0.269531
vt 0.475586 0.269531
vt 0.544922 0.264648
vt 0.470215 0.265137
vt 0.469727 0.265625
vt 0.475098 0.270020
vt 0.551270 0.260254
vt 0.545898 0.264648
vt 0.547852 0.869385
vt 0.480225 0.874146
vt 0.553223 0.873657
vt 0.475098 0.869629
vt 0.553223 0.874756
vt 0.480225 0.875305
vt 0.474854 0.879822
vt 0.547852 0.879150
vt 0.547852 0.868164
vt 0.474854 0.868530
vt 0.548828 0.880005
vt 0.554199 0.875610
vt 0.474121 0.878906
vt 0.479492 0.874390
vt 0.616699 0.437012
vt 0.664551 0.432129
vt 0.616699 0.431641
vt 0.664551 0.437500
vt 0.616699 0.444824
vt 0.664062 0.445801
vt 0.616699 0.443359
vt 0.664062 0.444336
vt 0.664551 0.438965
vt 0.616699 0.438477
vt 0.615234 0.438477
vt 0.615234 0.443359
vt 0.665527 0.437500
vt 0.666016 0.432129
vt 0.435547 0.629150
vt 0.483154 0.624512
vt 0.435547 0.623779
vt 0.483154 0.629639
vt 0.435303 0.637207
vt 0.482910 0.637939
vt 0.435303 0.635742
vt 0.483154 0.636475
vt 0.483154 0.631104
vt 0.435547 0.630371
vt 0.434082 0.630371
vt 0.433838 0.635742
vt 0.484619 0.629639
vt 0.484619 0.624512
vt 0.917969 0.613037
vt 0.824707 0.612793
vt 0.913086 0.617676
vt 0.820312 0.617920
vt 0.824707 0.625244
vt 0.917969 0.623047
vt 0.824707 0.624268
vt 0.918457 0.624023
vt 0.913086 0.618408
vt 0.820312 0.618896
vt 0.819336 0.619629
vt 0.824219 0.625000
vt 0.918945 0.613525
vt 0.914062 0.618164
vt 0.651367 0.234863
vt 0.565430 0.239746
vt 0.656250 0.239746
vt 0.561035 0.234375
vt 0.565430 0.240723
vt 0.656250 0.240234
vt 0.561035 0.246094
vt 0.651367 0.245117
vt 0.651367 0.233887
vt 0.560547 0.233887
vt 0.651855 0.245605
vt 0.657227 0.241211
vt 0.560059 0.245605
vt 0.564453 0.240234
vt 0.689941 0.352051
vt 0.610352 0.352051
vt 0.684570 0.356445
vt 0.604980 0.356445
vt 0.689941 0.361328
vt 0.610352 0.363281
vt 0.689941 0.362305
vt 0.610352 0.362305
vt 0.684570 0.356934
vt 0.604980 0.357422
vt 0.604004 0.358398
vt 0.609375 0.362793
vt 0.690430 0.352539
vt 0.685059 0.356934
vt 0.328125 0.558594
vt 0.255615 0.563477
vt 0.333252 0.562988
vt 0.250488 0.558838
vt 0.333496 0.563965
vt 0.255615 0.564209
vt 0.250488 0.568848
vt 0.328125 0.568359
vt 0.328125 0.557861
vt 0.250244 0.557861
vt 0.328613 0.569092
vt 0.333984 0.564453
vt 0.250000 0.568359
vt 0.255127 0.563721
vt 0.299561 0.165039
vt 0.251465 0.164062
vt 0.293213 0.170410
vt 0.248047 0.169922
vt 0.299316 0.177246
vt 0.251465 0.176270
vt 0.299316 0.178223
vt 0.251221 0.177734
vt 0.293213 0.171387
vt 0.248169 0.170898
vt 0.250488 0.176758
vt 0.247192 0.171387
vt 0.300293 0.166016
vt 0.293945 0.171387
vt 0.410889 0.552490
vt 0.369141 0.558350
vt 0.412354 0.558838
vt 0.365479 0.552734
vt 0.410889 0.566162
vt 0.365234 0.564941
vt 0.410889 0.567383
vt 0.365234 0.566162
vt 0.412354 0.559814
vt 0.369141 0.559570
vt 0.364258 0.564209
vt 0.368164 0.558838
vt 0.412109 0.552246
vt 0.413330 0.558594
vt 0.002356 0.500000
vt 0.137207 0.500000
vt 0.136841 0.496094
vt 0.001876 0.496094
vt 0.001890 0.490723
vt 0.136841 0.490723
vt 0.140503 0.496094
vt 0.137817 0.494629
vt 0.140503 0.494629
vt 0.002359 0.501709
vt 0.137207 0.501221
vt 0.136963 0.489746
vt 0.002033 0.489258
vt 0.137817 0.490723
vt 0.001841 0.485352
vt 0.137085 0.485840
vt 0.137085 0.504150
vt 0.001830 0.504883
vt 0.003096 0.451660
vt 0.145264 0.451660
vt 0.144043 0.446777
vt 0.001830 0.446777
vt 0.002249 0.442383
vt 0.144287 0.442871
vt 0.149048 0.447266
vt 0.145386 0.445801
vt 0.149048 0.446289
vt 0.003222 0.453125
vt 0.145386 0.452637
vt 0.002609 0.441406
vt 0.144653 0.441406
vt 0.145752 0.443359
vt 0.144409 0.438965
vt 0.002279 0.437988
vt 0.144409 0.456543
vt 0.002270 0.456543
vt 0.475830 0.646973
vt 0.510254 0.648193
vt 0.480225 0.642090
vt 0.514648 0.643799
vt 0.514648 0.653564
vt 0.479980 0.653320
vt 0.514648 0.654541
vt 0.479736 0.654297
vt 0.510254 0.649170
vt 0.476074 0.647949
vt 0.479004 0.653809
vt 0.475098 0.648438
vt 0.515625 0.644531
vt 0.511230 0.648926
vt 0.589355 0.509521
vt 0.558594 0.515137
vt 0.591797 0.515625
vt 0.553711 0.510254
vt 0.589355 0.522461
vt 0.553711 0.520752
vt 0.589355 0.523438
vt 0.553711 0.521973
vt 0.591797 0.516602
vt 0.558105 0.516113
vt 0.552734 0.520020
vt 0.557617 0.515381
vt 0.590332 0.509277
vt 0.592773 0.515381
vt 0.552246 0.234375
vt 0.539062 0.231934
vt 0.549805 0.238770
vt 0.538086 0.237305
vt 0.550293 0.245117
vt 0.537598 0.243652
vt 0.550293 0.246094
vt 0.537109 0.244629
vt 0.549805 0.239746
vt 0.538086 0.238281
vt 0.536621 0.243652
vt 0.537109 0.238281
vt 0.550781 0.239258
vt 0.552734 0.234375
vt 0.489258 0.505371
vt 0.466797 0.510010
vt 0.493164 0.510498
vt 0.461182 0.506592
vt 0.489014 0.516357
vt 0.460938 0.515381
vt 0.489014 0.517334
vt 0.460938 0.514404
vt 0.493164 0.511475
vt 0.466553 0.511230
vt 0.460449 0.513428
vt 0.466309 0.510254
vt 0.493896 0.510010
vt 0.489990 0.504639
vt 0.447998 0.646484
vt 0.402832 0.645752
vt 0.406250 0.640137
vt 0.454346 0.641113
vt 0.406250 0.652588
vt 0.454102 0.653320
vt 0.454102 0.654297
vt 0.406006 0.653809
vt 0.447998 0.647705
vt 0.402832 0.646973
vt 0.405273 0.653076
vt 0.401855 0.647461
vt 0.455078 0.642090
vt 0.448730 0.647461
vt 0.568359 0.590088
vt 0.526367 0.595947
vt 0.522949 0.590332
vt 0.569824 0.596436
vt 0.522461 0.602539
vt 0.568359 0.603760
vt 0.568359 0.604980
vt 0.522461 0.603760
vt 0.526367 0.597168
vt 0.569824 0.597412
vt 0.521973 0.601562
vt 0.525391 0.596191
vt 0.569336 0.589844
vt 0.570801 0.596191
vt 0.199219 0.760132
vt 0.333740 0.756104
vt 0.333984 0.759766
vt 0.198730 0.755737
vt 0.198730 0.750610
vt 0.333740 0.750854
vt 0.337402 0.756226
vt 0.334717 0.754639
vt 0.337402 0.754639
vt 0.333984 0.761353
vt 0.199219 0.761719
vt 0.198853 0.749268
vt 0.333740 0.749756
vt 0.334717 0.750854
vt 0.198730 0.745605
vt 0.333984 0.746094
vt 0.333984 0.764160
vt 0.198608 0.765015
vt 0.851074 0.407715
vt 0.991699 0.402832
vt 0.993164 0.407715
vt 0.849609 0.402832
vt 0.850098 0.398438
vt 0.992188 0.398926
vt 0.993164 0.401855
vt 0.997070 0.402344
vt 0.997070 0.403320
vt 0.851074 0.409180
vt 0.993164 0.408691
vt 0.850586 0.397461
vt 0.992676 0.397949
vt 0.993652 0.399414
vt 0.992188 0.395020
vt 0.850098 0.394043
vt 0.992188 0.412598
vt 0.850098 0.413086
vt 0.548828 0.145020
vt 0.583496 0.146973
vt 0.579102 0.150879
vt 0.544434 0.149902
vt 0.548340 0.156250
vt 0.583008 0.156738
vt 0.583008 0.157715
vt 0.548340 0.157227
vt 0.579102 0.151855
vt 0.544434 0.150879
vt 0.547852 0.156738
vt 0.543945 0.151367
vt 0.583984 0.147461
vt 0.579590 0.151855
vt 0.453125 0.509521
vt 0.422119 0.515137
vt 0.417480 0.510254
vt 0.455566 0.515625
vt 0.417236 0.520752
vt 0.452881 0.522705
vt 0.452881 0.523438
vt 0.417236 0.521973
vt 0.421875 0.516113
vt 0.455566 0.516602
vt 0.416504 0.520020
vt 0.421143 0.515381
vt 0.454102 0.509277
vt 0.456543 0.515381
vt 0.004631 0.412109
vt 0.015259 0.419434
vt 0.003651 0.417480
vt 0.017456 0.414551
vt 0.002844 0.424316
vt 0.015778 0.425781
vt 0.015656 0.426270
vt 0.002695 0.425293
vt 0.015121 0.420410
vt 0.003500 0.418457
vt 0.001830 0.423828
vt 0.002485 0.418457
vt 0.016113 0.419922
vt 0.018311 0.415039
vt 0.545898 0.505371
vt 0.523438 0.510010
vt 0.518066 0.506592
vt 0.549805 0.510498
vt 0.545898 0.516357
vt 0.517578 0.515381
vt 0.517578 0.514404
vt 0.545410 0.517334
vt 0.523438 0.511230
vt 0.549805 0.511475
vt 0.517090 0.513428
vt 0.522949 0.510254
vt 0.550293 0.510010
vt 0.546387 0.504639
vt 0.421387 0.728516
vt 0.331055 0.728027
vt 0.416504 0.733398
vt 0.326660 0.733643
vt 0.331299 0.740967
vt 0.421387 0.739990
vt 0.331055 0.739990
vt 0.421387 0.739014
vt 0.416504 0.734131
vt 0.326660 0.734619
vt 0.325928 0.735352
vt 0.330322 0.740723
vt 0.421875 0.729248
vt 0.417236 0.733887
vt 0.674805 0.285156
vt 0.591797 0.290527
vt 0.679688 0.290039
vt 0.587402 0.285156
vt 0.591797 0.291504
vt 0.679199 0.291016
vt 0.587402 0.296875
vt 0.674805 0.295898
vt 0.674805 0.284180
vt 0.587402 0.284180
vt 0.675293 0.296387
vt 0.680176 0.291504
vt 0.586914 0.296387
vt 0.590820 0.290527
vt 0.586914 0.130371
vt 0.508301 0.130371
vt 0.581543 0.134766
vt 0.503418 0.135254
vt 0.586914 0.140137
vt 0.508301 0.141602
vt 0.586914 0.141113
vt 0.508301 0.140625
vt 0.581543 0.135742
vt 0.502930 0.136230
vt 0.502441 0.136719
vt 0.507812 0.141602
vt 0.587402 0.131348
vt 0.582031 0.135742
vt 0.746582 0.419922
vt 0.675293 0.424805
vt 0.751953 0.424316
vt 0.669922 0.420410
vt 0.751953 0.425781
vt 0.674805 0.426270
vt 0.669922 0.431152
vt 0.746582 0.430176
vt 0.746582 0.418945
vt 0.669922 0.418945
vt 0.747559 0.431152
vt 0.752441 0.426270
vt 0.668945 0.430176
vt 0.674316 0.425293
vt 0.412598 0.828491
vt 0.494873 0.828369
vt 0.492676 0.837524
vt 0.423096 0.837646
vt 0.166016 0.589111
vt 0.263428 0.588867
vt 0.261230 0.597412
vt 0.163086 0.597412
vt 0.263672 0.606934
vt 0.166016 0.607910
vt 0.166016 0.606689
vt 0.263672 0.607910
vt 0.261230 0.598389
vt 0.163086 0.598633
vt 0.215820 0.382324
vt 0.309570 0.374023
vt 0.312256 0.382324
vt 0.213257 0.374023
vt 0.215698 0.383301
vt 0.312256 0.383301
vt 0.309570 0.391602
vt 0.213257 0.391602
vt 0.213135 0.373047
vt 0.309570 0.373047
vt 0.739258 0.394043
vt 0.844727 0.394043
vt 0.842285 0.403320
vt 0.736328 0.403320
vt 0.844727 0.413574
vt 0.739258 0.414551
vt 0.739258 0.413574
vt 0.844727 0.414551
vt 0.842285 0.404297
vt 0.736328 0.404297
vt 0.708984 0.614990
vt 0.810059 0.605713
vt 0.812988 0.614746
vt 0.706055 0.605957
vt 0.708984 0.616211
vt 0.812988 0.616211
vt 0.810059 0.625244
vt 0.706055 0.625488
vt 0.706055 0.604736
vt 0.810059 0.604492
vt 0.718262 0.581543
vt 0.810059 0.581787
vt 0.808105 0.589600
vt 0.715332 0.589355
vt 0.810059 0.598633
vt 0.718262 0.600098
vt 0.718262 0.598633
vt 0.810059 0.599609
vt 0.808105 0.590820
vt 0.715332 0.590820
vt 0.765625 0.461426
vt 0.854004 0.453613
vt 0.856445 0.461426
vt 0.763184 0.453613
vt 0.765625 0.462402
vt 0.856445 0.462402
vt 0.854004 0.470215
vt 0.763184 0.470215
vt 0.763184 0.452637
vt 0.854004 0.452637
vt 0.675293 0.435059
vt 0.753418 0.435547
vt 0.751953 0.442871
vt 0.673340 0.442871
vt 0.675293 0.451660
vt 0.753418 0.452637
vt 0.675293 0.453125
vt 0.753418 0.451660
vt 0.751953 0.443848
vt 0.673340 0.444336
vt 0.474121 0.282715
vt 0.548828 0.274902
vt 0.550293 0.282227
vt 0.472168 0.274902
vt 0.473877 0.283203
vt 0.550293 0.283203
vt 0.548828 0.291016
vt 0.472168 0.291016
vt 0.472168 0.274414
vt 0.548828 0.273926
vt 0.445312 0.237305
vt 0.531738 0.237793
vt 0.529785 0.245117
vt 0.442627 0.244629
vt 0.445312 0.253418
vt 0.531738 0.254395
vt 0.445312 0.254883
vt 0.531738 0.253418
vt 0.529785 0.246094
vt 0.442627 0.246094
vt 0.340820 0.356445
vt 0.424072 0.349121
vt 0.426270 0.356445
vt 0.338623 0.349121
vt 0.340820 0.357422
vt 0.426270 0.357422
vt 0.424072 0.364746
vt 0.338623 0.364746
vt 0.338379 0.348145
vt 0.424072 0.348145
vt 0.444824 0.311523
vt 0.511230 0.311523
vt 0.508789 0.318848
vt 0.441895 0.318848
vt 0.511230 0.327637
vt 0.444824 0.329102
vt 0.444824 0.327637
vt 0.511230 0.328613
vt 0.508789 0.320312
vt 0.441895 0.320312
vt 0.522461 0.648438
vt 0.586426 0.641113
vt 0.588867 0.648193
vt 0.519531 0.641113
vt 0.588867 0.649170
vt 0.522461 0.649414
vt 0.586426 0.656494
vt 0.519531 0.656738
vt 0.586426 0.640137
vt 0.519531 0.640381
vt 0.371338 0.224121
vt 0.381836 0.233398
vt 0.451416 0.233398
vt 0.453613 0.224121
vt 0.498047 0.917603
vt 0.400391 0.917786
vt 0.495850 0.926086
vt 0.397461 0.926025
vt 0.498047 0.935547
vt 0.400391 0.936584
vt 0.498047 0.936584
vt 0.400391 0.935425
vt 0.495850 0.927124
vt 0.397461 0.927185
vt 0.758789 0.548096
vt 0.852539 0.539551
vt 0.756348 0.539551
vt 0.854980 0.547852
vt 0.758789 0.549072
vt 0.854980 0.548828
vt 0.755859 0.557373
vt 0.852539 0.557129
vt 0.755859 0.538818
vt 0.852539 0.538574
vt 0.256836 0.422363
vt 0.151733 0.422852
vt 0.254395 0.431641
vt 0.148560 0.431641
vt 0.256836 0.441895
vt 0.151733 0.442871
vt 0.256836 0.442871
vt 0.151733 0.441895
vt 0.254395 0.432617
vt 0.148560 0.432617
vt 0.526855 0.196777
vt 0.627930 0.187500
vt 0.523926 0.187500
vt 0.630859 0.196289
vt 0.526367 0.197754
vt 0.630859 0.197754
vt 0.523926 0.207031
vt 0.627930 0.206543
vt 0.523926 0.186523
vt 0.627930 0.186035
vt 0.545410 0.018555
vt 0.453613 0.018555
vt 0.543457 0.026855
vt 0.450928 0.026367
vt 0.545410 0.035645
vt 0.453613 0.037109
vt 0.545410 0.036621
vt 0.453613 0.035645
vt 0.543457 0.027832
vt 0.450928 0.027832
vt 0.784180 0.515381
vt 0.872559 0.507324
vt 0.781738 0.507568
vt 0.875000 0.515137
vt 0.784180 0.516357
vt 0.875000 0.516113
vt 0.781738 0.524170
vt 0.872559 0.524170
vt 0.781738 0.506592
vt 0.872559 0.506592
vt 0.751465 0.545166
vt 0.673340 0.544922
vt 0.750000 0.552734
vt 0.671387 0.552490
vt 0.751465 0.561523
vt 0.673340 0.561523
vt 0.751465 0.562256
vt 0.673340 0.562988
vt 0.750000 0.553711
vt 0.671387 0.553955
vt 0.700195 0.510498
vt 0.774902 0.502686
vt 0.698242 0.502930
vt 0.776855 0.510254
vt 0.700195 0.511230
vt 0.776367 0.511230
vt 0.698242 0.518799
vt 0.774902 0.518799
vt 0.698242 0.501953
vt 0.774902 0.501953
vt 0.357910 0.597412
vt 0.271240 0.597168
vt 0.355713 0.604736
vt 0.268555 0.604492
vt 0.271240 0.614746
vt 0.357910 0.614258
vt 0.271240 0.613281
vt 0.357910 0.613281
vt 0.355713 0.605713
vt 0.268555 0.605957
vt 0.603516 0.339355
vt 0.687012 0.331543
vt 0.601074 0.331543
vt 0.688965 0.338867
vt 0.603516 0.340332
vt 0.688965 0.339844
vt 0.601074 0.347656
vt 0.687012 0.347168
vt 0.601074 0.331055
vt 0.687012 0.331055
vt 0.547852 0.888428
vt 0.481445 0.888306
vt 0.545410 0.895752
vt 0.478516 0.895447
vt 0.547852 0.904297
vt 0.481445 0.905884
vt 0.547852 0.905396
vt 0.481445 0.904236
vt 0.545410 0.896912
vt 0.478516 0.897095
vt 0.364990 0.619141
vt 0.428955 0.611816
vt 0.362305 0.611816
vt 0.431641 0.618896
vt 0.364990 0.620117
vt 0.431641 0.619873
vt 0.362305 0.627197
vt 0.428955 0.627197
vt 0.428955 0.610840
vt 0.362305 0.611084
vt 0.747070 0.695557
vt 0.666992 0.686523
vt 0.749512 0.686523
vt 0.677734 0.695801
vt 0.340820 0.237793
vt 0.436279 0.246094
vt 0.337891 0.246094
vt 0.438477 0.237305
vt 0.438477 0.255371
vt 0.340820 0.256348
vt 0.340820 0.255371
vt 0.438477 0.256348
vt 0.436279 0.247070
vt 0.337891 0.247070
vt 0.552734 0.220215
vt 0.646484 0.211914
vt 0.648926 0.220215
vt 0.550293 0.211914
vt 0.552734 0.221191
vt 0.648926 0.221191
vt 0.646484 0.229492
vt 0.549805 0.229492
vt 0.549805 0.210938
vt 0.646484 0.210938
vt 0.418213 0.843628
vt 0.520996 0.852661
vt 0.415039 0.852539
vt 0.523438 0.843506
vt 0.523438 0.862915
vt 0.418213 0.864014
vt 0.418213 0.862793
vt 0.523438 0.864014
vt 0.520996 0.853760
vt 0.415039 0.853882
vt 0.368408 0.802734
vt 0.469482 0.793457
vt 0.472412 0.802490
vt 0.365479 0.793701
vt 0.368408 0.803955
vt 0.472412 0.803711
vt 0.469482 0.812866
vt 0.365479 0.813110
vt 0.365479 0.792358
vt 0.469482 0.792236
vt 0.149780 0.463379
vt 0.239502 0.471680
vt 0.146973 0.471191
vt 0.241577 0.463867
vt 0.241577 0.480469
vt 0.149780 0.481934
vt 0.149658 0.480469
vt 0.241577 0.481445
vt 0.239502 0.472656
vt 0.146973 0.472656
vt 0.500000 0.794678
vt 0.588379 0.786621
vt 0.590820 0.794434
vt 0.498047 0.786743
vt 0.500000 0.795654
vt 0.590820 0.795410
vt 0.588379 0.803345
vt 0.497803 0.803467
vt 0.497803 0.785889
vt 0.588379 0.785767
vt 0.246094 0.479980
vt 0.322510 0.487793
vt 0.244019 0.487793
vt 0.323975 0.480469
vt 0.245972 0.496582
vt 0.323975 0.496582
vt 0.323975 0.497559
vt 0.245972 0.498047
vt 0.322510 0.488770
vt 0.244019 0.489258
vt 0.680664 0.465820
vt 0.755371 0.458008
vt 0.757324 0.465332
vt 0.679199 0.458008
vt 0.680664 0.466797
vt 0.757324 0.466309
vt 0.755371 0.474121
vt 0.679199 0.474121
vt 0.679199 0.457520
vt 0.755371 0.457031
vt 0.601562 0.309082
vt 0.686035 0.316406
vt 0.599121 0.315918
vt 0.688477 0.309082
vt 0.601562 0.324707
vt 0.688477 0.324707
vt 0.688477 0.325684
vt 0.601562 0.326172
vt 0.686035 0.317383
vt 0.599121 0.317871
vt 0.548340 0.687012
vt 0.631836 0.679443
vt 0.634277 0.686768
vt 0.546387 0.679688
vt 0.548340 0.687988
vt 0.634277 0.687744
vt 0.631836 0.695312
vt 0.546387 0.695312
vt 0.546387 0.678955
vt 0.631836 0.678711
vt 0.708496 0.478027
vt 0.772461 0.485840
vt 0.705566 0.485352
vt 0.774902 0.478516
vt 0.774902 0.494141
vt 0.708496 0.496094
vt 0.708496 0.494141
vt 0.774902 0.495117
vt 0.772461 0.486816
vt 0.705566 0.486816
vt 0.528809 0.308594
vt 0.592773 0.301270
vt 0.595703 0.308594
vt 0.526367 0.301758
vt 0.595215 0.309570
vt 0.528809 0.309570
vt 0.592773 0.316895
vt 0.525879 0.316895
vt 0.592773 0.300781
vt 0.525879 0.300781
vt 0.809082 0.360352
vt 0.729004 0.369629
vt 0.811523 0.369629
vt 0.739746 0.360352
vt 0.739746 0.379883
vt 0.809082 0.379883
vt 0.729492 0.370605
vt 0.811523 0.370605
vt 0.604980 0.161621
vt 0.507324 0.161621
vt 0.602539 0.169922
vt 0.504395 0.169922
vt 0.604980 0.179199
vt 0.507324 0.180176
vt 0.604980 0.180664
vt 0.507324 0.179199
vt 0.602539 0.170898
vt 0.504395 0.170898
vt 0.447998 0.770142
vt 0.354004 0.778687
vt 0.450439 0.778564
vt 0.351562 0.770386
vt 0.354004 0.779785
vt 0.450439 0.779541
vt 0.351318 0.788086
vt 0.447998 0.787964
vt 0.351318 0.769409
vt 0.447998 0.769287
vt 0.766113 0.650391
vt 0.660645 0.650391
vt 0.763672 0.659424
vt 0.657715 0.659424
vt 0.766113 0.669678
vt 0.660645 0.670898
vt 0.766113 0.670898
vt 0.660645 0.669678
vt 0.763672 0.660645
vt 0.657715 0.660645
vt 0.330322 0.349609
vt 0.229248 0.358887
vt 0.333252 0.358398
vt 0.226440 0.349609
vt 0.229126 0.359863
vt 0.333008 0.359863
vt 0.226440 0.369141
vt 0.330322 0.368652
vt 0.226318 0.348633
vt 0.330322 0.348145
vt 0.243408 0.546875
vt 0.151611 0.546875
vt 0.241333 0.554932
vt 0.148804 0.554688
vt 0.243408 0.563965
vt 0.151611 0.565430
vt 0.243408 0.564941
vt 0.151489 0.563965
vt 0.241333 0.555908
vt 0.148804 0.556152
vt 0.593262 0.764648
vt 0.504883 0.772705
vt 0.595703 0.772461
vt 0.502441 0.764771
vt 0.504883 0.773682
vt 0.595703 0.773438
vt 0.502441 0.781494
vt 0.593262 0.781372
vt 0.502441 0.763916
vt 0.593262 0.763794
vt 0.710449 0.579102
vt 0.632324 0.578857
vt 0.708984 0.586670
vt 0.630371 0.586426
vt 0.632324 0.595215
vt 0.710449 0.596191
vt 0.710449 0.595215
vt 0.632324 0.596680
vt 0.708984 0.587646
vt 0.630371 0.587891
vt 0.501953 0.708740
vt 0.427246 0.716553
vt 0.503906 0.716309
vt 0.425537 0.708984
vt 0.427246 0.717285
vt 0.503906 0.717285
vt 0.425537 0.724854
vt 0.501953 0.724854
vt 0.425537 0.708008
vt 0.501953 0.708008
vt 0.616699 0.711914
vt 0.530273 0.711670
vt 0.614746 0.719238
vt 0.527832 0.718994
vt 0.530273 0.727783
vt 0.616699 0.728760
vt 0.616699 0.727783
vt 0.530273 0.729248
vt 0.614746 0.720215
vt 0.527832 0.720459
vt 0.393066 0.631836
vt 0.309570 0.639404
vt 0.395264 0.639160
vt 0.307373 0.632080
vt 0.309570 0.640381
vt 0.395264 0.640137
vt 0.307373 0.647705
vt 0.393066 0.647705
vt 0.307373 0.631104
vt 0.392822 0.631104
vt 0.480225 0.658691
vt 0.413818 0.658447
vt 0.477783 0.666016
vt 0.410645 0.665771
vt 0.413818 0.676025
vt 0.480225 0.674561
vt 0.413574 0.674561
vt 0.480225 0.675537
vt 0.477783 0.667236
vt 0.410645 0.667236
vt 0.308838 0.241699
vt 0.245239 0.249512
vt 0.311768 0.249023
vt 0.242432 0.242188
vt 0.311768 0.250000
vt 0.245117 0.250000
vt 0.242432 0.257324
vt 0.308838 0.257324
vt 0.308838 0.241211
vt 0.242310 0.241211
vt 0.318115 0.090332
vt 0.327637 0.100098
vt 0.318115 0.100098
vt 0.327637 0.089844
vt 0.340576 0.163086
vt 0.341064 0.202637
vt 0.339600 0.164062
vt 0.339844 0.202148
vt 0.307617 0.164062
vt 0.340088 0.163086
vt 0.306885 0.163086
vt 0.308105 0.202148
vt 0.306641 0.163574
vt 0.307129 0.202637
vt 0.340576 0.203125
vt 0.307373 0.203125
vt 0.319824 0.266113
vt 0.329346 0.266113
vt 0.270996 0.147949
vt 0.309082 0.096191
vt 0.375977 0.146484
vt 0.336670 0.095703
vt 0.412354 0.827393
vt 0.492432 0.817993
vt 0.494873 0.827271
vt 0.422852 0.818115
vt 0.381592 0.213867
vt 0.453613 0.223145
vt 0.451416 0.213867
vt 0.371094 0.223145
vt 0.666992 0.685547
vt 0.747070 0.676270
vt 0.749512 0.685303
vt 0.677246 0.676270
vt 0.996582 0.520264
vt 0.996582 0.525635
vt 0.993652 0.520264
vt 0.993652 0.525635
vt 0.991211 0.520264
vt 0.991211 0.525635
vt 0.988281 0.520264
vt 0.988281 0.525635
vt 0.985840 0.520264
vt 0.985840 0.525635
vt 0.982910 0.520264
vt 0.982910 0.525635
vt 0.980469 0.520264
vt 0.980469 0.525635
vt 0.977539 0.520264
vt 0.977539 0.525635
vt 0.975098 0.520264
vt 0.975098 0.525635
vt 0.001830 0.408203
vt 0.001830 0.394043
vt 0.002876 0.408203
vt 0.002876 0.394043
vt 0.003922 0.408203
vt 0.003922 0.394043
vt 0.004963 0.408203
vt 0.004963 0.394043
vt 0.006012 0.408203
vt 0.006012 0.394043
vt 0.007053 0.408203
vt 0.007053 0.394043
vt 0.008095 0.408203
vt 0.008095 0.394043
vt 0.009140 0.408203
vt 0.009140 0.394043
vt 0.010185 0.408203
vt 0.010185 0.394043
vt 0.301514 0.089844
vt 0.301514 0.095215
vt 0.298828 0.089844
vt 0.298828 0.095215
vt 0.296143 0.089844
vt 0.296143 0.095215
vt 0.293457 0.089844
vt 0.293457 0.095215
vt 0.290771 0.089844
vt 0.290771 0.095215
vt 0.288086 0.089844
vt 0.288086 0.095215
vt 0.285400 0.089844
vt 0.285400 0.095215
vt 0.282715 0.089844
vt 0.282715 0.095215
vt 0.280029 0.089844
vt 0.280029 0.095215
vt 0.515137 0.115234
vt 0.515137 0.103516
vt 0.516113 0.115234
vt 0.516113 0.103516
vt 0.517090 0.115234
vt 0.517090 0.103516
vt 0.518066 0.115234
vt 0.518066 0.103516
vt 0.518555 0.115234
vt 0.518555 0.103516
vt 0.519531 0.115234
vt 0.519531 0.103516
vt 0.520508 0.115234
vt 0.520508 0.103516
vt 0.521484 0.115234
vt 0.521484 0.103516
vt 0.521973 0.115234
vt 0.521973 0.103516
vt 0.002684 0.955353
vt 0.002384 0.955292
vt 0.002802 0.944916
vt 0.001844 0.955170
vt 0.002602 0.944855
vt 0.001963 0.944733
vt 0.735352 0.699707
vt 0.653320 0.699951
vt 0.733398 0.708984
vt 0.655762 0.702393
vt 0.663086 0.708984
vt 0.735352 0.719482
vt 0.653320 0.719482
vt 0.735352 0.720947
vt 0.653320 0.719727
vt 0.653320 0.720947
vt 0.340820 0.322754
vt 0.258545 0.322754
vt 0.338623 0.332031
vt 0.261475 0.325195
vt 0.268311 0.332031
vt 0.996582 0.037109
vt 0.895508 0.037109
vt 0.996094 0.032227
vt 0.895508 0.034668
vt 0.895020 0.032227
vt 0.895020 0.012207
vt 0.996094 0.012207
vt 0.995605 0.022461
vt 0.895020 0.017090
vt 0.894531 0.022461
vt 0.033539 0.291016
vt 0.038452 0.432617
vt 0.038971 0.290527
vt 0.027237 0.046387
vt 0.032715 0.046387
vt 0.247559 0.947601
vt 0.388184 0.938843
vt 0.247192 0.952911
vt 0.002850 0.947083
vt 0.002769 0.952423
vt 0.025772 0.997534
vt 0.025696 0.997833
vt 0.015320 0.997416
vt 0.025589 0.998372
vt 0.015274 0.997616
vt 0.015144 0.998255
vt 0.001857 0.008301
vt 0.102844 0.008301
vt 0.002052 0.011719
vt 0.102905 0.009766
vt 0.103027 0.011719
vt 0.724609 0.333496
vt 0.806641 0.333496
vt 0.804688 0.342773
vt 0.727539 0.336426
vt 0.734375 0.342773
vt 0.724609 0.353516
vt 0.806641 0.353516
vt 0.806641 0.354492
vt 0.724609 0.354492
vt 0.423096 0.817383
vt 0.423096 0.817017
vt 0.492432 0.816895
vt 0.216553 0.619385
vt 0.298584 0.619141
vt 0.219360 0.621826
vt 0.296631 0.628418
vt 0.226318 0.628418
vt 0.216553 0.640381
vt 0.216675 0.639160
vt 0.298584 0.640381
vt 0.216797 0.638916
vt 0.298584 0.638916
vt 0.268555 0.332520
vt 0.268555 0.333008
vt 0.338623 0.333008
vt 0.895020 0.027832
vt 0.966309 0.895447
vt 0.966309 0.996405
vt 0.970703 0.895203
vt 0.976074 0.995918
vt 0.976074 0.894897
vt 0.961426 0.895691
vt 0.961426 0.996653
vt 0.963867 0.895569
vt 0.991699 0.895752
vt 0.991211 0.996685
vt 0.994141 0.895630
vt 0.997070 0.996435
vt 0.997070 0.895447
vt 0.981445 0.895203
vt 0.986328 0.895447
vt 0.986328 0.996418
vt 0.344971 0.966858
vt 0.445801 0.966858
vt 0.445312 0.976898
vt 0.344727 0.971573
vt 0.344482 0.976898
vt 0.344971 0.964355
vt 0.345215 0.962158
vt 0.446289 0.962158
vt 0.345215 0.991806
vt 0.446289 0.991798
vt 0.344971 0.994301
vt 0.446045 0.997128
vt 0.344971 0.997131
vt 0.103577 0.021973
vt 0.002537 0.021973
vt 0.103271 0.016602
vt 0.949707 0.552246
vt 0.952637 0.557617
vt 0.952637 0.552246
vt 0.949707 0.557617
vt 0.947266 0.552246
vt 0.947266 0.557617
vt 0.944336 0.552246
vt 0.944336 0.557617
vt 0.941895 0.552246
vt 0.941895 0.557617
vt 0.938965 0.552246
vt 0.938965 0.557617
vt 0.936523 0.552246
vt 0.936523 0.557617
vt 0.933594 0.552246
vt 0.933594 0.557617
vt 0.931152 0.552246
vt 0.931152 0.557617
vt 0.567871 0.830688
vt 0.568848 0.842163
vt 0.568848 0.830688
vt 0.567871 0.842163
vt 0.567383 0.830688
vt 0.567383 0.842163
vt 0.566406 0.830688
vt 0.566406 0.842163
vt 0.565430 0.830688
vt 0.565430 0.842163
vt 0.564453 0.830688
vt 0.564453 0.842163
vt 0.563965 0.830688
vt 0.563965 0.842163
vt 0.562988 0.842163
vt 0.562988 0.830688
vt 0.562012 0.842163
vt 0.562012 0.830688
vt 0.268555 0.152344
vt 0.271240 0.157715
vt 0.271240 0.152344
vt 0.268555 0.157715
vt 0.265869 0.152344
vt 0.265869 0.157715
vt 0.263184 0.152344
vt 0.263184 0.157715
vt 0.260498 0.152344
vt 0.260498 0.157715
vt 0.257812 0.152344
vt 0.257812 0.157715
vt 0.255127 0.152344
vt 0.255127 0.157715
vt 0.252441 0.152344
vt 0.252441 0.157715
vt 0.250000 0.152344
vt 0.250000 0.157715
vt 0.538574 0.145996
vt 0.539551 0.157227
vt 0.539551 0.145996
vt 0.538574 0.157227
vt 0.537598 0.145996
vt 0.537598 0.157227
vt 0.537109 0.157227
vt 0.537109 0.145996
vt 0.536133 0.157227
vt 0.536133 0.145996
vt 0.535156 0.145996
vt 0.535156 0.157227
vt 0.534668 0.145996
vt 0.534668 0.157227
vt 0.533691 0.157227
vt 0.533691 0.145996
vt 0.532715 0.157227
vt 0.532715 0.145996
vt 0.734375 0.343750
vt 0.734375 0.344238
vt 0.804688 0.344238
vt 0.412598 0.828247
vt 0.733398 0.710205
vt 0.656250 0.716797
vt 0.663086 0.710449
vt 0.663086 0.709961
vt 0.381836 0.213379
vt 0.381836 0.212891
vt 0.451416 0.212891
vt 0.226440 0.629395
vt 0.226562 0.629883
vt 0.296631 0.629639
vt 0.666992 0.686279
vt 0.677734 0.675049
vt 0.747070 0.675049
vt 0.677246 0.675537
vt 0.258789 0.342285
vt 0.258789 0.342773
vt 0.340820 0.342285
vt 0.340820 0.343750
vt 0.258545 0.343750
vt 0.261719 0.339844
vt 0.739746 0.359863
vt 0.739746 0.359375
vt 0.809082 0.359375
vt 0.922363 0.996593
vt 0.931641 0.753296
vt 0.932617 0.997131
vt 0.921875 0.752075
vt 0.930176 0.611084
vt 0.928223 0.610840
vt 0.917969 0.996094
vt 0.917480 0.751343
vt 0.924316 0.610107
vt 0.912109 0.996178
vt 0.911621 0.751709
vt 0.947266 0.995979
vt 0.951660 0.751709
vt 0.952637 0.996056
vt 0.946289 0.751221
vt 0.941895 0.609863
vt 0.942871 0.996487
vt 0.941406 0.751831
vt 0.936523 0.609863
vt 0.996094 0.042480
vt 0.895508 0.039551
vt 0.895020 0.042480
vt 0.996094 0.001953
vt 0.895508 0.004883
vt 0.895020 0.001953
vt 0.996582 0.007324
vt 0.895508 0.007324
vt 0.895508 0.009766
vt 0.018448 0.290039
vt 0.022018 0.046387
vt 0.011902 0.045898
vt 0.028442 0.290527
vt 0.031097 0.431641
vt 0.034119 0.432129
vt 0.037628 0.046387
vt 0.043793 0.291016
vt 0.048370 0.290527
vt 0.042236 0.045898
vt 0.043030 0.432129
vt 0.001830 0.046875
vt 0.008698 0.291992
vt 0.025375 0.433594
vt 0.245728 0.932983
vt 0.002346 0.942169
vt 0.001830 0.932068
vt 0.246826 0.942841
vt 0.387939 0.935364
vt 0.388184 0.937622
vt 0.247314 0.913330
vt 0.003056 0.917297
vt 0.002998 0.912109
vt 0.247803 0.918457
vt 0.388672 0.920776
vt 0.247070 0.923096
vt 0.002512 0.921997
vt 0.388916 0.929504
vt 0.066284 0.955353
vt 0.066162 0.944916
vt 0.066589 0.955292
vt 0.067139 0.955170
vt 0.066406 0.944855
vt 0.067017 0.944733
vt 0.344727 0.982239
vt 0.344971 0.986938
vt 0.446045 0.986938
vt 0.025772 0.929810
vt 0.015320 0.929932
vt 0.025696 0.929504
vt 0.025589 0.928955
vt 0.015274 0.929749
vt 0.015144 0.929077
vt 0.996094 0.075684
vt 0.752930 0.066406
vt 0.996582 0.065918
vt 0.751465 0.076172
vt 0.610352 0.067383
vt 0.610352 0.070312
vt 0.995605 0.079590
vt 0.750977 0.080078
vt 0.608887 0.075684
vt 0.995605 0.086426
vt 0.751465 0.086426
vt 0.995605 0.052246
vt 0.751465 0.046875
vt 0.995605 0.045898
vt 0.750977 0.052734
vt 0.608887 0.058105
vt 0.996094 0.055664
vt 0.751465 0.056641
vt 0.609375 0.061523
vt 0.002131 0.001953
vt 0.102966 0.005371
vt 0.103149 0.001953
vt 0.002131 0.042480
vt 0.102905 0.039062
vt 0.103149 0.042480
vt 0.001830 0.035645
vt 0.102783 0.035645
vt 0.002041 0.031738
vt 0.102905 0.034180
vt 0.103027 0.031738
vt 0.103271 0.027344
vt 0.727539 0.350586
vt 0.219604 0.636230
vt 0.956543 0.996431
vt 0.959473 0.895569
vt 0.956543 0.895447
vt 0.989258 0.895630
vt 0.446045 0.956970
vt 0.344971 0.959747
vt 0.344971 0.956970
vt 0.344971 0.989525
vt 0.002659 0.971436
vt 0.002764 0.978592
vt 0.002306 0.971512
vt 0.001631 0.971634
vt 0.001727 0.978790
vt 0.002800 0.981461
vt 0.002556 0.981522
vt 0.001761 0.981644
vt 0.041840 0.929810
vt 0.041901 0.929443
vt 0.048981 0.929932
vt 0.042023 0.928772
vt 0.049194 0.928894
vt 0.051880 0.929932
vt 0.051910 0.929688
vt 0.052063 0.928894
vt 0.066345 0.971436
vt 0.066650 0.971512
vt 0.066223 0.978592
vt 0.067383 0.971634
vt 0.067261 0.978790
vt 0.066162 0.981461
vt 0.066406 0.981522
vt 0.067200 0.981644
vt 0.041840 0.997559
vt 0.048981 0.997454
vt 0.041901 0.997911
vt 0.042023 0.998587
vt 0.049194 0.998490
vt 0.051880 0.997417
vt 0.051910 0.997660
vt 0.052063 0.998456
vt 0.065369 0.934937
vt 0.065369 0.932800
vt 0.066711 0.934937
vt 0.068115 0.931396
vt 0.068115 0.934937
vt 0.065369 0.930420
vt 0.068115 0.927368
vt 0.064148 0.927368
vt 0.062805 0.930420
vt 0.060577 0.928955
vt 0.060577 0.927368
vt 0.060577 0.930420
vt 0.003466 0.992428
vt 0.003466 0.994320
vt 0.001842 0.992428
vt 0.000000 0.995975
vt 0.000000 0.992428
vt 0.003466 0.996464
vt 0.000000 1.000000
vt 0.004025 1.000000
vt 0.005650 0.996464
vt 0.007572 0.998120
vt 0.007572 1.000000
vt 0.007572 0.996464
vt 0.003551 0.934937
vt 0.001888 0.934937
vt 0.003551 0.933105
vt 0.000000 0.931396
vt 0.000000 0.934937
vt 0.003551 0.931030
vt 0.000000 0.927368
vt 0.004025 0.927368
vt 0.005688 0.931030
vt 0.007572 0.929321
vt 0.007572 0.931030
vt 0.007572 0.927368
vt 0.060577 0.996111
vt 0.062500 0.996111
vt 0.060577 0.997934
vt 0.064148 1.000000
vt 0.060577 1.000000
vt 0.064697 0.996111
vt 0.068115 1.000000
vt 0.068115 0.995975
vt 0.064697 0.994156
vt 0.066284 0.992428
vt 0.068115 0.992428
vt 0.064697 0.992428
vt 0.570312 0.418457
vt 0.568359 0.423340
vt 0.567383 0.421387
vt 0.571777 0.421875
vt 0.572754 0.416992
vt 0.571777 0.425781
vt 0.568359 0.426270
vt 0.568359 0.429688
vt 0.573242 0.421875
vt 0.573242 0.425781
vt 0.574707 0.421875
vt 0.575684 0.417969
vt 0.571777 0.429688
vt 0.578613 0.422852
vt 0.578613 0.420898
vt 0.581055 0.417969
vt 0.575195 0.425781
vt 0.573730 0.429688
vt 0.582031 0.421875
vt 0.583496 0.416992
vt 0.575195 0.429688
vt 0.573730 0.433594
vt 0.571777 0.433594
vt 0.568359 0.433594
vt 0.571777 0.437012
vt 0.568359 0.437012
vt 0.575195 0.433594
vt 0.571777 0.440918
vt 0.568359 0.440430
vt 0.568359 0.443359
vt 0.573730 0.437012
vt 0.571777 0.444824
vt 0.567383 0.445312
vt 0.570312 0.448730
vt 0.572754 0.449707
vt 0.573242 0.440918
vt 0.573242 0.445312
vt 0.574707 0.444824
vt 0.575684 0.449219
vt 0.578613 0.445801
vt 0.575195 0.437012
vt 0.575195 0.440918
vt 0.578613 0.443848
vt 0.582031 0.444824
vt 0.581055 0.448730
vt 0.583496 0.449707
vt 0.578613 0.440918
vt 0.583496 0.445312
vt 0.582031 0.440918
vt 0.578613 0.437012
vt 0.583496 0.440918
vt 0.578613 0.433594
vt 0.582031 0.437012
vt 0.578613 0.429688
vt 0.582031 0.433594
vt 0.578613 0.426270
vt 0.582031 0.425781
vt 0.582031 0.429688
vt 0.583496 0.433594
vt 0.583496 0.425781
vt 0.583496 0.421387
vt 0.583496 0.429688
vt 0.584961 0.421875
vt 0.586426 0.417969
vt 0.585449 0.429688
vt 0.585449 0.425781
vt 0.588867 0.422852
vt 0.588867 0.420898
vt 0.591309 0.417969
vt 0.588867 0.426270
vt 0.592285 0.421875
vt 0.593750 0.416992
vt 0.592285 0.425781
vt 0.588867 0.429688
vt 0.594238 0.421387
vt 0.585449 0.433594
vt 0.595703 0.421875
vt 0.596680 0.417969
vt 0.593750 0.425781
vt 0.599121 0.422852
vt 0.599609 0.420898
vt 0.602539 0.417969
vt 0.595215 0.425781
vt 0.592285 0.429688
vt 0.603027 0.421875
vt 0.605469 0.417480
vt 0.599121 0.426270
vt 0.604492 0.421875
vt 0.602539 0.425781
vt 0.605957 0.422363
vt 0.608398 0.418945
vt 0.604004 0.425781
vt 0.609863 0.424805
vt 0.610840 0.423828
vt 0.605469 0.426270
vt 0.609863 0.427246
vt 0.609863 0.430176
vt 0.605469 0.429688
vt 0.603516 0.429688
vt 0.605469 0.433594
vt 0.609863 0.433594
vt 0.602051 0.429688
vt 0.603516 0.433594
vt 0.605469 0.437012
vt 0.609863 0.436523
vt 0.602051 0.433594
vt 0.605469 0.440918
vt 0.609863 0.439453
vt 0.609863 0.441895
vt 0.603516 0.437012
vt 0.605957 0.444336
vt 0.610840 0.443359
vt 0.608398 0.447754
vt 0.605469 0.449219
vt 0.604004 0.440918
vt 0.604492 0.444824
vt 0.603027 0.444824
vt 0.602539 0.448730
vt 0.599121 0.446289
vt 0.602051 0.437012
vt 0.602539 0.440918
vt 0.599121 0.443848
vt 0.595703 0.445312
vt 0.596680 0.449219
vt 0.593750 0.449707
vt 0.599121 0.440918
vt 0.593750 0.445312
vt 0.598633 0.437012
vt 0.595215 0.440918
vt 0.593750 0.441406
vt 0.592285 0.444824
vt 0.591309 0.448730
vt 0.588867 0.445801
vt 0.595215 0.437012
vt 0.598633 0.433594
vt 0.593750 0.437500
vt 0.598633 0.429688
vt 0.595215 0.433594
vt 0.595215 0.429688
vt 0.593750 0.433594
vt 0.593750 0.429688
vt 0.592285 0.437012
vt 0.592285 0.433594
vt 0.588867 0.433594
vt 0.592285 0.440918
vt 0.588867 0.437012
vt 0.585449 0.437012
vt 0.588867 0.440918
vt 0.583496 0.437012
vt 0.585449 0.440918
vt 0.588867 0.443848
vt 0.584961 0.444824
vt 0.586426 0.449219
vt 0.526367 0.389160
vt 0.524414 0.394043
vt 0.523438 0.392090
vt 0.527832 0.392578
vt 0.528809 0.387695
vt 0.527832 0.396484
vt 0.524414 0.396973
vt 0.524414 0.400391
vt 0.529297 0.392578
vt 0.529297 0.396484
vt 0.530762 0.392578
vt 0.531738 0.388672
vt 0.527832 0.400391
vt 0.534668 0.393555
vt 0.534668 0.391602
vt 0.537109 0.388672
vt 0.531250 0.396484
vt 0.529297 0.400391
vt 0.538086 0.392578
vt 0.539551 0.387695
vt 0.531250 0.400391
vt 0.529297 0.404297
vt 0.527832 0.404297
vt 0.524414 0.404297
vt 0.527832 0.407715
vt 0.524414 0.407715
vt 0.531250 0.404297
vt 0.527832 0.411621
vt 0.524414 0.411133
vt 0.524414 0.414062
vt 0.529297 0.407715
vt 0.527832 0.415527
vt 0.523438 0.416016
vt 0.526367 0.419434
vt 0.528809 0.420410
vt 0.529297 0.411621
vt 0.529297 0.416016
vt 0.530762 0.415527
vt 0.531738 0.419922
vt 0.534668 0.416504
vt 0.531250 0.407715
vt 0.531250 0.411621
vt 0.534668 0.414551
vt 0.538086 0.415527
vt 0.537109 0.419434
vt 0.539551 0.420410
vt 0.534668 0.411621
vt 0.539551 0.416016
vt 0.538086 0.411621
vt 0.534668 0.407715
vt 0.539551 0.411621
vt 0.534668 0.404297
vt 0.538086 0.407715
vt 0.534668 0.400391
vt 0.538086 0.404297
vt 0.534668 0.396973
vt 0.538086 0.396484
vt 0.538086 0.400391
vt 0.539551 0.404297
vt 0.539551 0.396484
vt 0.539551 0.392090
vt 0.539551 0.400391
vt 0.541016 0.392578
vt 0.541992 0.388672
vt 0.541504 0.400391
vt 0.541016 0.396484
vt 0.544922 0.393555
vt 0.544922 0.391602
vt 0.547363 0.388672
vt 0.544922 0.396973
vt 0.548340 0.392578
vt 0.549805 0.387695
vt 0.548340 0.396484
vt 0.544922 0.400391
vt 0.549805 0.392090
vt 0.541504 0.404297
vt 0.551270 0.392578
vt 0.552246 0.388672
vt 0.549805 0.396484
vt 0.555176 0.393555
vt 0.555176 0.391602
vt 0.558594 0.388672
vt 0.551270 0.396484
vt 0.548340 0.400391
vt 0.558594 0.392578
vt 0.561523 0.388184
vt 0.555176 0.396973
vt 0.560547 0.392578
vt 0.558105 0.396484
vt 0.562012 0.393066
vt 0.563965 0.389648
vt 0.560059 0.396484
vt 0.565918 0.395508
vt 0.566406 0.394531
vt 0.561523 0.396973
vt 0.565918 0.397949
vt 0.565430 0.400879
vt 0.561035 0.400391
vt 0.559570 0.400391
vt 0.561035 0.404297
vt 0.565430 0.404297
vt 0.558105 0.400391
vt 0.559570 0.404297
vt 0.561035 0.407715
vt 0.565430 0.407227
vt 0.558105 0.404297
vt 0.561523 0.411621
vt 0.565918 0.410645
vt 0.565918 0.412598
vt 0.559570 0.407715
vt 0.562012 0.415039
vt 0.566406 0.414062
vt 0.563965 0.418945
vt 0.561035 0.420410
vt 0.559570 0.411621
vt 0.560547 0.415527
vt 0.558594 0.415527
vt 0.558105 0.419434
vt 0.555176 0.416992
vt 0.558105 0.407715
vt 0.558105 0.411621
vt 0.555176 0.414551
vt 0.551270 0.415527
vt 0.552246 0.419922
vt 0.549805 0.420410
vt 0.554688 0.411621
vt 0.549805 0.416016
vt 0.554688 0.407715
vt 0.551270 0.411621
vt 0.549805 0.412109
vt 0.548340 0.415527
vt 0.547363 0.419434
vt 0.544922 0.416504
vt 0.551270 0.407715
vt 0.554688 0.404297
vt 0.549805 0.408203
vt 0.554688 0.400391
vt 0.551270 0.404297
vt 0.551270 0.400391
vt 0.549805 0.404297
vt 0.549805 0.400391
vt 0.548340 0.407715
vt 0.547852 0.404297
vt 0.544922 0.404297
vt 0.548340 0.411621
vt 0.544922 0.407715
vt 0.541504 0.407715
vt 0.544922 0.411621
vt 0.539551 0.408203
vt 0.541016 0.411621
vt 0.544922 0.414551
vt 0.541016 0.415527
vt 0.541992 0.419922
vt 0.597656 0.502930
vt 0.599609 0.498047
vt 0.596680 0.500977
vt 0.601074 0.501709
vt 0.602051 0.496582
vt 0.601074 0.505615
vt 0.597656 0.505859
vt 0.597656 0.509277
vt 0.602539 0.501221
vt 0.601074 0.509277
vt 0.604004 0.501465
vt 0.604980 0.497559
vt 0.602539 0.505371
vt 0.607910 0.502441
vt 0.607910 0.500488
vt 0.610352 0.497559
vt 0.604492 0.505371
vt 0.603027 0.509277
vt 0.611328 0.501465
vt 0.612793 0.496582
vt 0.604492 0.509277
vt 0.603027 0.512939
vt 0.601074 0.512939
vt 0.597656 0.512939
vt 0.601074 0.516846
vt 0.597656 0.516602
vt 0.604492 0.512939
vt 0.601074 0.520508
vt 0.597656 0.520020
vt 0.597656 0.522949
vt 0.603027 0.516846
vt 0.601074 0.524414
vt 0.596680 0.524902
vt 0.599609 0.528076
vt 0.602051 0.529297
vt 0.603027 0.520752
vt 0.602539 0.524658
vt 0.604004 0.524658
vt 0.604980 0.528564
vt 0.607910 0.525635
vt 0.604492 0.516846
vt 0.604492 0.520508
vt 0.607910 0.523438
vt 0.607910 0.512939
vt 0.607910 0.520264
vt 0.607910 0.516846
vt 0.611328 0.520508
vt 0.611328 0.524414
vt 0.610352 0.528320
vt 0.612793 0.529541
vt 0.611328 0.516846
vt 0.612793 0.520752
vt 0.612793 0.524902
vt 0.614258 0.524658
vt 0.615723 0.528564
vt 0.618164 0.525391
vt 0.612793 0.516846
vt 0.618164 0.523438
vt 0.614746 0.520752
vt 0.614746 0.516846
vt 0.612793 0.512939
vt 0.611328 0.512939
vt 0.607910 0.509277
vt 0.607910 0.505615
vt 0.611328 0.509277
vt 0.611328 0.505371
vt 0.612793 0.505371
vt 0.612793 0.509277
vt 0.614746 0.509277
vt 0.612793 0.501221
vt 0.614258 0.501465
vt 0.615723 0.497559
vt 0.614746 0.505371
vt 0.618164 0.502441
vt 0.618164 0.500488
vt 0.620605 0.497559
vt 0.618164 0.505615
vt 0.621582 0.501465
vt 0.623047 0.496582
vt 0.621582 0.505371
vt 0.618164 0.509277
vt 0.623047 0.500977
vt 0.614746 0.512939
vt 0.625000 0.501221
vt 0.625977 0.497559
vt 0.623047 0.505127
vt 0.628418 0.502441
vt 0.628418 0.500244
vt 0.631836 0.498047
vt 0.624512 0.505371
vt 0.621582 0.509277
vt 0.632324 0.501709
vt 0.634766 0.497070
vt 0.628418 0.505615
vt 0.633789 0.501465
vt 0.631836 0.505371
vt 0.635254 0.501953
vt 0.637695 0.498535
vt 0.633301 0.505371
vt 0.639160 0.504395
vt 0.640137 0.503174
vt 0.634766 0.505615
vt 0.639160 0.506836
vt 0.639160 0.509766
vt 0.634766 0.509277
vt 0.634277 0.512939
vt 0.639160 0.512939
vt 0.632812 0.509277
vt 0.634766 0.516602
vt 0.639160 0.516113
vt 0.632812 0.512939
vt 0.631348 0.509277
vt 0.632812 0.516602
vt 0.627930 0.509277
vt 0.631348 0.512939
vt 0.631348 0.516846
vt 0.624512 0.509277
vt 0.627930 0.512939
vt 0.623047 0.509033
vt 0.624512 0.512939
vt 0.623047 0.512939
vt 0.624512 0.516846
vt 0.621582 0.512939
vt 0.623047 0.516846
vt 0.618164 0.512939
vt 0.621582 0.516846
vt 0.618164 0.516846
vt 0.623047 0.520752
vt 0.618164 0.520264
vt 0.621582 0.520508
vt 0.621582 0.524414
vt 0.620605 0.528320
vt 0.623047 0.529541
vt 0.623047 0.524902
vt 0.625000 0.524658
vt 0.625977 0.528564
vt 0.628418 0.525635
vt 0.624512 0.520752
vt 0.628418 0.523438
vt 0.627930 0.516846
vt 0.628418 0.520264
vt 0.631836 0.520508
vt 0.632324 0.524414
vt 0.631836 0.528320
vt 0.634766 0.529053
vt 0.633301 0.520508
vt 0.633789 0.524414
vt 0.635254 0.524170
vt 0.637695 0.527588
vt 0.640137 0.522705
vt 0.639160 0.521484
vt 0.634766 0.520264
vt 0.639160 0.519287
vt 0.546387 0.534180
vt 0.548340 0.529053
vt 0.545410 0.532227
vt 0.549805 0.532715
vt 0.550781 0.527832
vt 0.549805 0.536621
vt 0.546387 0.537109
vt 0.546387 0.540527
vt 0.551270 0.532471
vt 0.549805 0.540283
vt 0.552734 0.532471
vt 0.553711 0.528564
vt 0.551270 0.536377
vt 0.556641 0.533691
vt 0.556641 0.531494
vt 0.559082 0.528809
vt 0.553223 0.536621
vt 0.551758 0.540283
vt 0.560059 0.532471
vt 0.561523 0.527588
vt 0.553223 0.540283
vt 0.551758 0.544189
vt 0.549805 0.544189
vt 0.546387 0.544189
vt 0.549805 0.547852
vt 0.546387 0.547607
vt 0.553223 0.544189
vt 0.549805 0.551514
vt 0.546387 0.551025
vt 0.546387 0.554199
vt 0.551758 0.547852
vt 0.549805 0.555420
vt 0.545410 0.555908
vt 0.548340 0.559082
vt 0.550781 0.560547
vt 0.551270 0.551758
vt 0.551270 0.555908
vt 0.552734 0.555664
vt 0.553711 0.559570
vt 0.556641 0.556641
vt 0.553223 0.547852
vt 0.553223 0.551758
vt 0.556641 0.554443
vt 0.556641 0.544189
vt 0.556641 0.551514
vt 0.556641 0.547852
vt 0.560059 0.551758
vt 0.560059 0.555664
vt 0.559082 0.559326
vt 0.561523 0.560547
vt 0.560059 0.547852
vt 0.561523 0.551758
vt 0.561523 0.555908
vt 0.562988 0.555664
vt 0.563965 0.559570
vt 0.566895 0.556641
vt 0.561523 0.547852
vt 0.566895 0.554443
vt 0.562988 0.551758
vt 0.563477 0.547852
vt 0.561523 0.544189
vt 0.560059 0.544189
vt 0.556641 0.540283
vt 0.556641 0.536865
vt 0.560059 0.540283
vt 0.560059 0.536377
vt 0.561523 0.536377
vt 0.561523 0.540283
vt 0.563477 0.540283
vt 0.561523 0.532227
vt 0.562988 0.532471
vt 0.563965 0.528564
vt 0.562988 0.536377
vt 0.566895 0.533691
vt 0.566895 0.531738
vt 0.569336 0.528809
vt 0.566895 0.536865
vt 0.570312 0.532471
vt 0.571777 0.527588
vt 0.570312 0.536377
vt 0.566895 0.540283
vt 0.571777 0.532227
vt 0.563477 0.544189
vt 0.573242 0.532471
vt 0.574707 0.528564
vt 0.571777 0.536377
vt 0.577148 0.533447
vt 0.577148 0.531494
vt 0.580566 0.528809
vt 0.573242 0.536377
vt 0.570312 0.540283
vt 0.581055 0.532715
vt 0.583496 0.528076
vt 0.577148 0.536621
vt 0.582520 0.532471
vt 0.580078 0.536621
vt 0.583984 0.532959
vt 0.585938 0.529541
vt 0.582031 0.536621
vt 0.587891 0.535645
vt 0.588379 0.534424
vt 0.583496 0.536865
vt 0.587891 0.537842
vt 0.587402 0.540771
vt 0.583008 0.540527
vt 0.583008 0.544189
vt 0.587402 0.544189
vt 0.581543 0.540283
vt 0.583008 0.547607
vt 0.587402 0.547363
vt 0.581543 0.544189
vt 0.580078 0.540283
vt 0.581543 0.547852
vt 0.576660 0.540283
vt 0.580078 0.544189
vt 0.580078 0.547852
vt 0.573242 0.540283
vt 0.576660 0.544189
vt 0.571777 0.540283
vt 0.573242 0.544189
vt 0.571777 0.544189
vt 0.573242 0.547852
vt 0.569824 0.544189
vt 0.571777 0.547852
vt 0.566895 0.544189
vt 0.570312 0.547852
vt 0.566895 0.547852
vt 0.571777 0.551758
vt 0.566895 0.551514
vt 0.570312 0.551758
vt 0.570312 0.555664
vt 0.569336 0.559326
vt 0.571777 0.560547
vt 0.571777 0.555908
vt 0.573242 0.555664
vt 0.574707 0.559814
vt 0.577148 0.556641
vt 0.573242 0.551758
vt 0.577148 0.554688
vt 0.576660 0.547852
vt 0.577148 0.551514
vt 0.580078 0.551514
vt 0.581055 0.555420
vt 0.580566 0.559326
vt 0.583496 0.560059
vt 0.582031 0.551514
vt 0.582520 0.555664
vt 0.583984 0.555176
vt 0.585938 0.558594
vt 0.588379 0.553711
vt 0.587891 0.552734
vt 0.583496 0.551270
vt 0.587891 0.550293
vt 0.667480 0.116699
vt 0.669922 0.115723
vt 0.669922 0.119141
vt 0.666504 0.119141
vt 0.672363 0.116699
vt 0.667480 0.121582
vt 0.673340 0.119141
vt 0.669922 0.122559
vt 0.672363 0.121582
vt 0.579590 0.990036
vt 0.582031 0.989014
vt 0.582031 0.992500
vt 0.578613 0.992500
vt 0.584473 0.990036
vt 0.579590 0.994968
vt 0.585449 0.992500
vt 0.582031 0.995991
vt 0.584473 0.994968
vt 0.002851 0.902161
vt 0.005318 0.904602
vt 0.005318 0.901123
vt 0.001830 0.904602
vt 0.007786 0.902161
vt 0.002851 0.907104
vt 0.008804 0.904602
vt 0.005318 0.908081
vt 0.007786 0.907104
vt 0.002851 0.354980
vt 0.005318 0.357422
vt 0.005318 0.353516
vt 0.001830 0.357422
vt 0.007786 0.354980
vt 0.002851 0.359863
vt 0.008804 0.357422
vt 0.005318 0.360840
vt 0.007786 0.359863
s 1
usemtl M_Electric_trellis_1
f 1/1/1 2/2/1 3/3/1
f 2/2/1 1/1/1 4/4/1
f 5/5/2 2/6/2 4/7/2
f 2/6/2 5/5/2 6/8/2
f 5/5/3 7/9/3 6/8/3
f 7/9/3 5/5/3 8/10/3
f 1/1/4 7/9/4 8/10/4
f 7/9/4 1/1/4 3/3/4
f 8/10/5 5/5/6 1/11/5
f 4/12/6 1/11/5 5/5/6
f 3/3/7 2/2/7 7/13/7
f 6/14/8 7/13/7 2/2/7
f 9/15/1 10/16/1 11/17/1
f 10/16/1 9/15/1 12/18/1
f 13/19/2 10/20/2 12/21/2
f 10/20/2 13/19/2 14/22/2
f 13/19/3 15/23/3 14/22/3
f 15/23/3 13/19/3 16/24/3
f 9/15/4 15/23/4 16/24/4
f 15/23/4 9/15/4 11/17/4
f 16/24/5 13/19/6 9/25/5
f 12/26/6 9/25/5 13/19/6
f 11/17/7 10/16/7 15/27/7
f 14/28/8 15/27/7 10/16/7
f 17/29/9 18/30/10 19/31/11
f 19/31/11 20/32/9 17/29/9
f 17/33/12 21/34/12 18/35/12
f 21/34/12 17/33/12 22/36/12
f 23/37/13 22/36/14 24/38/15
f 22/36/14 23/37/13 21/34/14
f 20/32/16 19/31/17 23/37/16
f 23/37/16 24/38/18 20/32/16
f 24/38/19 22/36/20 20/39/20
f 17/40/19 20/39/20 22/36/20
f 19/31/21 21/41/21 23/42/22
f 21/41/21 19/31/21 18/30/21
f 25/43/23 26/44/23 27/45/23
f 26/44/23 25/43/23 28/46/23
f 29/47/24 30/48/25 25/43/24
f 29/47/24 25/43/24 27/45/24
f 31/49/26 32/50/26 30/48/26
f 30/48/26 29/47/26 31/49/26
f 28/46/27 31/51/27 26/44/27
f 31/51/27 28/46/27 32/52/27
f 31/49/28 29/47/28 26/53/29
f 27/54/28 26/53/29 29/47/28
f 28/55/21 30/48/21 32/50/21
f 30/48/21 28/55/21 25/56/21
f 33/57/30 34/58/31 35/59/31
f 35/59/31 36/60/31 33/57/30
f 33/61/32 37/62/32 34/63/32
f 37/62/32 33/61/32 38/64/32
f 39/65/33 38/64/34 40/66/33
f 38/64/34 39/65/33 37/62/35
f 36/60/36 35/59/37 39/65/38
f 39/65/38 40/66/38 36/60/36
f 40/66/5 38/64/5 36/67/5
f 33/68/5 36/67/5 38/64/5
f 35/59/21 37/69/39 39/70/21
f 37/69/39 35/59/21 34/58/39
f 41/71/40 42/72/40 43/73/40
f 42/72/40 41/71/40 44/74/40
f 45/75/41 46/76/41 41/71/41
f 45/75/41 41/71/41 43/73/41
f 47/77/42 48/78/42 46/76/42
f 46/76/42 45/75/42 47/77/42
f 44/74/43 47/79/44 42/72/44
f 47/79/44 44/74/43 48/80/44
f 47/77/45 45/75/45 42/81/45
f 42/81/45 45/75/45 43/82/46
f 44/83/7 46/76/7 48/78/7
f 46/76/7 44/83/7 41/84/7
f 49/85/47 50/86/47 51/87/47
f 51/87/47 52/88/47 49/85/47
f 53/89/48 50/90/49 49/91/48
f 50/90/49 53/89/48 54/92/50
f 55/93/51 53/89/51 56/94/51
f 53/89/51 55/93/51 54/92/51
f 51/87/52 56/94/53 52/88/54
f 56/94/53 51/87/52 55/93/52
f 56/94/55 49/95/56 52/96/56
f 49/95/56 56/94/55 53/89/55
f 51/87/57 54/97/58 55/98/57
f 54/97/58 51/87/57 50/86/57
f 57/99/59 58/100/59 59/101/59
f 58/100/59 57/99/59 60/102/60
f 61/103/61 62/104/62 58/105/62
f 58/105/62 60/106/61 61/103/61
f 62/104/63 61/103/63 63/107/63
f 62/104/63 63/107/63 64/108/63
f 59/101/64 63/107/65 57/99/64
f 63/107/65 59/101/64 64/108/64
f 63/107/55 60/109/55 57/110/55
f 60/109/55 63/107/55 61/103/55
f 59/101/66 62/111/67 64/112/68
f 62/111/67 59/101/66 58/100/67
f 65/113/3 66/114/3 67/115/3
f 68/116/3 67/115/3 66/114/3
f 69/117/69 70/118/69 67/115/69
f 69/117/69 67/115/69 68/116/69
f 65/119/70 67/115/70 71/120/70
f 71/120/70 72/121/71 65/119/70
f 66/114/72 65/113/72 72/122/72
f 66/114/72 72/122/72 73/123/72
f 74/124/1 75/125/1 70/118/1
f 70/118/1 69/117/1 74/124/1
f 70/118/73 71/120/74 67/115/74
f 71/120/74 70/118/73 75/126/74
f 76/127/75 71/128/75 75/125/75
f 76/127/75 75/125/75 74/124/75
f 71/129/76 73/123/76 72/122/76
f 73/123/76 71/129/76 76/130/76
f 77/131/77 78/132/77 79/133/77
f 80/134/77 79/133/77 78/132/77
f 79/133/78 80/134/78 81/135/78
f 79/133/40 81/135/40 82/136/40
f 77/137/4 79/133/4 83/138/4
f 77/137/4 83/138/4 84/139/4
f 77/131/42 85/140/42 78/132/42
f 85/140/42 77/131/42 84/141/42
f 86/142/79 87/143/79 82/136/79
f 86/142/79 82/136/79 81/135/79
f 83/138/4 82/136/4 87/144/4
f 82/136/4 83/138/4 79/133/4
f 83/145/80 86/142/80 88/146/80
f 86/142/80 83/145/80 87/143/80
f 83/147/81 85/140/81 84/141/81
f 85/140/81 83/147/81 88/148/81
f 89/149/82 90/150/83 91/151/82
f 91/151/82 92/152/82 89/149/82
f 93/153/84 90/154/85 89/155/84
f 90/154/85 93/153/84 94/156/85
f 95/157/86 93/153/86 96/158/86
f 93/153/86 95/157/86 94/156/86
f 91/151/87 96/158/88 92/152/88
f 96/158/88 91/151/87 95/157/87
f 96/158/55 89/159/56 92/160/55
f 89/159/56 96/158/55 93/153/56
f 90/150/89 95/161/89 91/151/89
f 95/161/89 90/150/89 94/162/89
f 97/163/90 98/164/90 99/165/90
f 98/164/90 97/163/90 100/166/90
f 101/167/91 102/168/92 98/169/93
f 98/169/93 100/170/91 101/167/91
f 103/171/94 104/172/94 102/168/94
f 102/168/94 101/167/94 103/171/94
f 99/165/95 103/171/96 97/163/96
f 103/171/96 99/165/95 104/172/95
f 103/171/55 100/173/56 97/174/56
f 100/173/56 103/171/55 101/167/56
f 98/164/97 104/175/97 99/165/97
f 104/175/97 98/164/97 102/176/97
f 105/177/98 106/178/98 107/179/98
f 107/179/98 108/180/98 105/177/98
f 106/181/99 105/182/99 109/183/99
f 106/181/99 109/183/99 110/184/99
f 109/183/100 111/185/100 110/184/100
f 111/185/100 109/183/100 112/186/101
f 108/180/102 107/179/102 111/185/102
f 108/180/102 111/185/102 112/186/103
f 112/186/3 105/187/104 108/188/3
f 105/187/104 112/186/3 109/183/104
f 106/178/105 111/189/106 107/179/105
f 111/189/106 106/178/105 110/190/106
f 113/191/107 114/192/107 115/193/107
f 114/192/107 113/191/107 116/194/107
f 117/195/108 116/196/109 118/197/109
f 116/196/109 117/195/108 114/198/109
f 119/199/110 120/200/110 117/195/110
f 117/195/110 118/197/110 119/199/110
f 113/191/111 115/193/111 120/200/112
f 120/200/112 119/199/111 113/191/111
f 119/199/55 116/201/55 113/202/55
f 116/201/55 119/199/55 118/197/55
f 114/192/97 120/203/97 115/193/97
f 120/203/97 114/192/97 117/204/97
f 121/205/113 122/206/114 123/207/113
f 124/208/113 123/207/113 122/206/114
f 125/209/115 121/210/116 126/211/117
f 121/210/116 125/209/115 122/212/115
f 127/213/118 125/209/118 126/211/118
f 125/209/118 127/213/118 128/214/118
f 123/207/119 128/214/120 127/213/119
f 128/214/120 123/207/119 124/208/121
f 128/214/122 122/215/122 125/209/122
f 122/215/122 128/214/122 124/216/122
f 126/217/123 123/207/123 127/218/124
f 123/207/123 126/217/123 121/205/123
f 129/219/125 130/220/125 131/221/125
f 130/220/125 129/219/125 132/222/126
f 133/223/127 129/224/128 134/225/128
f 132/226/128 129/224/128 133/223/127
f 135/227/129 134/225/129 136/228/129
f 134/225/129 135/227/129 133/223/129
f 131/221/130 135/227/130 136/228/130
f 135/227/130 131/221/130 130/220/130
f 135/227/122 132/229/122 133/223/122
f 132/229/122 135/227/122 130/230/122
f 134/231/131 131/221/132 136/232/131
f 131/221/132 134/231/131 129/219/132
f 137/233/3 138/234/3 139/235/3
f 137/233/3 139/235/3 140/236/3
f 139/235/133 141/237/133 140/236/133
f 141/237/133 139/235/133 142/238/133
f 138/239/134 143/240/135 139/235/135
f 138/239/134 144/241/134 143/240/135
f 144/242/136 137/233/136 145/243/136
f 137/233/136 144/242/136 138/234/136
f 146/244/1 142/238/1 147/245/1
f 141/237/1 142/238/1 146/244/1
f 142/238/137 143/240/138 147/246/138
f 143/240/138 142/238/137 139/235/138
f 143/247/139 148/248/139 147/245/139
f 146/244/139 147/245/139 148/248/139
f 145/243/140 143/249/140 144/242/141
f 143/249/140 145/243/140 148/250/140
f 149/251/142 150/252/142 151/253/142
f 149/251/142 151/253/142 152/254/142
f 152/254/40 151/253/40 153/255/40
f 154/256/40 153/255/40 151/253/40
f 151/253/4 150/257/4 155/258/4
f 156/259/4 155/258/4 150/257/4
f 157/260/42 150/252/42 149/251/42
f 150/252/42 157/260/42 156/261/42
f 158/262/143 159/263/143 154/256/144
f 153/255/143 154/256/144 159/263/143
f 154/256/4 155/258/4 158/264/4
f 155/258/4 154/256/4 151/253/4
f 155/265/145 159/263/145 158/262/145
f 159/263/145 155/265/145 160/266/145
f 155/267/146 157/260/146 160/268/146
f 157/260/146 155/267/146 156/261/146
f 161/269/147 162/270/147 163/271/147
f 164/272/147 163/271/147 162/270/147
f 165/273/148 161/274/149 166/275/149
f 161/274/149 165/273/148 162/276/148
f 167/277/150 165/273/151 166/275/150
f 165/273/151 167/277/150 168/278/150
f 163/271/152 168/278/153 167/277/152
f 168/278/153 163/271/152 164/272/153
f 168/278/154 162/279/122 165/273/122
f 162/279/122 168/278/154 164/280/122
f 161/269/155 167/281/155 166/282/155
f 167/281/155 161/269/155 163/271/155
f 169/283/156 170/284/156 171/285/156
f 170/284/156 169/283/156 172/286/156
f 173/287/157 170/288/157 174/289/158
f 171/290/157 170/288/157 173/287/157
f 175/291/159 174/289/159 176/292/159
f 173/287/159 174/289/159 175/291/159
f 172/286/160 175/291/161 176/292/160
f 175/291/161 172/286/160 169/283/161
f 175/291/122 171/293/122 173/287/122
f 171/293/122 175/291/122 169/294/122
f 170/284/132 176/295/132 174/296/132
f 176/295/132 170/284/132 172/286/132
f 177/297/162 178/298/162 179/299/162
f 179/299/162 178/298/162 180/300/162
f 181/301/163 180/302/163 182/303/163
f 180/302/163 181/301/163 179/304/163
f 183/305/164 181/301/165 182/303/165
f 181/301/165 183/305/164 184/306/164
f 178/298/166 177/297/166 183/305/166
f 184/306/167 183/305/166 177/297/166
f 184/306/3 179/307/168 181/301/168
f 179/307/168 184/306/3 177/308/3
f 180/300/169 183/309/169 182/310/170
f 183/309/169 180/300/169 178/298/170
f 185/311/171 186/312/171 187/313/171
f 186/312/171 185/311/171 188/314/171
f 189/315/172 187/316/172 186/317/172
f 187/316/172 189/315/172 190/318/172
f 191/319/173 189/315/173 192/320/173
f 190/318/174 189/315/173 191/319/173
f 188/314/175 185/311/175 192/320/176
f 191/319/175 192/320/176 185/311/175
f 191/319/122 187/321/122 190/318/154
f 187/321/122 191/319/122 185/322/122
f 186/312/177 192/323/177 189/324/177
f 192/323/177 186/312/177 188/314/177
f 193/325/178 194/326/178 195/327/179
f 195/327/179 196/328/178 193/325/178
f 197/329/180 194/330/180 193/331/181
f 194/330/180 197/329/180 198/332/180
f 199/333/182 197/329/182 200/334/182
f 197/329/182 199/333/182 198/332/182
f 196/328/183 199/333/183 200/334/183
f 199/333/183 196/328/183 195/327/183
f 200/334/184 197/329/184 196/335/184
f 193/336/184 196/335/184 197/329/184
f 195/327/185 198/337/185 199/338/185
f 198/337/185 195/327/185 194/326/185
f 201/339/186 202/340/186 203/341/186
f 202/340/186 201/339/186 204/342/186
f 203/341/187 205/343/188 201/339/187
f 205/343/188 203/341/187 206/344/187
f 207/345/189 208/346/189 205/343/190
f 205/343/190 206/344/189 207/345/189
f 202/340/191 208/347/191 207/348/192
f 208/347/191 202/340/191 204/342/191
f 207/345/193 206/344/194 202/349/193
f 203/350/193 202/349/193 206/344/194
f 204/351/195 205/343/196 208/346/196
f 205/343/196 204/351/195 201/352/195
f 209/353/197 210/354/197 211/355/197
f 211/355/197 212/356/198 209/353/197
f 209/357/199 213/358/199 210/359/199
f 213/358/199 209/357/199 214/360/199
f 215/361/200 214/360/201 216/362/201
f 214/360/201 215/361/200 213/358/200
f 215/361/202 216/362/202 212/356/203
f 215/361/202 212/356/203 211/355/203
f 216/362/5 214/360/5 212/363/5
f 209/364/5 212/363/5 214/360/5
f 211/355/195 213/365/195 215/366/195
f 213/365/195 211/355/195 210/354/204
f 217/367/205 218/368/206 219/369/205
f 218/368/206 217/367/205 220/370/207
f 221/371/208 222/372/208 217/367/209
f 221/371/208 217/367/209 219/369/208
f 223/373/210 224/374/211 222/372/212
f 222/372/212 221/371/210 223/373/210
f 220/370/213 223/375/214 218/368/214
f 223/375/214 220/370/213 224/376/214
f 223/373/215 221/371/216 218/377/215
f 219/378/215 218/377/215 221/371/216
f 220/379/7 222/372/7 224/374/7
f 222/372/7 220/379/7 217/380/7
f 225/381/1 226/382/1 227/383/1
f 226/382/1 225/381/1 228/384/1
f 229/385/2 226/386/2 228/387/2
f 226/386/2 229/385/2 230/388/2
f 229/385/3 231/389/3 230/388/3
f 231/389/3 229/385/3 232/390/3
f 225/381/4 231/389/4 232/390/4
f 231/389/4 225/381/4 227/383/4
f 232/390/5 229/385/6 225/391/5
f 228/392/6 225/391/5 229/385/6
f 227/383/7 226/382/7 231/393/7
f 230/394/8 231/393/7 226/382/7
f 233/395/1 234/396/1 235/397/1
f 234/396/1 233/395/1 236/398/1
f 237/399/2 234/400/2 236/401/2
f 234/400/2 237/399/2 238/402/2
f 237/399/3 239/403/3 238/402/3
f 239/403/3 237/399/3 240/404/3
f 233/395/4 239/403/4 240/404/4
f 239/403/4 233/395/4 235/397/4
f 240/404/5 237/399/6 233/405/5
f 236/406/6 233/405/5 237/399/6
f 235/397/7 234/396/7 239/407/7
f 238/408/8 239/407/7 234/396/7
f 241/409/10 242/410/9 243/411/10
f 243/411/10 244/412/9 241/409/10
f 245/413/217 241/414/217 246/415/217
f 241/414/217 245/413/217 242/416/217
f 247/417/14 246/415/14 248/418/14
f 246/415/14 247/417/14 245/413/14
f 244/412/218 243/411/218 247/417/218
f 247/417/218 248/418/218 244/412/218
f 248/418/19 246/415/19 244/419/19
f 241/420/19 244/419/19 246/415/19
f 243/411/219 245/421/219 247/422/219
f 245/421/219 243/411/219 242/410/219
f 249/423/220 250/424/220 251/425/220
f 250/424/220 249/423/220 252/426/220
f 253/427/221 249/423/221 251/425/221
f 249/423/221 253/427/221 254/428/221
f 255/429/222 256/430/222 254/428/222
f 254/428/222 253/427/222 255/429/222
f 252/426/223 255/431/224 250/424/224
f 255/431/224 252/426/223 256/432/224
f 255/429/28 253/427/28 250/433/28
f 251/434/28 250/433/28 253/427/28
f 252/435/219 254/428/219 256/430/225
f 254/428/219 252/435/219 249/436/219
f 257/437/226 258/438/226 259/439/226
f 259/439/226 260/440/226 257/437/226
f 257/441/227 261/442/227 258/443/227
f 261/442/227 257/441/227 262/444/227
f 263/445/228 262/444/228 264/446/228
f 262/444/228 263/445/228 261/442/229
f 260/440/230 259/439/231 263/445/231
f 263/445/231 264/446/232 260/440/230
f 264/446/5 262/444/5 260/447/5
f 257/448/5 260/447/5 262/444/5
f 259/439/21 261/449/39 263/450/39
f 261/449/39 259/439/21 258/438/21
f 265/451/40 266/452/40 267/453/40
f 266/452/40 265/451/40 268/454/40
f 269/455/233 270/456/233 265/451/233
f 269/455/233 265/451/233 267/453/233
f 271/457/42 272/458/42 270/456/42
f 270/456/42 269/455/42 271/457/42
f 268/454/234 271/459/235 266/452/235
f 271/459/235 268/454/234 272/460/234
f 271/457/19 269/455/19 266/461/19
f 266/461/19 269/455/19 267/462/19
f 268/463/7 270/456/7 272/458/7
f 270/456/7 268/463/7 265/464/7
f 273/465/236 274/466/236 275/467/236
f 275/467/236 276/468/237 273/465/236
f 277/469/238 274/470/238 273/471/238
f 274/470/238 277/469/238 278/472/238
f 279/473/239 277/469/239 280/474/239
f 277/469/239 279/473/239 278/472/239
f 275/467/240 280/474/240 276/468/240
f 280/474/240 275/467/240 279/473/240
f 280/474/241 273/475/55 276/476/55
f 273/475/55 280/474/241 277/469/55
f 275/467/242 278/477/243 279/478/243
f 278/477/243 275/467/242 274/466/243
f 281/479/244 282/480/244 283/481/244
f 282/480/244 281/479/244 284/482/244
f 285/483/245 286/484/246 282/485/245
f 282/485/245 284/486/247 285/483/245
f 286/484/248 285/483/248 287/487/248
f 286/484/248 287/487/248 288/488/248
f 283/481/249 287/487/250 281/479/251
f 287/487/250 283/481/249 288/488/252
f 287/487/253 284/489/253 281/490/253
f 284/489/253 287/487/253 285/483/253
f 283/481/67 286/491/67 288/492/68
f 286/491/67 283/481/67 282/480/67
f 289/493/3 290/494/3 291/495/3
f 292/496/3 291/495/3 290/494/3
f 291/495/254 293/497/254 294/498/254
f 293/497/255 291/495/255 292/496/255
f 289/499/71 291/495/70 295/500/71
f 295/500/71 296/501/71 289/499/71
f 290/494/256 289/493/256 296/502/256
f 290/494/256 296/502/256 297/503/256
f 298/504/1 299/505/1 294/498/1
f 294/498/1 293/497/1 298/504/1
f 294/498/257 295/500/258 291/495/257
f 295/500/258 294/498/257 299/506/257
f 300/507/259 295/508/259 299/505/259
f 300/507/260 299/505/260 298/504/260
f 295/509/261 297/503/261 296/502/261
f 297/503/261 295/509/261 300/510/261
f 301/511/262 302/512/262 303/513/262
f 304/514/262 303/513/262 302/512/262
f 303/513/40 304/514/40 305/515/40
f 303/513/40 305/515/40 306/516/40
f 301/517/4 303/513/4 307/518/4
f 301/517/4 307/518/4 308/519/4
f 301/511/42 309/520/42 302/512/42
f 309/520/42 301/511/42 308/521/42
f 310/522/263 311/523/263 306/516/263
f 310/522/263 306/516/263 305/515/263
f 307/518/4 306/516/4 311/524/4
f 306/516/4 307/518/4 303/513/4
f 307/525/80 310/522/80 312/526/264
f 310/522/80 307/525/80 311/523/264
f 307/527/265 309/520/265 308/521/265
f 309/520/265 307/527/265 312/528/265
f 313/529/266 314/530/266 315/531/266
f 315/531/266 316/532/266 313/529/266
f 317/533/267 314/534/267 313/535/267
f 314/534/267 317/533/267 318/536/267
f 319/537/268 317/533/268 320/538/268
f 317/533/268 319/537/268 318/536/268
f 315/531/269 320/538/270 316/532/269
f 320/538/270 315/531/269 319/537/269
f 320/538/56 313/539/55 316/540/55
f 313/539/55 320/538/56 317/533/55
f 315/531/271 318/541/272 319/542/273
f 318/541/272 315/531/271 314/530/274
f 321/543/275 322/544/276 323/545/276
f 322/544/276 321/543/275 324/546/275
f 325/547/277 326/548/277 322/549/277
f 322/549/277 324/550/278 325/547/277
f 327/551/279 328/552/280 326/548/279
f 326/548/279 325/547/279 327/551/279
f 323/545/281 327/551/281 321/543/281
f 327/551/281 323/545/281 328/552/281
f 327/551/55 324/553/55 321/554/55
f 324/553/55 327/551/55 325/547/55
f 323/545/67 326/555/67 328/556/67
f 326/555/67 323/545/67 322/544/67
f 329/557/282 330/558/282 331/559/282
f 331/559/282 332/560/282 329/557/282
f 330/561/283 329/562/284 333/563/285
f 330/561/283 333/563/285 334/564/283
f 333/563/286 335/565/287 334/564/287
f 335/565/287 333/563/286 336/566/286
f 332/560/288 331/559/288 335/565/289
f 332/560/288 335/565/289 336/566/288
f 336/566/3 329/567/104 332/568/3
f 329/567/104 336/566/3 333/563/104
f 330/558/290 335/569/106 331/559/105
f 335/569/106 330/558/290 334/570/105
f 337/571/291 338/572/291 339/573/291
f 338/572/291 337/571/291 340/574/291
f 341/575/292 340/576/292 342/577/292
f 340/576/292 341/575/292 338/578/292
f 343/579/293 344/580/293 341/575/293
f 341/575/293 342/577/293 343/579/293
f 337/571/294 339/573/295 344/580/295
f 344/580/295 343/579/294 337/571/294
f 343/579/55 340/581/55 337/582/55
f 340/581/55 343/579/55 342/577/55
f 338/572/97 344/583/296 339/573/97
f 344/583/296 338/572/97 341/584/97
f 345/585/297 346/586/298 347/587/297
f 348/588/298 347/587/297 346/586/298
f 349/589/299 345/590/299 350/591/299
f 345/590/299 349/589/299 346/592/299
f 351/593/300 349/589/300 350/591/300
f 349/589/300 351/593/300 352/594/300
f 347/587/301 352/594/301 351/593/301
f 352/594/301 347/587/301 348/588/301
f 352/594/122 346/595/122 349/589/122
f 346/595/122 352/594/122 348/596/122
f 350/597/302 347/587/303 351/598/302
f 347/587/303 350/597/302 345/585/302
f 353/599/304 354/600/304 355/601/304
f 354/600/304 353/599/304 356/602/304
f 357/603/305 353/604/305 358/605/305
f 356/606/305 353/604/305 357/603/305
f 359/607/306 358/605/307 360/608/306
f 358/605/307 359/607/306 357/603/306
f 355/601/308 359/607/309 360/608/308
f 359/607/309 355/601/308 354/600/308
f 359/607/310 356/609/311 357/603/310
f 356/609/311 359/607/310 354/610/311
f 358/611/312 355/601/312 360/612/312
f 355/601/312 358/611/312 353/599/312
f 361/613/3 362/614/3 363/615/3
f 361/613/3 363/615/3 364/616/3
f 363/615/313 365/617/313 364/616/313
f 365/617/313 363/615/313 366/618/313
f 362/619/134 367/620/135 363/615/134
f 362/619/134 368/621/134 367/620/135
f 368/622/314 361/613/314 369/623/314
f 361/613/314 368/622/314 362/614/315
f 370/624/1 366/618/1 371/625/1
f 365/617/1 366/618/1 370/624/1
f 366/618/316 367/620/316 371/626/316
f 367/620/316 366/618/316 363/615/317
f 367/627/318 372/628/318 371/625/318
f 370/624/318 371/625/318 372/628/318
f 369/623/319 367/629/319 368/622/319
f 367/629/319 369/623/319 372/630/319
f 373/631/320 374/632/320 375/633/320
f 373/631/320 375/633/320 376/634/320
f 376/634/40 375/633/40 377/635/40
f 378/636/40 377/635/40 375/633/40
f 375/633/4 374/637/4 379/638/4
f 380/639/4 379/638/4 374/637/4
f 381/640/42 374/632/42 373/631/42
f 374/632/42 381/640/42 380/641/42
f 382/642/321 383/643/321 378/636/321
f 377/635/321 378/636/321 383/643/321
f 378/636/4 379/638/4 382/644/4
f 379/638/4 378/636/4 375/633/4
f 379/645/322 383/643/322 382/642/322
f 383/643/322 379/645/322 384/646/322
f 379/647/323 381/640/323 384/648/323
f 381/640/323 379/647/323 380/641/323
f 385/649/324 386/650/324 387/651/324
f 388/652/324 387/651/324 386/650/324
f 389/653/325 385/654/325 390/655/325
f 385/654/325 389/653/325 386/656/325
f 391/657/326 389/653/326 390/655/327
f 389/653/326 391/657/326 392/658/326
f 387/651/328 392/658/328 391/657/328
f 392/658/328 387/651/328 388/652/328
f 392/658/122 386/659/122 389/653/122
f 386/659/122 392/658/122 388/660/154
f 390/661/329 387/651/330 391/662/331
f 387/651/330 390/661/329 385/649/330
f 393/663/332 394/664/333 395/665/333
f 394/664/333 393/663/332 396/666/333
f 397/667/334 394/668/335 398/669/335
f 395/670/334 394/668/335 397/667/334
f 399/671/336 398/669/336 400/672/336
f 397/667/336 398/669/336 399/671/336
f 396/666/337 399/671/338 400/672/337
f 399/671/338 396/666/337 393/663/338
f 399/671/122 395/673/122 397/667/122
f 395/673/122 399/671/122 393/674/122
f 398/675/131 396/666/132 400/676/131
f 396/666/132 398/675/131 394/664/132
f 401/677/339 402/678/339 403/679/339
f 403/679/339 402/678/339 404/680/339
f 405/681/340 404/682/341 406/683/341
f 404/682/341 405/681/340 403/684/340
f 407/685/342 405/681/343 406/683/342
f 405/681/343 407/685/342 408/686/343
f 402/678/344 401/677/344 407/685/345
f 408/686/344 407/685/345 401/677/344
f 408/686/3 403/687/168 405/681/168
f 403/687/168 408/686/3 401/688/3
f 404/680/170 407/689/170 406/690/169
f 407/689/170 404/680/170 402/678/170
f 409/691/346 410/692/346 411/693/346
f 410/692/346 409/691/346 412/694/346
f 413/695/347 411/696/347 410/697/347
f 411/696/347 413/695/347 414/698/347
f 415/699/348 413/695/349 416/700/349
f 414/698/349 413/695/349 415/699/348
f 412/694/350 409/691/351 416/700/350
f 415/699/351 416/700/350 409/691/351
f 415/699/122 411/701/122 414/698/122
f 411/701/122 415/699/122 409/702/122
f 410/692/177 416/703/352 413/704/352
f 416/703/352 410/692/177 412/694/352
f 417/705/178 418/706/178 419/707/179
f 419/707/179 420/708/179 417/705/178
f 421/709/353 418/710/353 417/711/354
f 418/710/353 421/709/353 422/712/354
f 423/713/355 421/709/182 424/714/182
f 421/709/182 423/713/355 422/712/355
f 423/713/356 420/708/357 419/707/357
f 420/708/357 423/713/356 424/714/357
f 424/714/358 421/709/184 420/715/358
f 417/716/184 420/715/358 421/709/184
f 419/707/359 422/717/359 423/718/360
f 422/717/359 419/707/359 418/706/359
f 425/719/186 426/720/186 427/721/186
f 426/720/186 425/719/186 428/722/186
f 427/721/361 429/723/361 425/719/361
f 429/723/361 427/721/361 430/724/361
f 431/725/189 432/726/190 429/723/190
f 429/723/190 430/724/189 431/725/189
f 426/720/362 432/727/362 431/728/362
f 432/727/362 426/720/362 428/722/362
f 431/725/363 430/724/363 426/729/364
f 427/730/363 426/729/364 430/724/363
f 428/731/365 429/723/185 432/726/365
f 429/723/185 428/731/365 425/732/185
f 433/733/366 434/734/366 435/735/367
f 435/735/367 436/736/367 433/733/366
f 433/737/368 437/738/369 434/739/368
f 437/738/369 433/737/368 438/740/370
f 439/741/371 438/740/372 440/742/373
f 438/740/372 439/741/371 437/738/371
f 439/741/374 440/742/374 436/736/374
f 439/741/374 436/736/374 435/735/374
f 440/742/5 438/740/5 436/743/5
f 433/744/5 436/743/5 438/740/5
f 435/735/196 437/745/195 439/746/196
f 437/745/195 435/735/196 434/734/196
f 441/747/205 442/748/205 443/749/205
f 442/748/205 441/747/205 444/750/205
f 445/751/375 446/752/375 441/747/375
f 445/751/375 441/747/375 443/749/376
f 447/753/210 448/754/211 446/752/212
f 446/752/212 445/751/210 447/753/210
f 444/750/377 447/755/378 442/748/378
f 447/755/378 444/750/377 448/756/378
f 447/753/184 445/751/184 442/757/184
f 443/758/184 442/757/184 445/751/184
f 444/759/7 446/752/7 448/754/7
f 446/752/7 444/759/7 441/760/7
f 449/761/1 450/762/1 451/763/1
f 450/762/1 449/761/1 452/764/1
f 451/765/4 450/766/4 453/767/4
f 453/767/4 450/766/4 454/768/4
f 453/767/3 455/769/3 456/770/3
f 455/769/3 453/767/3 454/768/3
f 456/770/2 455/769/2 449/761/2
f 449/761/2 455/769/2 452/764/2
f 449/771/5 451/772/6 453/767/6
f 449/771/5 453/767/6 456/770/5
f 455/773/7 454/774/8 450/762/7
f 455/773/7 450/762/7 452/764/7
f 457/775/1 458/776/1 459/777/1
f 458/776/1 457/775/1 460/778/1
f 459/779/4 458/780/4 461/781/4
f 461/781/4 458/780/4 462/782/4
f 461/781/3 463/783/3 464/784/3
f 463/783/3 461/781/3 462/782/3
f 464/784/2 463/783/2 457/775/2
f 457/775/2 463/783/2 460/778/2
f 457/785/5 459/786/6 461/781/6
f 457/785/5 461/781/6 464/784/5
f 463/787/7 462/788/8 458/776/7
f 463/787/7 458/776/7 460/778/7
f 465/789/379 466/790/380 467/791/381
f 468/792/379 467/791/381 466/790/380
f 469/793/382 466/794/382 465/795/382
f 466/794/382 469/793/382 470/796/382
f 470/796/383 471/797/384 472/798/385
f 471/797/384 470/796/383 469/793/383
f 467/791/386 468/792/386 471/797/386
f 472/798/386 471/797/386 468/792/386
f 470/796/387 472/798/388 468/799/389
f 468/799/389 466/800/388 470/796/387
f 469/801/390 467/791/390 471/802/390
f 467/791/390 469/801/390 465/789/390
f 473/803/391 474/804/391 475/805/391
f 474/804/391 473/803/391 476/806/391
f 477/807/392 474/804/392 478/808/392
f 475/805/392 474/804/392 477/807/392
f 479/809/393 480/810/393 478/808/393
f 477/807/393 478/808/393 480/810/393
f 476/806/394 480/811/394 479/812/394
f 480/811/394 476/806/394 473/803/394
f 477/807/395 480/810/395 473/813/395
f 473/813/395 475/814/395 477/807/395
f 478/808/396 476/815/390 479/809/390
f 476/815/390 478/808/396 474/816/390
f 481/817/397 482/818/398 483/819/398
f 484/820/398 483/819/398 482/818/398
f 485/821/399 482/822/399 481/823/400
f 482/822/399 485/821/399 486/824/399
f 486/824/401 487/825/402 488/826/401
f 487/825/402 486/824/401 485/821/403
f 483/819/404 484/820/405 487/825/405
f 488/826/405 487/825/405 484/820/405
f 486/824/5 488/826/5 484/827/5
f 484/827/5 482/828/5 486/824/5
f 485/829/406 483/819/390 487/830/390
f 483/819/390 485/829/406 481/817/406
f 489/831/407 490/832/407 491/833/407
f 490/832/407 489/831/407 492/834/407
f 493/835/408 490/832/408 494/836/408
f 491/833/408 490/832/408 493/835/408
f 495/837/409 496/838/409 494/836/409
f 493/835/409 494/836/409 496/838/409
f 492/834/410 496/839/411 495/840/411
f 496/839/411 492/834/410 489/831/411
f 493/835/412 496/838/412 489/841/412
f 489/841/412 491/842/413 493/835/412
f 494/836/7 492/843/7 495/837/7
f 492/843/7 494/836/7 490/844/7
f 497/845/414 498/846/414 499/847/414
f 499/847/414 498/846/414 500/848/414
f 501/849/415 502/850/416 497/851/415
f 498/852/416 497/851/415 502/850/416
f 502/850/417 503/853/417 504/854/417
f 503/853/417 502/850/417 501/849/417
f 499/847/418 504/854/419 503/853/420
f 504/854/419 499/847/418 500/848/419
f 498/855/421 504/854/422 500/856/421
f 504/854/422 498/855/421 502/850/421
f 499/847/423 501/857/423 497/845/424
f 501/857/423 499/847/423 503/858/425
f 505/859/426 506/860/426 507/861/426
f 506/860/426 505/859/426 508/862/427
f 509/863/428 510/864/429 505/865/428
f 508/866/429 505/865/428 510/864/429
f 511/867/430 512/868/430 509/863/430
f 510/864/430 509/863/430 512/868/430
f 507/861/431 512/868/432 511/867/431
f 512/868/432 507/861/431 506/860/431
f 508/869/422 512/868/422 506/870/422
f 512/868/422 508/869/422 510/864/422
f 507/861/433 509/871/433 505/859/434
f 509/871/433 507/861/433 511/872/434
f 513/873/3 514/874/3 515/875/3
f 515/875/3 516/876/3 513/873/3
f 516/876/136 515/875/136 517/877/136
f 518/878/136 517/877/136 515/875/136
f 515/875/435 514/879/435 519/880/435
f 519/880/435 514/879/435 520/881/436
f 521/882/437 520/883/437 513/873/437
f 514/874/437 513/873/437 520/883/437
f 522/884/1 523/885/1 518/878/1
f 517/877/1 518/878/1 523/885/1
f 519/880/438 518/878/439 515/875/438
f 518/878/439 519/880/438 522/886/438
f 524/887/440 522/884/441 519/888/441
f 522/884/441 524/887/440 523/885/441
f 519/889/442 521/882/443 524/890/444
f 521/882/443 519/889/442 520/883/444
f 525/891/445 526/892/445 527/893/445
f 527/893/446 528/894/446 525/891/446
f 527/893/407 529/895/407 528/894/447
f 530/896/407 529/895/407 527/893/407
f 527/893/2 526/897/2 531/898/2
f 531/898/2 526/897/2 532/899/2
f 533/900/409 526/892/409 525/891/409
f 526/892/409 533/900/409 532/901/409
f 534/902/448 530/896/448 535/903/448
f 529/895/448 530/896/448 534/902/448
f 531/898/2 530/896/2 527/893/2
f 530/896/2 531/898/2 535/904/2
f 531/905/449 534/902/449 535/903/449
f 534/902/449 531/905/449 536/906/449
f 533/900/450 531/907/450 532/901/450
f 531/907/450 533/900/450 536/908/450
f 537/909/451 538/910/451 539/911/451
f 540/912/452 539/911/451 538/910/451
f 541/913/453 542/914/454 540/915/453
f 539/916/454 540/915/453 542/914/454
f 542/914/455 543/917/455 544/918/455
f 543/917/455 542/914/455 541/913/455
f 538/910/456 544/918/457 543/917/456
f 544/918/457 538/910/456 537/909/457
f 539/919/421 544/918/422 537/920/422
f 544/918/422 539/919/421 542/914/422
f 540/912/458 538/910/458 543/921/458
f 540/912/458 543/921/458 541/922/458
f 545/923/459 546/924/459 547/925/459
f 546/924/459 545/923/459 548/926/459
f 549/927/460 550/928/460 545/929/460
f 548/930/461 545/929/460 550/928/460
f 551/931/462 552/932/462 549/927/462
f 550/928/462 549/927/462 552/932/462
f 547/925/463 552/932/464 551/931/465
f 552/932/464 547/925/463 546/924/464
f 548/933/421 552/932/422 546/934/421
f 552/932/422 548/933/421 550/928/421
f 545/923/466 547/925/467 551/935/467
f 545/923/466 551/935/467 549/936/467
f 553/937/468 554/938/468 555/939/468
f 555/939/468 554/938/468 556/940/468
f 557/941/469 558/942/469 553/943/469
f 554/944/469 553/943/469 558/942/469
f 558/942/470 559/945/471 560/946/471
f 559/945/471 558/942/470 557/941/470
f 556/940/472 559/945/473 555/939/473
f 559/945/473 556/940/472 560/946/472
f 554/947/104 560/946/3 556/948/3
f 560/946/3 554/947/104 558/942/104
f 553/937/474 555/939/475 559/949/474
f 553/937/474 559/949/474 557/950/476
f 561/951/477 562/952/477 563/953/477
f 562/952/477 561/951/477 564/954/477
f 565/955/478 564/956/478 561/957/478
f 564/956/478 565/955/478 566/958/478
f 567/959/479 568/960/479 565/955/479
f 566/958/479 565/955/479 568/960/479
f 562/952/480 567/959/481 563/953/480
f 567/959/481 562/952/480 568/960/480
f 564/961/422 568/960/422 562/962/422
f 568/960/422 564/961/422 566/958/422
f 561/951/467 563/953/467 567/963/467
f 561/951/467 567/963/467 565/964/467
f 569/965/482 570/966/482 571/967/483
f 569/965/482 571/967/483 572/968/482
f 573/969/484 574/970/485 572/971/486
f 573/969/484 572/971/486 571/972/484
f 573/969/487 575/973/487 574/970/487
f 575/973/487 573/969/487 576/974/487
f 569/965/488 576/974/489 570/966/489
f 576/974/489 569/965/488 575/973/488
f 571/975/490 576/974/490 573/969/490
f 576/974/490 571/975/490 570/976/490
f 569/965/491 574/977/491 575/978/492
f 574/977/491 569/965/491 572/968/491
f 577/979/493 578/980/493 579/981/493
f 578/980/493 577/979/493 580/982/493
f 581/983/494 582/984/495 577/985/495
f 581/983/494 577/985/495 579/986/495
f 583/987/496 584/988/497 582/984/496
f 582/984/496 581/983/496 583/987/496
f 583/987/498 580/982/499 584/988/498
f 580/982/499 583/987/498 578/980/498
f 579/989/490 583/987/490 581/983/490
f 583/987/490 579/989/490 578/990/490
f 580/982/500 582/991/500 584/992/500
f 582/991/500 580/982/500 577/979/501
f 585/993/3 586/994/3 587/995/3
f 588/996/3 586/994/3 585/993/3
f 586/994/502 588/996/502 589/997/502
f 586/994/502 589/997/502 590/998/502
f 587/999/503 591/1000/504 592/1001/503
f 587/999/503 586/994/504 591/1000/504
f 592/1002/69 593/1003/69 585/993/69
f 592/1002/69 585/993/69 587/995/69
f 594/1004/1 595/1005/1 590/998/1
f 594/1004/1 590/998/1 589/997/1
f 591/1000/505 590/998/506 595/1006/505
f 590/998/506 591/1000/505 586/994/505
f 595/1005/507 594/1004/507 596/1007/507
f 595/1005/508 596/1007/508 591/1008/508
f 591/1009/509 593/1003/509 592/1002/509
f 593/1003/510 591/1009/510 596/1010/510
f 597/1011/511 598/1012/511 599/1013/511
f 600/1014/511 598/1012/511 597/1011/511
f 598/1012/407 600/1014/407 601/1015/407
f 601/1015/407 602/1016/407 598/1012/407
f 599/1017/2 598/1012/2 603/1018/2
f 603/1018/2 604/1019/2 599/1017/2
f 605/1020/409 599/1013/409 604/1021/409
f 599/1013/409 605/1020/409 597/1011/409
f 606/1022/512 607/1023/512 602/1016/512
f 602/1016/512 601/1015/512 606/1022/512
f 602/1016/2 603/1018/2 598/1012/2
f 603/1018/2 602/1016/2 607/1024/2
f 606/1022/513 603/1025/514 607/1023/514
f 603/1025/514 606/1022/513 608/1026/514
f 603/1027/515 605/1020/515 604/1021/515
f 605/1020/515 603/1027/515 608/1028/515
f 609/1029/516 610/1030/516 611/1031/516
f 611/1031/516 612/1032/516 609/1029/516
f 613/1033/517 614/1034/517 610/1035/517
f 613/1033/517 610/1035/517 609/1036/518
f 613/1033/519 615/1037/520 614/1034/520
f 615/1037/520 613/1033/519 616/1038/520
f 611/1031/521 616/1038/522 612/1032/522
f 616/1038/522 611/1031/521 615/1037/523
f 609/1039/490 616/1038/524 613/1033/490
f 616/1038/524 609/1039/490 612/1040/524
f 611/1031/525 610/1030/525 615/1041/525
f 614/1042/525 615/1041/525 610/1030/525
f 617/1043/526 618/1044/526 619/1045/527
f 618/1044/526 617/1043/526 620/1046/526
f 621/1047/528 622/1048/529 617/1049/528
f 621/1047/528 617/1049/528 619/1050/528
f 623/1051/530 624/1052/530 622/1048/530
f 622/1048/530 621/1047/531 623/1051/530
f 623/1051/532 620/1046/533 624/1052/533
f 620/1046/533 623/1051/532 618/1044/534
f 619/1053/490 623/1051/490 621/1047/490
f 623/1051/490 619/1053/490 618/1054/490
f 620/1046/500 617/1043/501 624/1055/501
f 622/1056/501 624/1055/501 617/1043/501
f 625/1057/535 626/1058/535 627/1059/535
f 626/1058/535 625/1057/535 628/1060/535
f 629/1061/536 630/1062/536 628/1063/536
f 629/1061/536 628/1063/536 625/1064/536
f 631/1065/537 629/1061/537 632/1066/538
f 629/1061/537 631/1065/537 630/1062/537
f 631/1065/539 632/1066/540 627/1059/539
f 631/1065/539 627/1059/539 626/1058/539
f 625/1067/168 632/1066/3 629/1061/168
f 632/1066/3 625/1067/168 627/1068/3
f 626/1058/541 628/1060/542 631/1069/542
f 630/1070/542 631/1069/542 628/1060/542
f 633/1071/293 634/1072/293 635/1073/293
f 634/1072/293 633/1071/293 636/1074/293
f 637/1075/543 635/1076/543 638/1077/543
f 635/1076/543 637/1075/543 633/1078/543
f 639/1079/544 640/1080/544 637/1075/544
f 637/1075/544 638/1077/545 639/1079/544
f 634/1072/546 640/1080/547 639/1079/546
f 640/1080/547 634/1072/546 636/1074/546
f 635/1081/490 639/1079/490 638/1077/490
f 639/1079/490 635/1081/490 634/1082/490
f 636/1074/548 633/1071/548 640/1083/548
f 637/1084/548 640/1083/548 633/1071/548
f 641/1085/549 642/1086/549 643/1087/549
f 644/1088/549 643/1087/549 642/1086/549
f 642/1089/550 641/1090/550 645/1091/550
f 641/1090/550 646/1092/550 645/1091/550
f 645/1091/551 647/1093/551 648/1094/551
f 647/1093/551 645/1091/551 646/1092/551
f 643/1087/552 644/1088/552 647/1093/552
f 648/1094/552 647/1093/552 644/1088/552
f 645/1091/553 644/1095/554 642/1096/554
f 644/1095/554 645/1091/553 648/1094/554
f 646/1097/555 643/1087/556 647/1098/556
f 643/1087/556 646/1097/555 641/1085/556
f 649/1099/557 650/1100/557 651/1101/557
f 650/1100/557 649/1099/557 652/1102/557
f 651/1101/558 653/1103/558 654/1104/558
f 653/1103/558 651/1101/558 650/1100/559
f 655/1105/560 656/1106/560 653/1103/561
f 654/1104/560 653/1103/561 656/1106/560
f 656/1107/562 655/1108/563 649/1099/563
f 655/1108/563 652/1102/563 649/1099/563
f 654/1104/564 649/1109/565 651/1110/565
f 649/1109/565 654/1104/564 656/1106/565
f 653/1103/566 652/1111/566 655/1105/566
f 652/1111/566 653/1103/566 650/1112/566
f 657/1113/567 658/1114/568 659/1115/567
f 660/1116/567 659/1115/567 658/1114/568
f 661/1117/569 658/1118/569 657/1119/569
f 658/1118/569 661/1117/569 662/1120/569
f 662/1120/570 663/1121/571 664/1122/570
f 663/1121/571 662/1120/570 661/1117/571
f 659/1115/572 660/1116/572 663/1121/573
f 664/1122/573 663/1121/573 660/1116/572
f 662/1120/5 660/1123/5 658/1124/5
f 660/1123/5 662/1120/5 664/1122/5
f 661/1125/574 659/1115/574 663/1126/574
f 659/1115/574 661/1125/574 657/1113/574
f 665/1127/575 666/1128/576 667/1129/575
f 666/1128/576 665/1127/575 668/1130/577
f 669/1131/578 666/1128/579 670/1132/578
f 666/1128/579 669/1131/578 667/1129/578
f 671/1133/580 672/1134/581 670/1132/582
f 669/1131/581 670/1132/582 672/1134/581
f 668/1130/583 672/1135/583 671/1136/584
f 672/1135/583 668/1130/583 665/1127/584
f 665/1137/585 667/1138/586 669/1131/585
f 665/1137/585 669/1131/585 672/1134/585
f 670/1132/7 668/1139/7 671/1133/7
f 668/1139/7 670/1132/7 666/1140/7
f 673/1141/1 674/1142/1 675/1143/1
f 674/1142/1 673/1141/1 676/1144/1
f 675/1145/4 674/1146/4 677/1147/4
f 677/1147/4 674/1146/4 678/1148/4
f 677/1147/3 679/1149/3 680/1150/3
f 679/1149/3 677/1147/3 678/1148/3
f 680/1150/2 679/1149/2 673/1141/2
f 673/1141/2 679/1149/2 676/1144/2
f 673/1151/5 675/1152/6 677/1147/6
f 673/1151/5 677/1147/6 680/1150/5
f 679/1153/7 678/1154/8 674/1142/7
f 679/1153/7 674/1142/7 676/1144/7
f 681/1155/1 682/1156/1 683/1157/1
f 682/1156/1 681/1155/1 684/1158/1
f 683/1159/4 682/1160/4 685/1161/4
f 685/1161/4 682/1160/4 686/1162/4
f 685/1161/3 687/1163/3 688/1164/3
f 687/1163/3 685/1161/3 686/1162/3
f 688/1164/2 687/1163/2 681/1155/2
f 681/1155/2 687/1163/2 684/1158/2
f 681/1165/5 683/1166/6 685/1161/6
f 681/1165/5 685/1161/6 688/1164/5
f 687/1167/7 686/1168/8 682/1156/7
f 687/1167/7 682/1156/7 684/1158/7
f 689/1169/380 690/1170/379 691/1171/381
f 692/1172/380 691/1171/381 690/1170/379
f 690/1173/587 693/1174/587 694/1175/587
f 693/1174/587 690/1173/587 689/1176/587
f 694/1175/383 695/1177/383 696/1178/383
f 695/1177/383 694/1175/383 693/1174/588
f 691/1171/589 692/1172/589 695/1177/589
f 696/1178/589 695/1177/589 692/1172/589
f 694/1175/388 696/1178/388 692/1179/388
f 692/1179/388 690/1180/388 694/1175/388
f 693/1181/590 691/1171/590 695/1182/590
f 691/1171/590 693/1181/590 689/1169/590
f 697/1183/591 698/1184/591 699/1185/591
f 698/1184/591 697/1183/591 700/1186/591
f 701/1187/592 702/1188/592 698/1184/592
f 699/1185/592 698/1184/592 702/1188/592
f 703/1189/593 704/1190/593 701/1187/593
f 702/1188/593 701/1187/593 704/1190/593
f 704/1191/594 700/1186/595 697/1183/594
f 700/1186/595 704/1191/594 703/1192/596
f 702/1188/395 704/1190/395 697/1193/395
f 697/1193/395 699/1194/395 702/1188/395
f 701/1187/590 700/1195/590 703/1189/590
f 700/1195/590 701/1187/590 698/1196/590
f 705/1197/597 706/1198/597 707/1199/597
f 708/1200/597 707/1199/597 706/1198/597
f 709/1201/598 706/1202/598 705/1203/598
f 706/1202/598 709/1201/598 710/1204/598
f 710/1204/599 711/1205/599 712/1206/599
f 711/1205/599 710/1204/599 709/1201/599
f 707/1199/600 708/1200/600 711/1205/600
f 712/1206/601 711/1205/600 708/1200/600
f 710/1204/5 712/1206/5 708/1207/5
f 708/1207/5 706/1208/5 710/1204/5
f 709/1209/390 707/1199/390 711/1210/390
f 707/1199/390 709/1209/390 705/1197/390
f 713/1211/407 714/1212/407 715/1213/407
f 714/1212/407 713/1211/407 716/1214/407
f 717/1215/602 714/1212/602 718/1216/602
f 715/1213/602 714/1212/602 717/1215/602
f 719/1217/603 720/1218/409 718/1216/409
f 717/1215/409 718/1216/409 720/1218/409
f 716/1214/604 720/1219/605 719/1220/604
f 720/1219/605 716/1214/604 713/1211/604
f 717/1215/388 720/1218/388 713/1221/388
f 713/1221/388 715/1222/388 717/1215/388
f 718/1216/7 716/1223/7 719/1217/7
f 716/1223/7 718/1216/7 714/1224/7
f 721/1225/606 722/1226/607 723/1227/607
f 723/1227/607 722/1226/607 724/1228/606
f 725/1229/608 726/1230/608 721/1231/608
f 722/1232/608 721/1231/608 726/1230/608
f 726/1230/609 727/1233/609 728/1234/610
f 727/1233/609 726/1230/609 725/1229/609
f 723/1227/611 728/1234/611 727/1233/611
f 728/1234/611 723/1227/611 724/1228/611
f 722/1235/422 728/1234/612 724/1236/422
f 728/1234/612 722/1235/422 726/1230/422
f 723/1227/613 725/1237/613 721/1225/614
f 725/1237/613 723/1227/613 727/1238/614
f 729/1239/615 730/1240/615 731/1241/615
f 730/1240/615 729/1239/615 732/1242/615
f 733/1243/616 734/1244/617 729/1245/617
f 732/1246/617 729/1245/617 734/1244/617
f 735/1247/618 736/1248/618 733/1243/618
f 734/1244/618 733/1243/618 736/1248/618
f 731/1241/619 736/1248/619 735/1247/619
f 736/1248/619 731/1241/619 730/1240/620
f 732/1249/621 736/1248/621 730/1250/622
f 736/1248/621 732/1249/621 734/1244/621
f 731/1241/433 733/1251/433 729/1239/433
f 733/1251/433 731/1241/433 735/1252/433
f 737/1253/3 738/1254/3 739/1255/3
f 739/1255/3 740/1256/3 737/1253/3
f 740/1256/314 739/1255/314 741/1257/314
f 742/1258/315 741/1257/314 739/1255/314
f 739/1255/435 738/1259/436 743/1260/436
f 743/1260/436 738/1259/436 744/1261/436
f 745/1262/623 744/1263/623 737/1253/623
f 738/1254/623 737/1253/623 744/1263/623
f 746/1264/1 747/1265/1 742/1258/1
f 741/1257/1 742/1258/1 747/1265/1
f 743/1260/624 742/1258/624 739/1255/625
f 742/1258/624 743/1260/624 746/1266/624
f 748/1267/626 746/1264/627 743/1268/627
f 746/1264/627 748/1267/626 747/1265/626
f 743/1269/628 745/1262/628 748/1270/628
f 745/1262/628 743/1269/628 744/1263/629
f 749/1271/630 750/1272/630 751/1273/630
f 751/1273/630 752/1274/630 749/1271/630
f 751/1273/407 753/1275/407 752/1274/407
f 754/1276/407 753/1275/407 751/1273/407
f 751/1273/2 750/1277/2 755/1278/2
f 755/1278/2 750/1277/2 756/1279/2
f 757/1280/409 750/1272/409 749/1271/409
f 750/1272/409 757/1280/409 756/1281/409
f 758/1282/631 754/1276/631 759/1283/631
f 753/1275/631 754/1276/631 758/1282/631
f 755/1278/2 754/1276/2 751/1273/2
f 754/1276/2 755/1278/2 759/1284/2
f 755/1285/449 758/1282/449 759/1283/449
f 758/1282/449 755/1285/449 760/1286/449
f 757/1280/632 755/1287/632 756/1281/632
f 755/1287/632 757/1280/632 760/1288/632
f 761/1289/633 762/1290/633 763/1291/633
f 764/1292/633 763/1291/633 762/1290/633
f 765/1293/634 766/1294/634 764/1295/634
f 763/1296/634 764/1295/634 766/1294/634
f 766/1294/635 767/1297/635 768/1298/635
f 767/1297/635 766/1294/635 765/1293/635
f 762/1290/636 768/1298/636 767/1297/636
f 768/1298/636 762/1290/636 761/1289/636
f 763/1299/422 768/1298/421 761/1300/422
f 768/1298/421 763/1299/422 766/1294/421
f 762/1290/637 765/1301/637 764/1292/637
f 765/1301/637 762/1290/637 767/1302/638
f 769/1303/639 770/1304/640 771/1305/639
f 770/1304/640 769/1303/639 772/1306/640
f 773/1307/641 774/1308/641 769/1309/641
f 772/1310/642 769/1309/641 774/1308/641
f 775/1311/643 776/1312/643 773/1307/643
f 774/1308/643 773/1307/643 776/1312/643
f 771/1305/644 776/1312/644 775/1311/644
f 776/1312/644 771/1305/644 770/1304/644
f 772/1313/422 776/1312/422 770/1314/422
f 776/1312/422 772/1313/422 774/1308/422
f 771/1305/434 773/1315/433 769/1303/434
f 773/1315/433 771/1305/434 775/1316/433
f 777/1317/645 778/1318/645 779/1319/645
f 779/1319/645 778/1318/645 780/1320/645
f 781/1321/646 782/1322/647 777/1323/646
f 778/1324/648 777/1323/646 782/1322/647
f 782/1322/649 783/1325/650 784/1326/649
f 783/1325/650 782/1322/649 781/1321/650
f 780/1320/651 783/1325/652 779/1319/651
f 783/1325/652 780/1320/651 784/1326/651
f 778/1327/104 784/1326/3 780/1328/3
f 784/1326/3 778/1327/104 782/1322/104
f 777/1317/475 779/1319/475 783/1329/474
f 777/1317/475 783/1329/474 781/1330/474
f 785/1331/653 786/1332/653 787/1333/653
f 786/1332/653 785/1331/653 788/1334/653
f 789/1335/654 788/1336/654 785/1337/654
f 788/1336/654 789/1335/654 790/1338/654
f 791/1339/171 792/1340/171 789/1335/171
f 790/1338/171 789/1335/171 792/1340/171
f 786/1332/655 791/1339/656 787/1333/656
f 791/1339/656 786/1332/655 792/1340/655
f 788/1341/422 792/1340/422 786/1342/422
f 792/1340/422 788/1341/422 790/1338/422
f 785/1331/466 787/1333/467 791/1343/467
f 785/1331/466 791/1343/467 789/1344/467
f 793/1345/657 794/1346/658 795/1347/658
f 793/1345/657 795/1347/658 796/1348/657
f 797/1349/659 798/1350/659 796/1351/659
f 797/1349/659 796/1351/659 795/1352/659
f 797/1349/660 799/1353/660 798/1350/660
f 799/1353/660 797/1349/660 800/1354/660
f 793/1345/661 800/1354/661 794/1346/661
f 800/1354/661 793/1345/661 799/1353/661
f 795/1355/490 800/1354/490 797/1349/490
f 800/1354/490 795/1355/490 794/1356/490
f 793/1345/662 798/1357/662 799/1358/662
f 798/1357/662 793/1345/662 796/1348/662
f 801/1359/663 802/1360/663 803/1361/663
f 802/1360/663 801/1359/663 804/1362/663
f 805/1363/664 806/1364/664 801/1365/664
f 805/1363/664 801/1365/664 803/1366/664
f 807/1367/665 808/1368/665 806/1364/666
f 806/1364/666 805/1363/665 807/1367/665
f 807/1367/667 804/1362/668 808/1368/669
f 804/1362/668 807/1367/667 802/1360/669
f 803/1369/670 807/1367/671 805/1363/670
f 807/1367/671 803/1369/670 802/1370/670
f 804/1362/672 806/1371/672 808/1372/672
f 806/1371/672 804/1362/672 801/1359/672
f 809/1373/3 810/1374/3 811/1375/3
f 812/1376/3 810/1374/3 809/1373/3
f 810/1374/673 812/1376/673 813/1377/673
f 810/1374/673 813/1377/673 814/1378/673
f 811/1379/503 815/1380/504 816/1381/503
f 811/1379/503 810/1374/503 815/1380/504
f 816/1382/255 817/1383/255 809/1373/255
f 816/1382/254 809/1373/254 811/1375/254
f 818/1384/1 819/1385/1 814/1378/1
f 818/1384/1 814/1378/1 813/1377/1
f 815/1380/674 814/1378/675 819/1386/675
f 814/1378/675 815/1380/674 810/1374/675
f 819/1385/676 818/1384/676 820/1387/676
f 819/1385/676 820/1387/676 815/1388/676
f 815/1389/677 817/1383/677 816/1382/677
f 817/1383/677 815/1389/677 820/1390/677
f 821/1391/678 822/1392/678 823/1393/678
f 824/1394/678 822/1392/678 821/1391/678
f 822/1392/407 824/1394/407 825/1395/407
f 825/1395/407 826/1396/407 822/1392/407
f 827/1397/2 828/1398/2 823/1399/2
f 827/1397/2 823/1399/2 822/1392/2
f 829/1400/409 823/1393/409 828/1401/409
f 823/1393/409 829/1400/409 821/1391/409
f 830/1402/679 831/1403/679 826/1396/679
f 826/1396/679 825/1395/679 830/1402/679
f 826/1396/2 827/1397/2 822/1392/2
f 827/1397/2 826/1396/2 831/1404/2
f 830/1402/514 827/1405/514 831/1403/513
f 827/1405/514 830/1402/514 832/1406/513
f 827/1407/680 829/1400/680 828/1401/680
f 829/1400/680 827/1407/680 832/1408/680
f 833/1409/681 834/1410/681 835/1411/681
f 835/1411/681 836/1412/681 833/1409/681
f 837/1413/682 838/1414/682 834/1415/682
f 837/1413/682 834/1415/682 833/1416/682
f 837/1413/683 839/1417/683 838/1414/684
f 839/1417/683 837/1413/683 840/1418/683
f 835/1411/685 840/1418/685 836/1412/685
f 840/1418/685 835/1411/685 839/1417/685
f 833/1419/490 840/1418/490 837/1413/490
f 840/1418/490 833/1419/490 836/1420/524
f 835/1411/686 838/1421/687 839/1422/686
f 838/1421/687 835/1411/686 834/1410/686
f 841/1423/688 842/1424/688 843/1425/688
f 842/1424/688 841/1423/688 844/1426/688
f 845/1427/689 846/1428/690 841/1429/690
f 845/1427/689 841/1429/690 843/1430/689
f 847/1431/691 848/1432/691 846/1428/691
f 846/1428/691 845/1427/691 847/1431/691
f 847/1431/692 844/1426/693 848/1432/692
f 844/1426/693 847/1431/692 842/1424/692
f 843/1433/694 847/1431/490 845/1427/490
f 847/1431/490 843/1433/694 842/1434/694
f 844/1426/501 846/1435/500 848/1436/500
f 846/1435/500 844/1426/501 841/1423/501
f 849/1437/695 850/1438/695 851/1439/695
f 850/1438/695 849/1437/695 852/1440/695
f 853/1441/696 854/1442/697 852/1443/697
f 853/1441/696 852/1443/697 849/1444/698
f 855/1445/699 853/1441/700 856/1446/700
f 853/1441/700 855/1445/699 854/1442/699
f 855/1445/701 856/1446/702 851/1439/702
f 855/1445/701 851/1439/702 850/1438/702
f 856/1446/3 849/1447/168 851/1448/3
f 849/1447/168 856/1446/3 853/1441/168
f 850/1438/542 852/1440/542 855/1449/542
f 854/1450/703 855/1449/542 852/1440/542
f 857/1451/704 858/1452/704 859/1453/704
f 858/1452/704 857/1451/704 860/1454/704
f 861/1455/705 859/1456/705 862/1457/705
f 859/1456/705 861/1455/705 857/1458/705
f 863/1459/706 864/1460/707 861/1455/707
f 861/1455/707 862/1457/706 863/1459/706
f 858/1452/708 864/1460/709 863/1459/708
f 864/1460/709 858/1452/708 860/1454/709
f 859/1461/490 863/1459/490 862/1457/490
f 863/1459/490 859/1461/490 858/1462/490
f 860/1454/710 857/1451/548 864/1463/710
f 861/1464/710 864/1463/710 857/1451/548
f 865/1465/549 866/1466/549 867/1467/549
f 868/1468/549 867/1467/549 866/1466/549
f 866/1469/711 865/1470/712 869/1471/712
f 865/1470/712 870/1472/711 869/1471/712
f 869/1471/551 871/1473/713 872/1474/551
f 871/1473/713 869/1471/551 870/1472/713
f 872/1474/714 871/1473/715 868/1468/715
f 868/1468/715 871/1473/715 867/1467/715
f 869/1471/554 868/1475/716 866/1476/554
f 868/1475/716 869/1471/554 872/1474/716
f 870/1477/717 867/1467/717 871/1478/717
f 867/1467/717 870/1477/717 865/1465/717
f 873/1479/557 874/1480/557 875/1481/557
f 874/1480/557 873/1479/557 876/1482/557
f 875/1481/718 877/1483/718 878/1484/718
f 877/1483/718 875/1481/718 874/1480/718
f 879/1485/561 880/1486/560 877/1483/560
f 878/1484/560 877/1483/560 880/1486/560
f 880/1487/719 879/1488/719 873/1479/719
f 879/1488/719 876/1482/719 873/1479/719
f 878/1484/720 873/1489/720 875/1490/721
f 873/1489/720 878/1484/720 880/1486/721
f 877/1483/556 876/1491/722 879/1485/556
f 876/1491/722 877/1483/556 874/1492/556
f 881/1493/723 882/1494/724 883/1495/723
f 884/1496/724 883/1495/723 882/1494/724
f 885/1497/725 882/1498/726 881/1499/727
f 882/1498/726 885/1497/725 886/1500/725
f 886/1500/728 887/1501/728 888/1502/728
f 887/1501/728 886/1500/728 885/1497/728
f 883/1495/729 884/1496/729 887/1501/729
f 888/1502/729 887/1501/729 884/1496/729
f 886/1500/5 884/1503/5 882/1504/5
f 884/1503/5 886/1500/5 888/1502/5
f 885/1505/566 883/1495/566 887/1506/574
f 883/1495/566 885/1505/566 881/1493/566
f 889/1507/577 890/1508/577 891/1509/577
f 890/1508/577 889/1507/577 892/1510/577
f 893/1511/730 890/1508/730 894/1512/730
f 890/1508/730 893/1511/730 891/1509/731
f 895/1513/580 896/1514/581 894/1512/582
f 893/1511/581 894/1512/582 896/1514/581
f 892/1510/732 896/1515/733 895/1516/733
f 896/1515/733 892/1510/732 889/1507/733
f 889/1517/554 891/1518/553 893/1511/554
f 889/1517/554 893/1511/554 896/1514/554
f 894/1512/7 892/1519/7 895/1513/7
f 892/1519/7 894/1512/7 890/1520/7
f 897/1521/734 898/1522/734 899/1523/734
f 900/1524/734 897/1521/734 899/1523/734
f 901/1525/735 902/1526/735 903/1527/735
f 903/1527/735 904/1528/735 901/1525/735
f 905/1529/736 901/1530/736 906/1531/736
f 901/1530/736 905/1529/736 902/1532/736
f 907/1533/737 906/1531/737 908/1534/737
f 906/1531/737 907/1533/737 905/1529/737
f 903/1527/738 908/1534/739 904/1528/740
f 908/1534/739 903/1527/738 907/1533/739
f 909/1535/741 910/1536/741 911/1537/741
f 910/1536/741 909/1535/741 912/1538/741
f 913/1539/742 911/1537/742 914/1540/742
f 911/1537/742 913/1539/742 909/1535/742
f 915/1541/743 916/1542/743 913/1539/743
f 913/1539/743 914/1540/743 915/1541/743
f 910/1536/744 916/1543/744 915/1544/744
f 916/1543/745 910/1536/745 912/1538/745
f 917/1545/746 918/1546/746 919/1547/746
f 919/1547/747 920/1548/747 917/1545/747
f 921/1549/748 917/1550/748 922/1551/749
f 917/1550/748 921/1549/748 918/1552/748
f 923/1553/750 922/1551/750 924/1554/750
f 922/1551/750 923/1553/750 921/1549/750
f 923/1553/751 920/1548/751 919/1547/752
f 920/1548/751 923/1553/751 924/1554/752
f 925/1555/753 926/1556/753 927/1557/753
f 926/1556/753 925/1555/753 928/1558/753
f 929/1559/754 927/1557/754 930/1560/754
f 927/1557/754 929/1559/754 925/1555/754
f 931/1561/743 932/1562/743 929/1559/743
f 929/1559/743 930/1560/743 931/1561/743
f 926/1556/755 932/1563/755 931/1564/755
f 932/1563/755 926/1556/755 928/1558/755
f 933/1565/756 934/1566/756 935/1567/756
f 935/1567/757 936/1568/757 933/1565/757
f 937/1569/758 933/1570/759 938/1571/759
f 933/1570/759 937/1569/758 934/1572/758
f 939/1573/760 938/1571/761 940/1574/750
f 938/1571/761 939/1573/760 937/1569/760
f 935/1567/762 940/1574/763 936/1568/763
f 940/1574/763 935/1567/762 939/1573/762
f 941/1575/741 942/1576/741 943/1577/764
f 942/1576/741 941/1575/741 944/1578/741
f 945/1579/742 943/1577/742 946/1580/742
f 943/1577/742 945/1579/742 941/1575/742
f 947/1581/765 948/1582/765 945/1579/765
f 945/1579/765 946/1580/765 947/1581/765
f 942/1576/744 948/1583/744 947/1584/744
f 948/1583/744 942/1576/744 944/1578/744
f 949/1585/766 950/1586/766 951/1587/766
f 951/1587/767 952/1588/767 949/1585/767
f 953/1589/768 950/1590/768 949/1591/768
f 950/1590/769 953/1589/768 954/1592/768
f 955/1593/770 953/1589/770 956/1594/770
f 953/1589/770 955/1593/770 954/1592/770
f 951/1587/771 956/1594/771 952/1588/771
f 956/1594/771 951/1587/771 955/1593/772
f 957/1595/741 958/1596/741 959/1597/741
f 958/1596/741 957/1595/741 960/1598/741
f 961/1599/773 959/1597/774 962/1600/774
f 959/1597/774 961/1599/773 957/1595/774
f 963/1601/743 964/1602/743 961/1599/743
f 961/1599/743 962/1600/743 963/1601/743
f 958/1596/775 964/1603/775 963/1604/775
f 964/1603/775 958/1596/775 960/1598/775
f 965/1605/747 966/1606/747 967/1607/747
f 967/1607/747 968/1608/747 965/1605/747
f 969/1609/759 966/1610/759 965/1611/759
f 966/1610/759 969/1609/759 970/1612/776
f 971/1613/777 969/1609/777 972/1614/777
f 969/1609/777 971/1613/777 970/1612/777
f 967/1607/763 972/1614/763 968/1608/763
f 972/1614/763 967/1607/763 971/1613/762
f 973/1615/778 974/1616/778 975/1617/778
f 974/1616/778 973/1615/778 976/1618/778
f 977/1619/779 975/1617/780 978/1620/779
f 975/1617/780 977/1619/779 973/1615/780
f 979/1621/765 980/1622/765 977/1619/765
f 977/1619/781 978/1620/781 979/1621/781
f 974/1616/745 980/1623/745 979/1624/745
f 980/1623/745 974/1616/745 976/1618/745
f 981/1625/782 982/1626/782 983/1627/782
f 983/1627/782 984/1628/782 981/1625/782
f 985/1629/783 981/1630/783 986/1631/783
f 981/1630/783 985/1629/783 982/1632/783
f 987/1633/784 986/1631/785 988/1634/786
f 986/1631/785 987/1633/784 985/1629/785
f 984/1628/787 983/1627/787 987/1633/787
f 984/1628/787 987/1633/787 988/1634/787
f 989/1635/788 990/1636/788 991/1637/789
f 990/1636/788 989/1635/788 992/1638/790
f 993/1639/791 994/1640/791 989/1635/791
f 989/1635/791 991/1637/791 993/1639/791
f 995/1641/792 996/1642/792 994/1640/792
f 994/1640/792 993/1639/792 995/1641/792
f 995/1643/793 992/1638/793 996/1644/793
f 992/1638/793 995/1643/793 990/1636/793
f 997/1645/794 998/1646/794 999/1647/794
f 997/1645/794 999/1647/794 1000/1648/794
f 1001/1649/795 1002/1650/795 1003/1651/795
f 1004/1652/795 1003/1651/795 1002/1650/795
f 1005/1653/796 1002/1654/796 1001/1655/796
f 1002/1654/796 1005/1653/796 1006/1656/796
f 1007/1657/797 1006/1656/797 1005/1653/797
f 1006/1656/797 1007/1657/797 1008/1658/797
f 1008/1658/798 1003/1651/798 1004/1652/798
f 1003/1651/798 1008/1658/798 1007/1657/798
f 1009/1659/799 1010/1660/799 1011/1661/799
f 1010/1660/799 1009/1659/799 1012/1662/799
f 1012/1662/800 1013/1663/800 1014/1664/800
f 1013/1663/800 1012/1662/800 1009/1659/800
f 1015/1665/801 1016/1666/801 1013/1663/801
f 1014/1664/801 1013/1663/801 1016/1666/801
f 1011/1661/802 1010/1660/803 1015/1667/803
f 1016/1668/803 1015/1667/803 1010/1660/803
f 1017/1669/804 1018/1670/804 1019/1671/804
f 1020/1672/804 1019/1671/804 1018/1670/804
f 1021/1673/805 1018/1674/805 1017/1675/805
f 1018/1674/805 1021/1673/805 1022/1676/805
f 1023/1677/806 1022/1676/806 1021/1673/806
f 1022/1676/806 1023/1677/806 1024/1678/806
f 1024/1678/807 1023/1677/808 1020/1672/807
f 1020/1672/807 1023/1677/808 1019/1671/807
f 1025/1679/809 1026/1680/809 1027/1681/809
f 1026/1680/809 1025/1679/809 1028/1682/809
f 1028/1682/810 1029/1683/810 1030/1684/810
f 1029/1683/810 1028/1682/810 1025/1679/810
f 1031/1685/801 1032/1686/801 1029/1683/801
f 1030/1684/801 1029/1683/801 1032/1686/801
f 1027/1681/811 1026/1680/811 1031/1687/811
f 1032/1688/811 1031/1687/811 1026/1680/811
f 1033/1689/812 1034/1690/813 1035/1691/813
f 1036/1692/812 1035/1691/813 1034/1690/813
f 1037/1693/814 1034/1694/814 1033/1695/814
f 1034/1694/815 1037/1693/815 1038/1696/815
f 1039/1697/816 1038/1696/816 1037/1693/816
f 1038/1696/806 1039/1697/806 1040/1698/806
f 1040/1698/817 1035/1691/817 1036/1692/817
f 1035/1691/818 1040/1698/818 1039/1697/818
f 1041/1699/799 1042/1700/799 1043/1701/799
f 1042/1700/799 1041/1699/799 1044/1702/799
f 1044/1702/800 1045/1703/800 1046/1704/800
f 1045/1703/819 1044/1702/819 1041/1699/819
f 1047/1705/820 1048/1706/821 1045/1703/820
f 1046/1704/820 1045/1703/820 1048/1706/821
f 1043/1701/802 1042/1700/803 1047/1707/802
f 1048/1708/803 1047/1707/802 1042/1700/803
f 1049/1709/822 1050/1710/822 1051/1711/823
f 1052/1712/822 1051/1711/823 1050/1710/822
f 1053/1713/824 1054/1714/825 1049/1715/824
f 1050/1716/825 1049/1715/824 1054/1714/825
f 1055/1717/826 1054/1714/826 1053/1713/826
f 1054/1714/826 1055/1717/826 1056/1718/826
f 1056/1718/827 1051/1711/827 1052/1712/827
f 1051/1711/828 1056/1718/827 1055/1717/828
f 1057/1719/829 1058/1720/829 1059/1721/829
f 1058/1720/799 1057/1719/799 1060/1722/799
f 1060/1722/830 1061/1723/830 1062/1724/830
f 1061/1723/831 1060/1722/831 1057/1719/831
f 1063/1725/801 1064/1726/801 1061/1723/801
f 1062/1724/801 1061/1723/801 1064/1726/801
f 1059/1721/832 1058/1720/832 1063/1727/832
f 1064/1728/832 1063/1727/832 1058/1720/832
f 1065/1729/804 1066/1730/804 1067/1731/804
f 1068/1732/804 1067/1731/804 1066/1730/804
f 1066/1733/815 1065/1734/814 1069/1735/815
f 1065/1734/814 1070/1736/815 1069/1735/815
f 1071/1737/833 1069/1735/833 1070/1736/833
f 1069/1735/834 1071/1737/834 1072/1738/834
f 1072/1738/818 1067/1731/818 1068/1732/817
f 1067/1731/818 1072/1738/818 1071/1737/818
f 1073/1739/835 1074/1740/835 1075/1741/835
f 1074/1740/835 1073/1739/835 1076/1742/835
f 1076/1742/836 1077/1743/836 1078/1744/836
f 1077/1743/836 1076/1742/836 1073/1739/836
f 1079/1745/821 1080/1746/820 1077/1743/820
f 1078/1744/820 1077/1743/820 1080/1746/820
f 1075/1741/802 1074/1740/803 1079/1747/802
f 1080/1748/802 1079/1747/802 1074/1740/803
f 1081/1749/837 1082/1750/838 1083/1751/838
f 1084/1752/838 1083/1751/838 1082/1750/838
f 1085/1753/839 1082/1754/839 1081/1755/839
f 1082/1754/839 1085/1753/839 1086/1756/839
f 1087/1757/840 1086/1756/840 1085/1753/840
f 1086/1756/840 1087/1757/840 1088/1758/840
f 1088/1758/841 1087/1757/841 1084/1752/841
f 1084/1752/841 1087/1757/841 1083/1751/842
f 1089/1759/843 1090/1760/843 1091/1761/843
f 1090/1760/844 1089/1759/844 1092/1762/844
f 1093/1763/845 1094/1764/845 1089/1759/845
f 1092/1762/845 1089/1759/845 1094/1764/845
f 1095/1765/846 1096/1766/846 1093/1763/847
f 1094/1764/846 1093/1763/847 1096/1766/846
f 1091/1761/848 1096/1767/848 1095/1768/848
f 1096/1767/848 1091/1761/848 1090/1760/848
f 1097/1769/849 1098/1770/849 1099/1771/849
f 1098/1770/849 1097/1769/849 1100/1772/849
f 1101/1773/850 1102/1774/850 1103/1775/850
f 1102/1774/850 1101/1773/850 1104/1776/850
f 1105/1777/851 1101/1778/851 1106/1779/851
f 1101/1778/851 1105/1777/851 1104/1780/851
f 1107/1781/852 1106/1779/852 1108/1782/852
f 1106/1779/852 1107/1781/852 1105/1777/852
f 1102/1774/853 1108/1782/854 1103/1775/854
f 1108/1782/854 1102/1774/853 1107/1781/854
f 1109/1783/855 1110/1784/855 1111/1785/856
f 1110/1784/855 1109/1783/855 1112/1786/855
f 1111/1785/857 1113/1787/857 1109/1783/857
f 1113/1787/857 1111/1785/857 1114/1788/857
f 1115/1789/858 1113/1787/858 1114/1788/858
f 1113/1787/858 1115/1789/858 1116/1790/858
f 1110/1784/859 1112/1786/859 1116/1791/859
f 1110/1784/860 1116/1791/860 1115/1792/860
f 1117/1793/861 1118/1794/861 1119/1795/861
f 1118/1794/861 1117/1793/861 1120/1796/861
f 1121/1797/862 1117/1798/863 1122/1799/862
f 1117/1798/863 1121/1797/862 1120/1800/862
f 1123/1801/864 1122/1799/864 1124/1802/864
f 1122/1799/864 1123/1801/864 1121/1797/864
f 1119/1795/865 1118/1794/866 1123/1801/865
f 1119/1795/865 1123/1801/865 1124/1802/866
f 1125/1803/867 1126/1804/867 1127/1805/867
f 1126/1804/867 1125/1803/867 1128/1806/867
f 1127/1805/868 1129/1807/868 1125/1803/868
f 1129/1807/868 1127/1805/868 1130/1808/868
f 1131/1809/858 1129/1807/858 1130/1808/858
f 1129/1807/858 1131/1809/858 1132/1810/858
f 1126/1804/869 1128/1806/869 1132/1811/869
f 1126/1804/869 1132/1811/869 1131/1812/869
f 1133/1813/870 1134/1814/870 1135/1815/870
f 1134/1814/871 1133/1813/871 1136/1816/871
f 1137/1817/872 1133/1818/873 1138/1819/873
f 1133/1818/873 1137/1817/872 1136/1820/873
f 1139/1821/874 1138/1819/864 1140/1822/864
f 1138/1819/864 1139/1821/874 1137/1817/874
f 1134/1814/875 1140/1822/876 1135/1815/876
f 1140/1822/876 1134/1814/875 1139/1821/875
f 1141/1823/855 1142/1824/855 1143/1825/856
f 1142/1824/855 1141/1823/855 1144/1826/855
f 1143/1825/857 1145/1827/857 1141/1823/857
f 1145/1827/857 1143/1825/857 1146/1828/877
f 1147/1829/878 1145/1827/878 1146/1828/878
f 1145/1827/879 1147/1829/879 1148/1830/879
f 1142/1824/859 1144/1826/859 1148/1831/859
f 1142/1824/860 1148/1831/860 1147/1832/860
f 1149/1833/880 1150/1834/880 1151/1835/880
f 1150/1834/881 1149/1833/881 1152/1836/881
f 1153/1837/882 1154/1838/882 1152/1839/883
f 1152/1839/882 1149/1840/882 1153/1837/882
f 1155/1841/884 1153/1837/884 1156/1842/884
f 1153/1837/884 1155/1841/884 1154/1838/884
f 1150/1834/885 1156/1842/885 1151/1835/885
f 1156/1842/885 1150/1834/885 1155/1841/885
f 1157/1843/855 1158/1844/855 1159/1845/855
f 1158/1844/855 1157/1843/855 1160/1846/856
f 1159/1845/886 1161/1847/887 1157/1843/886
f 1161/1847/887 1159/1845/886 1162/1848/887
f 1163/1849/858 1161/1847/858 1162/1848/858
f 1161/1847/858 1163/1849/858 1164/1850/858
f 1158/1844/888 1160/1846/888 1164/1851/888
f 1158/1844/888 1164/1851/888 1163/1852/888
f 1165/1853/889 1166/1854/889 1167/1855/889
f 1166/1854/861 1165/1853/861 1168/1856/861
f 1169/1857/872 1170/1858/890 1168/1859/872
f 1168/1859/872 1165/1860/872 1169/1857/872
f 1171/1861/891 1169/1857/891 1172/1862/891
f 1169/1857/891 1171/1861/891 1170/1858/891
f 1166/1854/876 1172/1862/876 1167/1855/876
f 1172/1862/876 1166/1854/876 1171/1861/875
f 1173/1863/892 1174/1864/892 1175/1865/892
f 1174/1864/892 1173/1863/892 1176/1866/892
f 1175/1865/893 1177/1867/894 1173/1863/894
f 1177/1867/894 1175/1865/893 1178/1868/893
f 1179/1869/878 1177/1867/878 1178/1868/878
f 1177/1867/879 1179/1869/879 1180/1870/879
f 1174/1864/860 1176/1866/860 1180/1871/860
f 1174/1864/860 1180/1871/860 1179/1872/860
f 1181/1873/895 1182/1874/895 1183/1875/895
f 1182/1874/896 1181/1873/896 1184/1876/896
f 1185/1877/897 1181/1878/897 1186/1879/897
f 1181/1878/897 1185/1877/897 1184/1880/897
f 1187/1881/898 1186/1879/898 1188/1882/898
f 1186/1879/898 1187/1881/898 1185/1877/898
f 1183/1875/899 1182/1874/900 1187/1881/900
f 1187/1881/900 1188/1882/900 1183/1875/900
f 1189/1883/901 1190/1884/901 1191/1885/901
f 1190/1884/901 1189/1883/901 1192/1886/902
f 1193/1887/903 1189/1883/903 1191/1885/903
f 1189/1883/904 1193/1887/904 1194/1888/904
f 1195/1889/905 1194/1888/905 1193/1887/905
f 1194/1888/905 1195/1889/905 1196/1890/905
f 1192/1886/906 1195/1891/906 1190/1884/906
f 1195/1891/906 1192/1886/906 1196/1892/906
f 1197/1893/907 1198/1894/907 1199/1895/907
f 1198/1894/907 1197/1893/907 1200/1896/907
f 1201/1897/908 1202/1898/908 1203/1899/908
f 1203/1899/908 1202/1898/908 1204/1900/908
f 1205/1901/909 1206/1902/909 1207/1903/909
f 1207/1903/909 1206/1902/909 1208/1904/909
f 1209/1905/910 1206/1906/910 1205/1907/910
f 1206/1906/910 1209/1905/910 1210/1908/910
f 1210/1908/911 1211/1909/911 1212/1910/911
f 1211/1909/911 1210/1908/911 1209/1905/911
f 1207/1903/912 1212/1910/912 1211/1909/912
f 1212/1910/912 1207/1903/912 1208/1904/912
f 1213/1911/913 1214/1912/913 1215/1913/913
f 1214/1912/914 1213/1911/914 1216/1914/914
f 1217/1915/915 1215/1913/915 1214/1912/915
f 1215/1913/916 1217/1915/916 1218/1916/916
f 1219/1917/917 1220/1918/917 1217/1915/917
f 1217/1915/917 1220/1918/917 1218/1916/917
f 1216/1914/918 1213/1911/918 1219/1919/919
f 1220/1920/919 1219/1919/919 1213/1911/918
f 1221/1921/920 1222/1922/920 1223/1923/920
f 1223/1923/920 1222/1922/920 1224/1924/920
f 1225/1925/921 1222/1926/921 1221/1927/921
f 1222/1926/922 1225/1925/922 1226/1928/922
f 1226/1928/923 1227/1929/923 1228/1930/923
f 1227/1929/923 1226/1928/923 1225/1925/923
f 1223/1923/924 1224/1924/925 1227/1929/925
f 1228/1930/924 1227/1929/925 1224/1924/925
f 1229/1931/926 1230/1932/926 1231/1933/926
f 1230/1932/926 1229/1931/926 1232/1934/926
f 1233/1935/927 1231/1933/927 1230/1932/927
f 1231/1933/927 1233/1935/927 1234/1936/927
f 1235/1937/917 1236/1938/917 1233/1935/917
f 1233/1935/917 1236/1938/917 1234/1936/917
f 1232/1934/928 1229/1931/929 1235/1939/929
f 1236/1940/928 1235/1939/929 1229/1931/929
f 1237/1941/930 1238/1942/930 1239/1943/930
f 1239/1943/930 1238/1942/930 1240/1944/931
f 1241/1945/932 1238/1946/932 1237/1947/932
f 1238/1946/932 1241/1945/932 1242/1948/932
f 1242/1948/923 1243/1949/923 1244/1950/923
f 1243/1949/933 1242/1948/933 1241/1945/933
f 1239/1943/934 1244/1950/934 1243/1949/934
f 1244/1950/935 1239/1943/935 1240/1944/935
f 1245/1951/913 1246/1952/913 1247/1953/913
f 1246/1952/914 1245/1951/914 1248/1954/914
f 1249/1955/915 1247/1953/915 1246/1952/915
f 1247/1953/916 1249/1955/916 1250/1956/916
f 1251/1957/936 1252/1958/936 1249/1955/937
f 1249/1955/937 1252/1958/936 1250/1956/937
f 1248/1954/918 1245/1951/918 1251/1959/919
f 1252/1960/919 1251/1959/919 1245/1951/918
f 1253/1961/938 1254/1962/939 1255/1963/938
f 1255/1963/938 1254/1962/939 1256/1964/939
f 1257/1965/940 1253/1966/940 1258/1967/940
f 1254/1968/940 1253/1966/940 1257/1965/940
f 1257/1965/941 1259/1969/941 1260/1970/941
f 1259/1969/941 1257/1965/941 1258/1967/941
f 1255/1963/942 1260/1970/943 1259/1969/943
f 1260/1970/942 1255/1963/942 1256/1964/943
f 1261/1971/914 1262/1972/914 1263/1973/914
f 1262/1972/914 1261/1971/914 1264/1974/914
f 1265/1975/944 1263/1973/944 1262/1972/944
f 1263/1973/945 1265/1975/945 1266/1976/945
f 1267/1977/917 1268/1978/917 1265/1975/917
f 1265/1975/917 1268/1978/917 1266/1976/917
f 1264/1974/946 1261/1971/946 1267/1979/946
f 1268/1980/946 1267/1979/946 1261/1971/946
f 1269/1981/920 1270/1982/920 1271/1983/920
f 1271/1983/920 1270/1982/920 1272/1984/920
f 1273/1985/932 1269/1986/932 1274/1987/947
f 1270/1988/932 1269/1986/932 1273/1985/932
f 1273/1985/948 1275/1989/948 1276/1990/948
f 1275/1989/948 1273/1985/948 1274/1987/948
f 1271/1983/934 1276/1990/934 1275/1989/934
f 1276/1990/935 1271/1983/935 1272/1984/935
f 1277/1991/949 1278/1992/949 1279/1993/949
f 1278/1992/949 1277/1991/949 1280/1994/949
f 1281/1995/950 1279/1993/950 1278/1992/950
f 1279/1993/950 1281/1995/950 1282/1996/950
f 1283/1997/936 1284/1998/937 1281/1995/937
f 1281/1995/937 1284/1998/937 1282/1996/937
f 1280/1994/918 1277/1991/918 1283/1999/918
f 1284/2000/919 1283/1999/918 1277/1991/918
f 1285/2001/951 1286/2002/952 1287/2003/951
f 1287/2003/951 1286/2002/952 1288/2004/952
f 1286/2005/953 1289/2006/953 1290/2007/953
f 1289/2006/953 1286/2005/953 1285/2008/953
f 1290/2007/954 1291/2009/954 1292/2010/954
f 1291/2009/955 1290/2007/955 1289/2006/955
f 1287/2003/956 1288/2004/956 1291/2009/956
f 1292/2010/956 1291/2009/956 1288/2004/956
f 1293/2011/957 1294/2012/957 1295/2013/957
f 1294/2012/957 1293/2011/957 1296/2014/957
f 1297/2015/958 1294/2012/959 1298/2016/959
f 1294/2012/959 1297/2015/958 1295/2013/959
f 1299/2017/960 1300/2018/960 1298/2016/960
f 1298/2016/960 1300/2018/960 1297/2015/960
f 1296/2014/961 1300/2019/961 1299/2020/961
f 1300/2019/961 1296/2014/961 1293/2011/961
f 1301/2021/1 1302/2022/1 1303/2023/1
f 1302/2022/1 1301/2021/1 1304/2024/1
f 1305/2025/962 1306/2026/962 1307/2027/962
f 1307/2027/962 1306/2026/962 1308/2028/962
f 1309/2029/963 1305/2030/963 1307/2027/963
f 1310/2031/963 1305/2030/963 1309/2029/963
f 1311/2032/964 1310/2033/964 1309/2029/964
f 1312/2034/964 1310/2033/964 1311/2032/964
f 1306/2035/965 1312/2036/965 1308/2028/965
f 1308/2028/965 1312/2036/965 1311/2032/965
f 1302/2022/966 1305/2030/967 1303/2023/966
f 1305/2030/967 1310/2031/966 1303/2023/966
f 1306/2035/968 1301/2037/969 1312/2036/969
f 1301/2037/969 1306/2035/968 1304/2038/969
f 1309/2029/3 1307/2027/3 1308/2028/3
f 1309/2029/3 1308/2028/3 1311/2032/3
f 1312/2039/970 1301/2040/970 1310/2031/971
f 1303/2023/970 1310/2031/971 1301/2040/970
f 1302/2022/972 1306/2041/973 1305/2030/973
f 1306/2041/973 1302/2022/972 1304/2042/973
f 1313/2043/974 1314/2044/974 1315/2045/974
f 1316/2046/974 1314/2044/974 1313/2043/974
f 1317/2047/975 1318/2048/975 1319/2049/975
f 1320/2050/975 1318/2048/975 1317/2047/975
f 1321/2051/976 1322/2052/976 1323/2053/976
f 1324/2054/976 1322/2052/976 1321/2051/976
f 1325/2055/977 1326/2056/978 1327/2057/979
f 1327/2057/979 1326/2056/978 1328/2058/7
f 1327/2057/979 1328/2058/7 1329/2059/980
f 1329/2059/980 1328/2058/7 1330/2060/981
f 1330/2060/981 1331/2061/982 1329/2059/980
f 1331/2061/982 1330/2060/981 1332/2062/2
f 1332/2062/2 1333/2063/983 1331/2061/982
f 1333/2063/983 1332/2062/2 1334/2064/984
f 1334/2064/984 1335/2065/985 1333/2063/983
f 1336/2066/5 1335/2065/985 1334/2064/984
f 1336/2066/5 1337/2067/986 1335/2065/985
f 1338/2068/987 1337/2067/986 1336/2066/5
f 1337/2067/986 1338/2068/987 1339/2069/988
f 1340/2070/4 1339/2069/988 1338/2068/987
f 1339/2069/988 1340/2070/4 1325/2071/977
f 1326/2072/978 1325/2071/977 1340/2070/4
f 1341/2073/984 1342/2074/989 1343/2075/2
f 1344/2076/990 1343/2075/2 1342/2074/989
f 1343/2075/2 1344/2076/990 1345/2077/981
f 1346/2078/991 1345/2077/981 1344/2076/990
f 1346/2078/991 1347/2079/7 1345/2077/981
f 1348/2080/992 1347/2079/7 1346/2078/991
f 1348/2080/992 1349/2081/978 1347/2079/7
f 1350/2082/993 1349/2081/978 1348/2080/992
f 1350/2082/993 1351/2083/4 1349/2081/978
f 1351/2083/4 1350/2082/993 1352/2084/994
f 1352/2084/994 1353/2085/987 1351/2083/4
f 1353/2085/987 1352/2084/994 1354/2086/995
f 1353/2085/987 1354/2086/995 1355/2087/5
f 1355/2087/5 1354/2086/995 1356/2088/996
f 1355/2087/5 1356/2088/996 1341/2089/984
f 1341/2089/984 1356/2088/996 1342/2090/989
f 1357/2091/997 1358/2092/978 1359/2093/979
f 1359/2093/979 1358/2092/978 1360/2094/7
f 1359/2093/979 1360/2094/7 1361/2095/998
f 1361/2095/998 1360/2094/7 1362/2096/981
f 1362/2096/981 1363/2097/982 1361/2095/998
f 1363/2097/982 1362/2096/981 1364/2098/2
f 1364/2098/2 1365/2099/983 1363/2097/982
f 1365/2099/983 1364/2098/2 1366/2100/984
f 1366/2100/984 1367/2101/985 1365/2099/983
f 1368/2102/5 1367/2101/985 1366/2100/984
f 1368/2102/5 1369/2103/986 1367/2101/985
f 1370/2104/987 1369/2103/986 1368/2102/5
f 1369/2103/986 1370/2104/987 1371/2105/999
f 1372/2106/4 1371/2105/999 1370/2104/987
f 1371/2105/999 1372/2106/4 1357/2107/997
f 1358/2108/978 1357/2107/997 1372/2106/4
f 1373/2109/984 1374/2110/989 1375/2111/2
f 1376/2112/990 1375/2111/2 1374/2110/989
f 1375/2111/2 1376/2112/990 1377/2113/981
f 1378/2114/991 1377/2113/981 1376/2112/990
f 1378/2114/991 1379/2115/7 1377/2113/981
f 1380/2116/992 1379/2115/7 1378/2114/991
f 1380/2116/992 1381/2117/978 1379/2115/7
f 1382/2118/993 1381/2117/978 1380/2116/992
f 1382/2118/993 1383/2119/4 1381/2117/978
f 1383/2119/4 1382/2118/993 1384/2120/994
f 1384/2120/994 1385/2121/987 1383/2119/4
f 1385/2121/987 1384/2120/994 1386/2122/995
f 1385/2121/987 1386/2122/995 1387/2123/5
f 1387/2123/5 1386/2122/995 1388/2124/996
f 1387/2123/5 1388/2124/996 1373/2125/984
f 1373/2125/984 1388/2124/996 1374/2126/989
f 900/2127/3 1389/2128/1000 897/2129/1000
f 1389/2128/1000 1316/2130/1000 897/2129/1000
f 897/2129/1000 1316/2130/1000 1390/2131/1001
f 1316/2130/1000 1313/2132/1001 1390/2131/1001
f 1391/2133/795 1392/2134/795 1393/2135/795
f 1394/2136/795 1393/2135/795 1392/2134/795
f 1395/2137/795 1393/2135/795 1394/2136/795
f 1396/2138/1002 1397/2139/1002 1391/2140/1002
f 1398/2141/1003 1391/2140/1002 1397/2139/1002
f 1398/2141/1003 1392/2142/1002 1391/2140/1002
f 1399/2143/909 1400/2144/909 1401/2145/909
f 1402/2146/909 1401/2145/909 1400/2144/909
f 1403/2147/909 1401/2145/909 1402/2146/909
f 1404/2148/1004 1405/2149/1004 1406/2150/1004
f 1407/2151/1004 1406/2150/1004 1405/2149/1004
f 1407/2151/1004 1408/2152/1004 1406/2150/1004
f 1409/2153/1005 1410/2154/1005 1411/2155/1005
f 1409/2153/1005 1411/2155/1005 1412/2156/1005
f 1413/2157/1005 1412/2156/1005 1411/2155/1005
f 1414/2158/1006 1415/2159/1007 1416/2160/1006
f 1417/2161/1008 1414/2158/1006 1416/2160/1006
f 1416/2160/1006 1418/2162/1008 1417/2161/1008
f 1419/2163/1009 1420/2164/1010 1421/2165/1009
f 1421/2165/1009 1422/2166/1011 1419/2163/1009
f 1422/2166/1011 1421/2165/1009 1423/2167/1011
f 1100/2168/3 1424/2169/3 1098/2170/3
f 1424/2169/3 1324/2171/3 1098/2170/3
f 1098/2170/3 1324/2171/3 1425/2172/3
f 1324/2171/3 1321/2173/3 1425/2172/3
f 1426/2174/1012 1427/2175/1012 1428/2176/1012
f 1429/2177/1012 1428/2176/1012 1427/2175/1012
f 1429/2177/1012 1430/2178/1012 1428/2176/1012
f 1431/2179/735 1432/2180/735 1433/2181/735
f 1434/2182/735 1431/2179/735 1433/2181/735
f 1433/2181/735 1435/2183/735 1434/2182/735
f 1436/2184/1013 1437/2185/1013 1438/2184/1013
f 1438/2184/1013 1437/2185/1013 1432/2186/1013
f 1438/2184/1013 1432/2186/1013 1431/2187/1013
f 1316/2046/1014 1389/2188/1014 1314/2044/1014
f 900/2189/1014 1314/2044/1014 1389/2188/1014
f 1314/2044/1014 900/2189/1014 899/2190/1014
f 997/1645/1015 1000/1648/1015 1439/1645/1015
f 1318/2048/1015 1439/1645/1015 1000/1648/1015
f 1320/2050/1015 1439/1645/1015 1318/2048/1015
f 1440/2191/850 1441/2192/850 1442/2193/850
f 1442/2193/850 1441/2192/850 1443/2194/850
f 1442/2193/850 1443/2194/850 1444/2195/850
f 1440/2196/1016 1445/2197/1017 1441/2198/1016
f 1445/2197/1017 1446/2199/1016 1441/2198/1016
f 1446/2199/1016 1447/2200/1016 1441/2198/1016
f 1403/2147/1018 1448/2201/1019 1401/2145/1018
f 1449/2202/1018 1401/2145/1018 1448/2201/1019
f 1401/2145/1020 1449/2202/1020 1450/2203/1020
f 1203/1899/1021 1204/1900/1021 1451/1899/1021
f 1451/1899/1021 1204/1900/1021 1199/1895/1021
f 1451/1899/1021 1199/1895/1021 1198/1894/1021
f 1413/2157/1022 1411/2155/1022 1452/2204/1022
f 1452/2204/1022 1411/2155/1022 1406/2150/1022
f 1452/2204/1022 1406/2150/1022 1408/2152/1022
f 1453/2205/1023 1454/2206/1023 1455/2207/1023
f 1455/2207/1023 1454/2206/1023 1456/2208/1023
f 1455/2207/1023 1456/2208/1023 1457/2209/1023
f 1458/2210/1004 1459/2211/1004 1460/2212/1004
f 1460/2212/1004 1459/2211/1004 1454/2206/1004
f 1460/2212/1004 1454/2206/1004 1453/2205/1004
f 1461/2213/1024 1417/2214/1004 1462/2215/1004
f 1462/2215/1004 1417/2214/1004 1418/2216/1004
f 1462/2215/1004 1418/2216/1004 1463/2217/1004
f 1464/2218/1005 1457/2209/1005 1456/2208/1005
f 1464/2218/1005 1456/2208/1005 1465/2219/1005
f 1465/2219/1005 1456/2208/1005 1466/2220/1005
f 1467/2221/1022 1468/2222/1022 1469/2223/1022
f 1470/2224/1022 1467/2221/1022 1469/2223/1022
f 1470/2224/1022 1469/2223/1022 1471/2225/1022
f 1467/2221/1012 1472/2226/1012 1468/2222/1012
f 1472/2226/1012 1473/2227/1012 1468/2222/1012
f 1473/2227/1012 1474/2228/1012 1468/2222/1012
f 1475/2229/1012 1422/2230/1012 1476/2231/1012
f 1423/2232/1012 1476/2231/1012 1422/2230/1012
f 1477/2233/1012 1476/2231/1012 1423/2232/1012
f 1478/2234/1023 1479/2235/1023 1480/2236/1023
f 1428/2176/1023 1480/2236/1023 1479/2235/1023
f 1480/2236/1023 1428/2176/1023 1430/2178/1023
f 1481/2237/979 1482/2238/981 1483/2239/998
f 1482/2238/981 1481/2237/979 1484/2240/7
f 1485/2241/977 1484/2240/7 1481/2237/979
f 1484/2240/7 1485/2241/977 1486/2242/978
f 1487/2243/999 1486/2242/978 1485/2241/977
f 1487/2243/999 1488/2244/4 1486/2242/978
f 1489/2245/986 1488/2244/4 1487/2243/999
f 1489/2245/986 1490/2246/987 1488/2244/4
f 1490/2246/987 1489/2245/986 1491/2247/985
f 1491/2247/985 1492/2248/5 1490/2246/987
f 1492/2248/5 1491/2247/985 1493/2249/983
f 1493/2249/983 1494/2250/984 1492/2248/5
f 1494/2250/984 1493/2249/983 1495/2251/1025
f 1494/2250/984 1495/2251/1025 1496/2252/2
f 1483/2253/998 1496/2252/2 1495/2251/1025
f 1496/2252/2 1483/2253/998 1482/2254/981
f 1497/2255/996 1498/2256/987 1499/2257/995
f 1498/2256/987 1497/2255/996 1500/2258/5
f 1501/2259/989 1500/2258/5 1497/2255/996
f 1500/2258/5 1501/2259/989 1502/2260/984
f 1502/2260/984 1501/2259/989 1503/2261/990
f 1502/2260/984 1503/2261/990 1504/2262/2
f 1504/2262/2 1503/2261/990 1505/2263/991
f 1504/2262/2 1505/2263/991 1506/2264/981
f 1506/2264/981 1505/2263/991 1507/2265/992
f 1507/2265/992 1508/2266/7 1506/2264/981
f 1508/2266/7 1507/2265/992 1509/2267/993
f 1509/2267/993 1510/2268/978 1508/2266/7
f 1509/2267/993 1511/2269/4 1510/2268/978
f 1511/2269/4 1509/2267/993 1512/2270/994
f 1512/2270/994 1498/2271/987 1511/2269/4
f 1498/2271/987 1512/2270/994 1499/2272/995
f 1513/2273/979 1514/2274/981 1515/2275/998
f 1514/2274/981 1513/2273/979 1516/2276/7
f 1517/2277/1026 1516/2276/7 1513/2273/979
f 1516/2276/7 1517/2277/1026 1518/2278/978
f 1519/2279/999 1518/2278/978 1517/2277/1026
f 1519/2279/999 1520/2280/4 1518/2278/978
f 1521/2281/986 1520/2280/4 1519/2279/999
f 1521/2281/986 1522/2282/987 1520/2280/4
f 1522/2282/987 1521/2281/986 1523/2283/985
f 1523/2283/985 1524/2284/5 1522/2282/987
f 1524/2284/5 1523/2283/985 1525/2285/983
f 1525/2285/983 1526/2286/984 1524/2284/5
f 1526/2286/984 1525/2285/983 1527/2287/982
f 1526/2286/984 1527/2287/982 1528/2288/2
f 1515/2289/998 1528/2288/2 1527/2287/982
f 1528/2288/2 1515/2289/998 1514/2290/981
f 1529/2291/996 1530/2292/987 1531/2293/995
f 1530/2292/987 1529/2291/996 1532/2294/5
f 1533/2295/989 1532/2294/5 1529/2291/996
f 1532/2294/5 1533/2295/989 1534/2296/984
f 1533/2295/989 1535/2297/2 1534/2296/984
f 1535/2297/2 1533/2295/989 1536/2298/990
f 1536/2298/990 1537/2299/981 1535/2297/2
f 1537/2299/981 1536/2298/990 1538/2300/991
f 1537/2299/981 1538/2300/991 1539/2301/992
f 1539/2301/992 1540/2302/7 1537/2299/981
f 1540/2302/7 1539/2301/992 1541/2303/993
f 1541/2303/993 1542/2304/978 1540/2302/7
f 1541/2303/993 1543/2305/4 1542/2304/978
f 1543/2305/4 1541/2303/993 1544/2306/994
f 1544/2306/994 1530/2307/987 1543/2305/4
f 1530/2307/987 1544/2306/994 1531/2308/995
f 1433/2181/1027 1545/2309/1028 1435/2183/1029
f 1545/2309/1028 1433/2181/1027 1546/2310/1027
f 1546/2310/1027 1433/2181/1027 1547/2311/1027
f 897/1521/1030 1390/2312/1030 898/1522/1030
f 1390/2312/1030 1315/2045/1030 898/1522/1030
f 1390/2312/1030 1313/2043/1030 1315/2045/1030
f 1548/2313/1031 1397/2139/1031 1396/2138/1031
f 1397/2139/1031 1548/2313/1031 1549/2314/1031
f 1549/2314/1031 1548/2313/1031 1550/2315/1031
f 1393/2135/1032 1550/2315/1032 1548/2313/1032
f 1551/2316/1033 1550/2315/1034 1393/2135/1034
f 1551/2316/1033 1393/2135/1034 1395/2137/1034
f 1317/2047/1035 1319/2049/1035 1552/2317/1035
f 998/2318/1035 1552/2317/1035 1319/2049/1035
f 998/2318/1035 1319/2049/1035 999/2319/1035
f 1443/2194/1036 1553/2320/1037 1444/2195/1036
f 1553/2320/1037 1443/2194/1036 1554/2321/1036
f 1554/2321/1036 1443/2194/1036 1555/2322/1038
f 1323/2053/1039 1425/2323/1039 1321/2051/1039
f 1425/2323/1039 1323/2053/1039 1099/1771/1039
f 1425/2323/1039 1099/1771/1039 1098/1770/1039
f 1322/2052/1040 1100/2324/1040 1097/2325/1040
f 1424/2326/1040 1100/2324/1040 1322/2052/1040
f 1424/2326/1040 1322/2052/1040 1324/2054/1040
f 1556/2327/1041 1557/2328/1041 1558/2329/1041
f 1557/2328/1041 1399/2330/1041 1558/2329/1041
f 1557/2328/1041 1400/2331/1041 1399/2330/1041
f 1450/2203/1042 1556/2327/1042 1558/2329/1042
f 1559/2332/1042 1556/2327/1042 1450/2203/1042
f 1559/2332/1042 1450/2203/1042 1449/2202/1042
f 1200/1896/1043 1197/1893/1043 1560/2333/1044
f 1201/2334/1043 1560/2333/1044 1197/1893/1043
f 1201/2334/1043 1197/1893/1043 1202/2335/1043
f 1410/2336/1045 1561/2337/1046 1411/2338/1045
f 1561/2337/1046 1410/2336/1045 1562/2339/1046
f 1562/2339/1046 1563/2340/1047 1561/2337/1046
f 1563/2340/1047 1562/2339/1046 1564/2341/1047
f 1565/2342/1048 1562/2339/1048 1410/2336/1049
f 1562/2339/1048 1565/2342/1048 1566/2343/1048
f 1566/2343/1048 1564/2341/1050 1562/2339/1048
f 1564/2341/1050 1566/2343/1048 1567/2344/1050
f 1568/2345/1008 1569/2346/1006 1565/2342/1008
f 1565/2342/1008 1569/2346/1006 1566/2343/1006
f 1566/2343/1006 1569/2346/1006 1567/2344/1007
f 1404/2347/1048 1569/2348/1048 1568/2349/1049
f 1569/2348/1048 1404/2347/1048 1570/2350/1048
f 1569/2348/1048 1570/2350/1048 1567/2351/1051
f 1406/2352/1008 1571/2353/1006 1404/2347/1008
f 1404/2347/1008 1571/2353/1006 1570/2350/1006
f 1571/2353/1006 1572/2354/1052 1570/2350/1006
f 1570/2350/1006 1572/2354/1052 1567/2351/1052
f 1561/2337/1053 1406/2352/1053 1411/2338/1054
f 1406/2352/1053 1561/2337/1053 1571/2353/1053
f 1563/2340/1055 1571/2353/1053 1561/2337/1053
f 1572/2354/1055 1571/2353/1053 1563/2340/1055
f 1568/2355/1056 1405/2149/1056 1404/2148/1056
f 1405/2149/1056 1568/2355/1056 1573/2356/1056
f 1573/2356/1056 1568/2355/1056 1574/2357/1056
f 1568/2358/1004 1575/2359/1004 1574/2360/1004
f 1575/2359/1004 1568/2358/1004 1565/2361/1004
f 1575/2359/1004 1565/2361/1004 1576/2362/1004
f 1410/2154/1056 1576/2362/1056 1565/2361/1056
f 1577/2363/1056 1576/2362/1056 1410/2154/1056
f 1577/2363/1056 1410/2154/1056 1409/2153/1056
f 1578/2364/1046 1466/2365/1045 1456/2366/1045
f 1466/2365/1045 1578/2364/1046 1579/2367/1046
f 1580/2368/1047 1579/2367/1046 1578/2364/1046
f 1579/2367/1046 1580/2368/1047 1581/2369/1047
f 1579/2367/1057 1417/2161/1057 1466/2365/1057
f 1417/2161/1057 1579/2367/1057 1414/2158/1057
f 1581/2369/1058 1414/2158/1057 1579/2367/1057
f 1414/2158/1057 1581/2369/1058 1415/2159/1059
f 1416/2160/1057 1459/2370/1057 1418/2162/1057
f 1459/2370/1057 1416/2160/1057 1582/2371/1057
f 1416/2160/1057 1415/2159/1060 1582/2371/1057
f 1583/2372/1006 1454/2373/1008 1459/2370/1008
f 1459/2370/1008 1582/2371/1006 1583/2372/1006
f 1584/2374/1061 1583/2372/1006 1582/2371/1006
f 1582/2371/1006 1415/2159/1062 1584/2374/1062
f 1578/2364/1063 1456/2366/1064 1454/2375/1063
f 1578/2364/1063 1454/2375/1063 1583/2376/1063
f 1580/2368/1065 1578/2364/1063 1583/2376/1063
f 1580/2368/1066 1583/2376/1063 1584/2377/1066
f 1585/2378/1067 1586/2379/1068 1469/2380/1068
f 1586/2379/1068 1585/2378/1067 1587/2381/1067
f 1588/2382/1069 1587/2381/1067 1585/2378/1067
f 1587/2381/1067 1588/2382/1069 1589/2383/1069
f 1587/2381/1048 1422/2166/1048 1586/2379/1048
f 1422/2166/1048 1587/2381/1048 1419/2163/1048
f 1589/2383/1050 1419/2163/1048 1587/2381/1048
f 1419/2163/1048 1589/2383/1050 1420/2164/1070
f 1421/2384/1048 1474/2385/1048 1423/2386/1049
f 1474/2385/1048 1421/2384/1048 1590/2387/1048
f 1421/2384/1048 1420/2388/1051 1590/2387/1048
f 1474/2385/1011 1591/2389/1009 1468/2390/1011
f 1591/2389/1009 1474/2385/1011 1590/2387/1009
f 1590/2387/1009 1592/2391/1071 1591/2389/1009
f 1592/2391/1071 1590/2387/1011 1420/2388/1071
f 1468/2390/1053 1585/2378/1053 1469/2380/1053
f 1468/2390/1053 1591/2389/1053 1585/2378/1053
f 1588/2382/1055 1585/2378/1053 1591/2389/1053
f 1591/2389/1053 1592/2391/1055 1588/2382/1055
f 998/2392/1001 997/2393/1001 1552/2394/1001
f 997/2393/1001 1317/2395/1001 1552/2394/1001
f 1439/2396/1072 1317/2395/1001 997/2393/1001
f 1320/2397/1073 1317/2395/1001 1439/2396/1072
f 1471/2225/1074 1469/2223/1074 1593/2398/1074
f 1469/2223/1074 1594/2399/1075 1593/2398/1074
f 1594/2399/1075 1469/2223/1074 1586/2400/1074
f 1201/2401/3 1203/2402/3 1560/2403/3
f 1203/2402/3 1200/2404/3 1560/2403/3
f 1451/2405/3 1200/2404/3 1203/2402/3
f 1198/2406/3 1200/2404/3 1451/2405/3
f 1595/2407/1068 1596/2408/1067 1479/2409/1068
f 1596/2408/1067 1595/2407/1068 1597/2410/1067
f 1597/2410/1067 1598/2411/1076 1596/2408/1067
f 1598/2411/1069 1597/2410/1067 1599/2412/1069
f 1600/2413/1057 1597/2410/1057 1595/2407/1077
f 1597/2410/1057 1600/2413/1057 1601/2414/1057
f 1601/2414/1057 1599/2412/1078 1597/2410/1057
f 1599/2412/1078 1601/2414/1057 1602/2415/1078
f 1603/2416/1011 1604/2417/1009 1600/2413/1011
f 1601/2414/1009 1600/2413/1011 1604/2417/1009
f 1601/2414/1009 1604/2417/1009 1602/2415/1079
f 1426/2418/1057 1604/2419/1057 1603/2420/1077
f 1604/2419/1057 1426/2418/1057 1605/2421/1057
f 1604/2419/1057 1605/2421/1057 1602/2422/1080
f 1428/2423/1011 1606/2424/1009 1426/2418/1011
f 1605/2421/1009 1426/2418/1011 1606/2424/1009
f 1606/2424/1009 1607/2425/1081 1605/2421/1009
f 1602/2422/1081 1605/2421/1009 1607/2425/1081
f 1479/2409/1063 1596/2408/1063 1428/2423/1063
f 1606/2424/1063 1428/2423/1063 1596/2408/1063
f 1596/2408/1063 1598/2411/1066 1606/2424/1063
f 1607/2425/1066 1606/2424/1063 1598/2411/1066
f 1603/2426/1082 1427/2175/1082 1426/2174/1082
f 1427/2175/1082 1603/2426/1082 1608/2427/1082
f 1608/2427/1082 1603/2426/1082 1609/2428/1082
f 1603/2429/1012 1610/2430/1012 1609/2431/1012
f 1610/2430/1012 1603/2429/1012 1600/2432/1012
f 1610/2430/1012 1600/2432/1012 1611/2433/1012
f 1595/2434/1082 1611/2433/1082 1600/2432/1082
f 1612/2435/1082 1611/2433/1082 1595/2434/1082
f 1612/2435/1082 1595/2434/1082 1613/2436/1082
f 1479/2235/1074 1613/2436/1075 1595/2434/1074
f 1614/2437/1074 1613/2436/1075 1479/2235/1074
f 1614/2437/1074 1479/2235/1074 1478/2234/1074
f 1436/2184/1083 1547/2311/1083 1437/2185/1083
f 1615/2438/1083 1547/2311/1083 1436/2184/1083
f 1546/2310/1083 1547/2311/1083 1615/2438/1083
f 1446/2199/1084 1555/2322/1084 1447/2200/1084
f 1616/2439/1084 1555/2322/1084 1446/2199/1084
f 1554/2321/1084 1555/2322/1084 1616/2439/1084
f 1458/2210/1082 1418/2440/1082 1459/2211/1082
f 1617/2441/1082 1418/2440/1082 1458/2210/1082
f 1463/2442/1082 1418/2440/1082 1617/2441/1082
f 1461/2213/1082 1466/2220/1082 1417/2214/1082
f 1618/2443/1082 1466/2220/1082 1461/2213/1082
f 1465/2219/1082 1466/2220/1082 1618/2443/1082
f 1473/2227/1056 1423/2444/1056 1474/2228/1056
f 1619/2445/1056 1423/2444/1056 1473/2227/1056
f 1477/2446/1056 1423/2444/1056 1619/2445/1056
f 1475/2229/1056 1586/2400/1056 1422/2230/1056
f 1620/2447/1056 1586/2400/1056 1475/2229/1056
f 1594/2399/1056 1586/2400/1056 1620/2447/1056
f 1546/2448/3 1615/2449/3 1545/2450/3
f 1545/2450/3 1615/2449/3 1435/2451/3
f 1615/2449/3 1434/2452/3 1435/2451/3
f 1436/2453/3 1434/2452/3 1615/2449/3
f 1438/2454/1000 1434/2452/3 1436/2453/3
f 1431/2455/3 1434/2452/3 1438/2454/1000
f 1449/2456/3 1448/2457/3 1559/2458/3
f 1448/2457/3 1403/2459/3 1559/2458/3
f 1403/2459/3 1402/2460/3 1559/2458/3
f 1559/2458/3 1402/2460/3 1556/2461/3
f 1556/2461/3 1402/2460/3 1557/2462/3
f 1402/2460/3 1400/2463/3 1557/2462/3
f 1550/2464/3 1551/2465/3 1549/2466/3
f 1551/2465/3 1395/2467/3 1549/2466/3
f 1395/2467/3 1394/2468/3 1549/2466/3
f 1549/2466/3 1394/2468/3 1397/2469/1000
f 1397/2469/1000 1394/2468/3 1398/2470/1001
f 1394/2468/3 1392/2471/3 1398/2470/1001
f 1554/2472/3 1616/2473/3 1553/2474/3
f 1616/2473/3 1444/2475/3 1553/2474/3
f 1442/2476/3 1444/2475/3 1616/2473/3
f 1446/2477/3 1442/2476/3 1616/2473/3
f 1445/2478/3 1442/2476/3 1446/2477/3
f 1440/2479/3 1442/2476/3 1445/2478/3
f 1427/2480/3 1608/2481/3 1429/2482/3
f 1608/2481/3 1480/2483/3 1429/2482/3
f 1429/2482/3 1480/2483/3 1430/2484/1001
f 1609/2485/3 1480/2483/3 1608/2481/3
f 1478/2486/3 1480/2483/3 1609/2485/3
f 1614/2487/3 1478/2486/3 1609/2485/3
f 1610/2488/3 1614/2487/3 1609/2485/3
f 1612/2489/3 1614/2487/3 1610/2488/3
f 1613/2490/3 1614/2487/3 1612/2489/3
f 1611/2491/3 1612/2489/3 1610/2488/3
f 1405/2492/3 1573/2493/3 1407/2494/3
f 1573/2493/3 1452/2495/3 1407/2494/3
f 1407/2494/3 1452/2495/3 1408/2496/3
f 1574/2497/3 1452/2495/3 1573/2493/3
f 1413/2498/3 1452/2495/3 1574/2497/3
f 1412/2499/3 1413/2498/3 1574/2497/3
f 1575/2500/3 1412/2499/3 1574/2497/3
f 1577/2501/3 1412/2499/3 1575/2500/3
f 1409/2502/3 1412/2499/3 1577/2501/3
f 1576/2503/3 1577/2501/3 1575/2500/3
f 1473/2504/3 1472/2505/3 1619/2506/3
f 1472/2505/3 1470/2507/3 1619/2506/3
f 1467/2508/1000 1470/2507/3 1472/2505/3
f 1619/2506/3 1470/2507/3 1477/2509/3
f 1477/2509/3 1470/2507/3 1471/2510/3
f 1593/2511/3 1477/2509/3 1471/2510/3
f 1476/2512/3 1477/2509/3 1593/2511/3
f 1620/2513/3 1476/2512/3 1593/2511/3
f 1475/2514/3 1476/2512/3 1620/2513/3
f 1594/2515/3 1620/2513/3 1593/2511/3
f 1461/2516/3 1462/2517/3 1618/2518/3
f 1618/2518/3 1462/2517/3 1464/2519/3
f 1465/2520/3 1618/2518/3 1464/2519/3
f 1462/2517/3 1463/2521/3 1464/2519/3
f 1463/2521/3 1457/2522/3 1464/2519/3
f 1455/2523/3 1457/2522/3 1463/2521/3
f 1617/2524/3 1455/2523/3 1463/2521/3
f 1460/2525/3 1455/2523/3 1617/2524/3
f 1453/2526/3 1455/2523/3 1460/2525/3
f 1458/2527/3 1460/2525/3 1617/2524/3
f 1621/2528/1085 1622/2529/1086 1623/2530/1087
f 1624/2531/1088 1622/2529/1086 1621/2528/1085
f 1624/2531/1088 1621/2528/1085 1625/2532/1089
f 1626/2533/1090 1622/2529/1086 1624/2531/1088
f 1622/2529/1086 1626/2533/1090 1627/2534/1091
f 1627/2534/1091 1626/2533/1090 1628/2535/1092
f 1625/2532/1089 1629/2536/1093 1624/2531/1088
f 1624/2531/1088 1630/2537/1094 1626/2533/1090
f 1630/2537/1094 1624/2531/1088 1629/2536/1093
f 1625/2532/1089 1631/2538/1095 1629/2536/1093
f 1631/2538/1095 1630/2537/1094 1629/2536/1093
f 1632/2539/1096 1631/2538/1095 1625/2532/1089
f 1626/2533/1090 1633/2540/1097 1628/2535/1092
f 1633/2540/1097 1626/2533/1090 1630/2537/1094
f 1632/2539/1096 1634/2541/1098 1631/2538/1095
f 1634/2541/1098 1632/2539/1096 1635/2542/1099
f 1636/2543/1085 1634/2541/1098 1635/2542/1099
f 1630/2537/1094 1631/2538/1095 1637/2544/1100
f 1634/2541/1098 1637/2544/1100 1631/2538/1095
f 1630/2537/1094 1638/2545/1101 1633/2540/1097
f 1639/2546/1088 1634/2541/1098 1636/2543/1085
f 1639/2546/1088 1636/2543/1085 1640/2547/1089
f 1630/2537/1094 1641/2548/1102 1638/2545/1101
f 1641/2548/1102 1630/2537/1094 1637/2544/1100
f 1642/2549/1103 1633/2540/1097 1638/2545/1101
f 1641/2548/1102 1642/2549/1103 1638/2545/1101
f 1643/2550/1104 1628/2535/1092 1633/2540/1097
f 1643/2550/1104 1633/2540/1097 1642/2549/1103
f 1628/2535/1092 1643/2550/1104 1644/2551/1105
f 1645/2552/1106 1644/2551/1105 1643/2550/1104
f 1642/2549/1103 1645/2552/1106 1643/2550/1104
f 1644/2551/1105 1645/2552/1106 1646/2553/1107
f 1642/2549/1103 1641/2548/1102 1647/2554/1108
f 1648/2555/1109 1646/2553/1107 1645/2552/1106
f 1646/2553/1107 1648/2555/1109 1649/2556/1110
f 1648/2555/1109 1650/2557/1111 1649/2556/1110
f 1645/2552/1106 1642/2549/1103 1651/2558/1112
f 1650/2557/1111 1648/2555/1109 1652/2559/1113
f 1652/2559/1113 1623/2560/1087 1650/2557/1111
f 1652/2559/1113 1621/2561/1085 1623/2560/1087
f 1652/2559/1113 1625/2562/1089 1621/2561/1085
f 1645/2552/1106 1653/2563/1114 1648/2555/1109
f 1653/2563/1114 1652/2559/1113 1648/2555/1109
f 1653/2563/1114 1645/2552/1106 1651/2558/1112
f 1625/2562/1089 1652/2559/1113 1654/2564/1115
f 1653/2563/1114 1654/2564/1115 1652/2559/1113
f 1655/2565/1116 1625/2562/1089 1654/2564/1115
f 1654/2564/1115 1653/2563/1114 1655/2565/1116
f 1625/2562/1089 1655/2565/1116 1632/2566/1096
f 1655/2565/1116 1635/2567/1099 1632/2566/1096
f 1656/2568/1117 1653/2563/1114 1651/2558/1112
f 1651/2558/1112 1642/2549/1103 1656/2568/1117
f 1656/2568/1117 1642/2549/1103 1647/2554/1108
f 1657/2569/1118 1655/2565/1116 1653/2563/1114
f 1653/2563/1114 1656/2568/1117 1657/2569/1118
f 1635/2567/1099 1655/2565/1116 1658/2570/1119
f 1657/2569/1118 1658/2570/1119 1655/2565/1116
f 1659/2571/1113 1635/2567/1099 1658/2570/1119
f 1659/2571/1113 1636/2572/1085 1635/2567/1099
f 1659/2571/1113 1640/2573/1089 1636/2572/1085
f 1658/2570/1119 1657/2569/1118 1660/2574/1120
f 1640/2573/1089 1659/2571/1113 1661/2575/1121
f 1662/2576/1109 1658/2570/1119 1660/2574/1120
f 1658/2570/1119 1662/2576/1109 1659/2571/1113
f 1657/2569/1118 1663/2577/1122 1660/2574/1120
f 1663/2577/1122 1662/2576/1109 1660/2574/1120
f 1656/2568/1117 1663/2577/1122 1657/2569/1118
f 1664/2578/1114 1659/2571/1113 1662/2576/1109
f 1659/2571/1113 1664/2578/1114 1661/2575/1121
f 1656/2568/1117 1665/2579/1123 1663/2577/1122
f 1665/2579/1123 1656/2568/1117 1647/2554/1108
f 1662/2576/1109 1663/2577/1122 1666/2580/1106
f 1665/2579/1123 1666/2580/1106 1663/2577/1122
f 1666/2580/1106 1664/2578/1114 1662/2576/1109
f 1647/2554/1108 1667/2581/1124 1665/2579/1123
f 1647/2554/1108 1641/2548/1102 1667/2581/1124
f 1637/2544/1100 1667/2581/1124 1641/2548/1102
f 1666/2580/1106 1665/2579/1123 1668/2582/1125
f 1667/2581/1124 1668/2582/1125 1665/2579/1123
f 1667/2581/1124 1637/2544/1100 1669/2583/1126
f 1637/2544/1100 1634/2541/1098 1669/2583/1126
f 1634/2541/1098 1670/2584/1090 1669/2583/1126
f 1669/2583/1126 1670/2584/1090 1667/2581/1124
f 1670/2584/1090 1634/2541/1098 1639/2546/1088
f 1668/2582/1125 1667/2581/1124 1671/2585/1127
f 1670/2584/1090 1671/2585/1127 1667/2581/1124
f 1672/2586/1103 1666/2580/1106 1668/2582/1125
f 1668/2582/1125 1671/2585/1127 1672/2586/1103
f 1639/2546/1088 1673/2587/1128 1670/2584/1090
f 1671/2585/1127 1670/2584/1090 1673/2587/1128
f 1673/2587/1128 1639/2546/1088 1674/2588/1093
f 1640/2547/1089 1674/2588/1093 1639/2546/1088
f 1673/2587/1128 1675/2589/1129 1671/2585/1127
f 1672/2586/1103 1671/2585/1127 1675/2589/1129
f 1640/2547/1089 1676/2590/1095 1674/2588/1093
f 1676/2590/1095 1673/2587/1128 1674/2588/1093
f 1677/2591/1096 1676/2590/1095 1640/2547/1089
f 1673/2587/1128 1678/2592/1102 1675/2589/1129
f 1678/2592/1102 1672/2586/1103 1675/2589/1129
f 1673/2587/1128 1676/2590/1095 1679/2593/1100
f 1678/2592/1102 1673/2587/1128 1679/2593/1100
f 1677/2591/1096 1680/2594/1098 1676/2590/1095
f 1680/2594/1098 1679/2593/1100 1676/2590/1095
f 1680/2594/1098 1677/2591/1096 1681/2595/1130
f 1682/2596/1085 1680/2594/1098 1681/2595/1130
f 1679/2593/1100 1680/2594/1098 1683/2597/1126
f 1684/2598/1131 1680/2594/1098 1682/2596/1085
f 1684/2598/1131 1682/2596/1085 1685/2599/1089
f 1680/2594/1098 1686/2600/1090 1683/2597/1126
f 1686/2600/1090 1680/2594/1098 1684/2598/1131
f 1679/2593/1100 1683/2597/1126 1687/2601/1124
f 1683/2597/1126 1686/2600/1090 1687/2601/1124
f 1687/2601/1124 1678/2592/1102 1679/2593/1100
f 1685/2599/1089 1688/2602/1093 1684/2598/1131
f 1687/2601/1124 1689/2603/1108 1678/2592/1102
f 1672/2586/1103 1678/2592/1102 1689/2603/1108
f 1685/2599/1089 1690/2604/1095 1688/2602/1093
f 1691/2605/1096 1690/2604/1095 1685/2599/1089
f 1692/2606/1094 1684/2598/1131 1688/2602/1093
f 1690/2604/1095 1692/2606/1094 1688/2602/1093
f 1684/2598/1131 1692/2606/1094 1686/2600/1090
f 1691/2605/1096 1693/2607/1098 1690/2604/1095
f 1693/2607/1098 1691/2605/1096 1694/2608/1099
f 1695/2609/1085 1693/2607/1098 1694/2608/1099
f 1692/2606/1094 1690/2604/1095 1696/2610/1100
f 1693/2607/1098 1696/2610/1100 1690/2604/1095
f 1697/2611/1132 1686/2600/1090 1692/2606/1094
f 1686/2600/1090 1697/2611/1132 1687/2601/1124
f 1698/2612/1133 1693/2607/1098 1695/2609/1085
f 1698/2612/1133 1695/2609/1085 1699/2613/1089
f 1696/2610/1100 1693/2607/1098 1700/2614/1134
f 1699/2613/1089 1701/2615/1093 1698/2612/1133
f 1693/2607/1098 1702/2616/1090 1700/2614/1134
f 1702/2616/1090 1693/2607/1098 1698/2612/1133
f 1699/2613/1089 1703/2617/1135 1701/2615/1093
f 1704/2618/1136 1703/2617/1135 1699/2613/1089
f 1705/2619/1094 1698/2612/1133 1701/2615/1093
f 1703/2617/1135 1705/2619/1094 1701/2615/1093
f 1698/2612/1133 1705/2619/1094 1702/2616/1090
f 1704/2618/1136 1350/2620/993 1703/2617/1135
f 1350/2620/993 1704/2618/1136 1352/2621/994
f 1350/2620/993 1706/2622/1137 1703/2617/1135
f 1705/2619/1094 1703/2617/1135 1706/2622/1137
f 1706/2622/1137 1350/2620/993 1348/2623/992
f 1346/2624/991 1706/2622/1137 1348/2623/992
f 1707/2625/1138 1705/2619/1094 1706/2622/1137
f 1706/2622/1137 1346/2624/991 1707/2625/1138
f 1705/2619/1094 1707/2625/1138 1708/2626/1129
f 1709/2627/1139 1707/2625/1138 1346/2624/991
f 1709/2627/1139 1346/2624/991 1344/2628/990
f 1705/2619/1094 1708/2626/1129 1710/2629/1132
f 1710/2629/1132 1702/2616/1090 1705/2619/1094
f 1707/2625/1138 1711/2630/1103 1708/2626/1129
f 1711/2630/1103 1707/2625/1138 1709/2627/1139
f 1711/2630/1103 1710/2629/1132 1708/2626/1129
f 1344/2628/990 1712/2631/1140 1709/2627/1139
f 1712/2631/1140 1711/2630/1103 1709/2627/1139
f 1712/2631/1140 1344/2628/990 1342/2632/989
f 1713/2633/1125 1710/2629/1132 1711/2630/1103
f 1712/2631/1140 1342/2632/989 1714/2634/1141
f 1714/2634/1141 1342/2632/989 1356/2635/996
f 1354/2636/995 1714/2634/1141 1356/2635/996
f 1715/2637/1142 1711/2630/1103 1712/2631/1140
f 1714/2634/1141 1354/2636/995 1716/2638/1143
f 1352/2639/994 1716/2638/1143 1354/2636/995
f 1716/2638/1143 1352/2639/994 1704/2640/1136
f 1699/2641/1089 1716/2638/1143 1704/2640/1136
f 1717/2642/1114 1712/2631/1140 1714/2634/1141
f 1714/2634/1141 1716/2638/1143 1717/2642/1114
f 1712/2631/1140 1717/2642/1114 1715/2637/1142
f 1716/2638/1143 1699/2641/1089 1718/2643/1115
f 1718/2643/1115 1717/2642/1114 1716/2638/1143
f 1699/2641/1089 1719/2644/1113 1718/2643/1115
f 1719/2644/1113 1717/2642/1114 1718/2643/1115
f 1719/2644/1113 1699/2641/1089 1695/2645/1085
f 1719/2644/1113 1695/2645/1085 1694/2646/1099
f 1717/2642/1114 1720/2647/1106 1715/2637/1142
f 1720/2647/1106 1711/2630/1103 1715/2637/1142
f 1711/2630/1103 1720/2647/1106 1713/2633/1125
f 1717/2642/1114 1719/2644/1113 1721/2648/1109
f 1720/2647/1106 1717/2642/1114 1721/2648/1109
f 1719/2644/1113 1694/2646/1099 1722/2649/1119
f 1722/2649/1119 1721/2648/1109 1719/2644/1113
f 1694/2646/1099 1723/2650/1116 1722/2649/1119
f 1694/2646/1099 1691/2651/1096 1723/2650/1116
f 1685/2652/1089 1723/2650/1116 1691/2651/1096
f 1721/2648/1109 1722/2649/1119 1724/2653/1144
f 1723/2650/1116 1685/2652/1089 1725/2654/1121
f 1726/2655/1122 1721/2648/1109 1724/2653/1144
f 1721/2648/1109 1726/2655/1122 1720/2647/1106
f 1722/2649/1119 1727/2656/1118 1724/2653/1144
f 1723/2650/1116 1727/2656/1118 1722/2649/1119
f 1727/2656/1118 1726/2655/1122 1724/2653/1144
f 1725/2654/1121 1728/2657/1114 1723/2650/1116
f 1727/2656/1118 1723/2650/1116 1728/2657/1114
f 1685/2652/1089 1729/2658/1113 1725/2654/1121
f 1728/2657/1114 1725/2654/1121 1729/2658/1113
f 1729/2658/1113 1685/2652/1089 1682/2659/1085
f 1729/2658/1113 1682/2659/1085 1681/2660/1130
f 1726/2655/1122 1727/2656/1118 1730/2661/1117
f 1728/2657/1114 1730/2661/1117 1727/2656/1118
f 1731/2662/1123 1720/2647/1106 1726/2655/1122
f 1730/2661/1117 1731/2662/1123 1726/2655/1122
f 1720/2647/1106 1731/2662/1123 1713/2633/1125
f 1730/2661/1117 1728/2657/1114 1732/2663/1112
f 1733/2664/1124 1713/2633/1125 1731/2662/1123
f 1713/2633/1125 1733/2664/1124 1710/2629/1132
f 1702/2616/1090 1710/2629/1132 1733/2664/1124
f 1700/2614/1134 1702/2616/1090 1733/2664/1124
f 1696/2610/1100 1700/2614/1134 1733/2664/1124
f 1731/2662/1123 1730/2661/1117 1734/2665/1108
f 1734/2665/1108 1733/2664/1124 1731/2662/1123
f 1733/2664/1124 1735/2666/1102 1696/2610/1100
f 1733/2664/1124 1734/2665/1108 1735/2666/1102
f 1735/2666/1102 1692/2606/1094 1696/2610/1100
f 1730/2661/1117 1736/2667/1103 1734/2665/1108
f 1736/2667/1103 1735/2666/1102 1734/2665/1108
f 1732/2663/1112 1736/2667/1103 1730/2661/1117
f 1692/2606/1094 1735/2666/1102 1737/2668/1129
f 1735/2666/1102 1736/2667/1103 1737/2668/1129
f 1692/2606/1094 1737/2668/1129 1697/2611/1132
f 1736/2667/1103 1697/2611/1132 1737/2668/1129
f 1738/2669/1106 1736/2667/1103 1732/2663/1112
f 1728/2657/1114 1738/2669/1106 1732/2663/1112
f 1739/2670/1104 1697/2611/1132 1736/2667/1103
f 1736/2667/1103 1738/2669/1106 1739/2670/1104
f 1739/2670/1104 1687/2601/1124 1697/2611/1132
f 1687/2601/1124 1739/2670/1104 1740/2671/1145
f 1738/2669/1106 1740/2671/1145 1739/2670/1104
f 1689/2603/1108 1687/2601/1124 1740/2671/1145
f 1738/2669/1106 1728/2657/1114 1741/2672/1109
f 1728/2657/1114 1729/2658/1113 1741/2672/1109
f 1740/2671/1145 1738/2669/1106 1742/2673/1122
f 1741/2672/1109 1742/2673/1122 1738/2669/1106
f 1740/2671/1145 1743/2674/1117 1689/2603/1108
f 1743/2674/1117 1740/2671/1145 1742/2673/1122
f 1743/2674/1117 1672/2586/1103 1689/2603/1108
f 1742/2673/1122 1741/2672/1109 1744/2675/1120
f 1745/2676/1112 1672/2586/1103 1743/2674/1117
f 1666/2580/1106 1672/2586/1103 1745/2676/1112
f 1664/2578/1114 1666/2580/1106 1745/2676/1112
f 1743/2674/1117 1664/2578/1114 1745/2676/1112
f 1742/2673/1122 1746/2677/1118 1743/2674/1117
f 1664/2578/1114 1743/2674/1117 1746/2677/1118
f 1746/2677/1118 1742/2673/1122 1744/2675/1120
f 1741/2672/1109 1747/2678/1119 1744/2675/1120
f 1747/2678/1119 1746/2677/1118 1744/2675/1120
f 1747/2678/1119 1741/2672/1109 1729/2658/1113
f 1729/2658/1113 1681/2660/1130 1747/2678/1119
f 1746/2677/1118 1748/2679/1116 1664/2578/1114
f 1748/2679/1116 1746/2677/1118 1747/2678/1119
f 1681/2660/1130 1748/2679/1116 1747/2678/1119
f 1661/2575/1121 1664/2578/1114 1748/2679/1116
f 1681/2660/1130 1677/2680/1096 1748/2679/1116
f 1748/2679/1116 1640/2573/1089 1661/2575/1121
f 1640/2573/1089 1748/2679/1116 1677/2680/1096
f 1749/2681/1146 1750/2682/1147 1751/2683/1087
f 1752/2684/1131 1750/2682/1147 1749/2681/1146
f 1752/2684/1131 1749/2681/1146 1753/2685/1148
f 1754/2686/1090 1750/2682/1147 1752/2684/1131
f 1750/2682/1147 1754/2686/1090 1755/2687/1091
f 1755/2687/1091 1754/2686/1090 1756/2688/1092
f 1753/2685/1148 1757/2689/1093 1752/2684/1131
f 1752/2684/1131 1758/2690/1128 1754/2686/1090
f 1758/2690/1128 1752/2684/1131 1757/2689/1093
f 1753/2685/1148 1759/2691/1095 1757/2689/1093
f 1759/2691/1095 1758/2690/1128 1757/2689/1093
f 1760/2692/1096 1759/2691/1095 1753/2685/1148
f 1754/2686/1090 1761/2693/1149 1756/2688/1092
f 1761/2693/1149 1754/2686/1090 1758/2690/1128
f 1760/2692/1096 1762/2694/1098 1759/2691/1095
f 1762/2694/1098 1760/2692/1096 1763/2695/1099
f 1764/2696/1085 1762/2694/1098 1763/2695/1099
f 1758/2690/1128 1759/2691/1095 1765/2697/1100
f 1762/2694/1098 1765/2697/1100 1759/2691/1095
f 1758/2690/1128 1766/2698/1129 1761/2693/1149
f 1767/2699/1150 1762/2694/1098 1764/2696/1085
f 1767/2699/1150 1764/2696/1085 1768/2700/1089
f 1758/2690/1128 1769/2701/1102 1766/2698/1129
f 1769/2701/1102 1758/2690/1128 1765/2697/1100
f 1770/2702/1151 1761/2693/1149 1766/2698/1129
f 1769/2701/1102 1770/2702/1151 1766/2698/1129
f 1771/2703/1125 1756/2688/1092 1761/2693/1149
f 1771/2703/1125 1761/2693/1149 1770/2702/1151
f 1756/2688/1092 1771/2703/1125 1772/2704/1105
f 1773/2705/1106 1772/2704/1105 1771/2703/1125
f 1770/2702/1151 1773/2705/1106 1771/2703/1125
f 1772/2704/1105 1773/2705/1106 1774/2706/1107
f 1770/2702/1151 1769/2701/1102 1775/2707/1108
f 1776/2708/1109 1774/2706/1107 1773/2705/1106
f 1774/2706/1107 1776/2708/1109 1777/2709/1110
f 1776/2708/1109 1778/2710/1111 1777/2709/1110
f 1773/2705/1106 1770/2702/1151 1779/2711/1112
f 1778/2710/1111 1776/2708/1109 1780/2712/1113
f 1780/2712/1113 1751/2713/1087 1778/2710/1111
f 1780/2712/1113 1749/2714/1146 1751/2713/1087
f 1780/2712/1113 1753/2715/1148 1749/2714/1146
f 1773/2705/1106 1781/2716/1152 1776/2708/1109
f 1781/2716/1152 1780/2712/1113 1776/2708/1109
f 1781/2716/1152 1773/2705/1106 1779/2711/1112
f 1753/2715/1148 1780/2712/1113 1782/2717/1121
f 1781/2716/1152 1782/2717/1121 1780/2712/1113
f 1783/2718/1116 1753/2715/1148 1782/2717/1121
f 1782/2717/1121 1781/2716/1152 1783/2718/1116
f 1753/2715/1148 1783/2718/1116 1760/2719/1096
f 1783/2718/1116 1763/2720/1099 1760/2719/1096
f 1784/2721/1117 1781/2716/1152 1779/2711/1112
f 1779/2711/1112 1770/2702/1151 1784/2721/1117
f 1784/2721/1117 1770/2702/1151 1775/2707/1108
f 1785/2722/1118 1783/2718/1116 1781/2716/1152
f 1781/2716/1152 1784/2721/1117 1785/2722/1118
f 1763/2720/1099 1783/2718/1116 1786/2723/1119
f 1785/2722/1118 1786/2723/1119 1783/2718/1116
f 1787/2724/1113 1763/2720/1099 1786/2723/1119
f 1787/2724/1113 1764/2725/1085 1763/2720/1099
f 1787/2724/1113 1768/2726/1089 1764/2725/1085
f 1786/2723/1119 1785/2722/1118 1788/2727/1120
f 1768/2726/1089 1787/2724/1113 1789/2728/1121
f 1790/2729/1109 1786/2723/1119 1788/2727/1120
f 1786/2723/1119 1790/2729/1109 1787/2724/1113
f 1785/2722/1118 1791/2730/1122 1788/2727/1120
f 1791/2730/1122 1790/2729/1109 1788/2727/1120
f 1784/2721/1117 1791/2730/1122 1785/2722/1118
f 1792/2731/1114 1787/2724/1113 1790/2729/1109
f 1787/2724/1113 1792/2731/1114 1789/2728/1121
f 1784/2721/1117 1793/2732/1123 1791/2730/1122
f 1793/2732/1123 1784/2721/1117 1775/2707/1108
f 1790/2729/1109 1791/2730/1122 1794/2733/1106
f 1793/2732/1123 1794/2733/1106 1791/2730/1122
f 1794/2733/1106 1792/2731/1114 1790/2729/1109
f 1775/2707/1108 1795/2734/1124 1793/2732/1123
f 1775/2707/1108 1769/2701/1102 1795/2734/1124
f 1765/2697/1100 1795/2734/1124 1769/2701/1102
f 1794/2733/1106 1793/2732/1123 1796/2735/1125
f 1795/2734/1124 1796/2735/1125 1793/2732/1123
f 1795/2734/1124 1765/2697/1100 1797/2736/1134
f 1765/2697/1100 1762/2694/1098 1797/2736/1134
f 1762/2694/1098 1798/2737/1090 1797/2736/1134
f 1797/2736/1134 1798/2737/1090 1795/2734/1124
f 1798/2737/1090 1762/2694/1098 1767/2699/1150
f 1796/2735/1125 1795/2734/1124 1799/2738/1132
f 1798/2737/1090 1799/2738/1132 1795/2734/1124
f 1800/2739/1103 1794/2733/1106 1796/2735/1125
f 1796/2735/1125 1799/2738/1132 1800/2739/1103
f 1767/2699/1150 1801/2740/1094 1798/2737/1090
f 1799/2738/1132 1798/2737/1090 1801/2740/1094
f 1801/2740/1094 1767/2699/1150 1802/2741/1093
f 1768/2700/1089 1802/2741/1093 1767/2699/1150
f 1801/2740/1094 1803/2742/1101 1799/2738/1132
f 1800/2739/1103 1799/2738/1132 1803/2742/1101
f 1768/2700/1089 1804/2743/1095 1802/2741/1093
f 1804/2743/1095 1801/2740/1094 1802/2741/1093
f 1805/2744/1096 1804/2743/1095 1768/2700/1089
f 1801/2740/1094 1806/2745/1102 1803/2742/1101
f 1806/2745/1102 1800/2739/1103 1803/2742/1101
f 1801/2740/1094 1804/2743/1095 1807/2746/1100
f 1806/2745/1102 1801/2740/1094 1807/2746/1100
f 1805/2744/1096 1808/2747/1153 1804/2743/1095
f 1808/2747/1153 1807/2746/1100 1804/2743/1095
f 1808/2747/1153 1805/2744/1096 1809/2748/1130
f 1810/2749/1085 1808/2747/1153 1809/2748/1130
f 1807/2746/1100 1808/2747/1153 1811/2750/1134
f 1812/2751/1150 1808/2747/1153 1810/2749/1085
f 1812/2751/1150 1810/2749/1085 1813/2752/1089
f 1808/2747/1153 1814/2753/1090 1811/2750/1134
f 1814/2753/1090 1808/2747/1153 1812/2751/1150
f 1807/2746/1100 1811/2750/1134 1815/2754/1124
f 1811/2750/1134 1814/2753/1090 1815/2754/1124
f 1815/2754/1124 1806/2745/1102 1807/2746/1100
f 1813/2752/1089 1816/2755/1093 1812/2751/1150
f 1815/2754/1124 1817/2756/1108 1806/2745/1102
f 1800/2739/1103 1806/2745/1102 1817/2756/1108
f 1813/2752/1089 1818/2757/1095 1816/2755/1093
f 1819/2758/1096 1818/2757/1095 1813/2752/1089
f 1820/2759/1094 1812/2751/1150 1816/2755/1093
f 1818/2757/1095 1820/2759/1094 1816/2755/1093
f 1812/2751/1150 1820/2759/1094 1814/2753/1090
f 1819/2758/1096 1821/2760/1098 1818/2757/1095
f 1821/2760/1098 1819/2758/1096 1822/2761/1130
f 1823/2762/1085 1821/2760/1098 1822/2761/1130
f 1820/2759/1094 1818/2757/1095 1824/2763/1100
f 1821/2760/1098 1824/2763/1100 1818/2757/1095
f 1825/2764/1132 1814/2753/1090 1820/2759/1094
f 1814/2753/1090 1825/2764/1132 1815/2754/1124
f 1826/2765/1150 1821/2760/1098 1823/2762/1085
f 1826/2765/1150 1823/2762/1085 1827/2766/1089
f 1824/2763/1100 1821/2760/1098 1828/2767/1134
f 1827/2766/1089 1829/2768/1093 1826/2765/1150
f 1821/2760/1098 1830/2769/1090 1828/2767/1134
f 1830/2769/1090 1821/2760/1098 1826/2765/1150
f 1827/2766/1089 1831/2770/1135 1829/2768/1093
f 1832/2771/1136 1831/2770/1135 1827/2766/1089
f 1833/2772/1094 1826/2765/1150 1829/2768/1093
f 1831/2770/1135 1833/2772/1094 1829/2768/1093
f 1826/2765/1150 1833/2772/1094 1830/2769/1090
f 1832/2771/1136 1382/2773/993 1831/2770/1135
f 1382/2773/993 1832/2771/1136 1384/2774/994
f 1382/2773/993 1834/2775/1137 1831/2770/1135
f 1833/2772/1094 1831/2770/1135 1834/2775/1137
f 1834/2775/1137 1382/2773/993 1380/2776/992
f 1378/2777/991 1834/2775/1137 1380/2776/992
f 1835/2778/1138 1833/2772/1094 1834/2775/1137
f 1834/2775/1137 1378/2777/991 1835/2778/1138
f 1833/2772/1094 1835/2778/1138 1836/2779/1129
f 1837/2780/1139 1835/2778/1138 1378/2777/991
f 1837/2780/1139 1378/2777/991 1376/2781/990
f 1833/2772/1094 1836/2779/1129 1838/2782/1132
f 1838/2782/1132 1830/2769/1090 1833/2772/1094
f 1835/2778/1138 1839/2783/1103 1836/2779/1129
f 1839/2783/1103 1835/2778/1138 1837/2780/1139
f 1839/2783/1103 1838/2782/1132 1836/2779/1129
f 1376/2781/990 1840/2784/1140 1837/2780/1139
f 1840/2784/1140 1839/2783/1103 1837/2780/1139
f 1840/2784/1140 1376/2781/990 1374/2785/989
f 1841/2786/1125 1838/2782/1132 1839/2783/1103
f 1840/2784/1140 1374/2785/989 1842/2787/1141
f 1842/2787/1141 1374/2785/989 1388/2788/996
f 1386/2789/995 1842/2787/1141 1388/2788/996
f 1843/2790/1112 1839/2783/1103 1840/2784/1140
f 1842/2787/1141 1386/2789/995 1844/2791/1143
f 1384/2792/994 1844/2791/1143 1386/2789/995
f 1844/2791/1143 1384/2792/994 1832/2793/1136
f 1827/2794/1089 1844/2791/1143 1832/2793/1136
f 1845/2795/1114 1840/2784/1140 1842/2787/1141
f 1842/2787/1141 1844/2791/1143 1845/2795/1114
f 1840/2784/1140 1845/2795/1114 1843/2790/1112
f 1844/2791/1143 1827/2794/1089 1846/2796/1115
f 1846/2796/1115 1845/2795/1114 1844/2791/1143
f 1827/2794/1089 1847/2797/1113 1846/2796/1115
f 1847/2797/1113 1845/2795/1114 1846/2796/1115
f 1847/2797/1113 1827/2794/1089 1823/2798/1085
f 1847/2797/1113 1823/2798/1085 1822/2799/1130
f 1845/2795/1114 1848/2800/1106 1843/2790/1112
f 1848/2800/1106 1839/2783/1103 1843/2790/1112
f 1839/2783/1103 1848/2800/1106 1841/2786/1125
f 1845/2795/1114 1847/2797/1113 1849/2801/1109
f 1848/2800/1106 1845/2795/1114 1849/2801/1109
f 1847/2797/1113 1822/2799/1130 1850/2802/1154
f 1850/2802/1154 1849/2801/1109 1847/2797/1113
f 1822/2799/1130 1851/2803/1116 1850/2802/1154
f 1822/2799/1130 1819/2804/1096 1851/2803/1116
f 1813/2805/1089 1851/2803/1116 1819/2804/1096
f 1849/2801/1109 1850/2802/1154 1852/2806/1144
f 1851/2803/1116 1813/2805/1089 1853/2807/1121
f 1854/2808/1122 1849/2801/1109 1852/2806/1144
f 1849/2801/1109 1854/2808/1122 1848/2800/1106
f 1850/2802/1154 1855/2809/1118 1852/2806/1144
f 1851/2803/1116 1855/2809/1118 1850/2802/1154
f 1855/2809/1118 1854/2808/1122 1852/2806/1144
f 1853/2807/1121 1856/2810/1114 1851/2803/1116
f 1855/2809/1118 1851/2803/1116 1856/2810/1114
f 1813/2805/1089 1857/2811/1113 1853/2807/1121
f 1856/2810/1114 1853/2807/1121 1857/2811/1113
f 1857/2811/1113 1813/2805/1089 1810/2812/1085
f 1857/2811/1113 1810/2812/1085 1809/2813/1130
f 1854/2808/1122 1855/2809/1118 1858/2814/1117
f 1856/2810/1114 1858/2814/1117 1855/2809/1118
f 1859/2815/1145 1848/2800/1106 1854/2808/1122
f 1858/2814/1117 1859/2815/1145 1854/2808/1122
f 1848/2800/1106 1859/2815/1145 1841/2786/1125
f 1858/2814/1117 1856/2810/1114 1860/2816/1112
f 1861/2817/1124 1841/2786/1125 1859/2815/1145
f 1841/2786/1125 1861/2817/1124 1838/2782/1132
f 1830/2769/1090 1838/2782/1132 1861/2817/1124
f 1828/2767/1134 1830/2769/1090 1861/2817/1124
f 1824/2763/1100 1828/2767/1134 1861/2817/1124
f 1859/2815/1145 1858/2814/1117 1862/2818/1108
f 1862/2818/1108 1861/2817/1124 1859/2815/1145
f 1861/2817/1124 1863/2819/1102 1824/2763/1100
f 1861/2817/1124 1862/2818/1108 1863/2819/1102
f 1863/2819/1102 1820/2759/1094 1824/2763/1100
f 1858/2814/1117 1864/2820/1103 1862/2818/1108
f 1864/2820/1103 1863/2819/1102 1862/2818/1108
f 1860/2816/1112 1864/2820/1103 1858/2814/1117
f 1820/2759/1094 1863/2819/1102 1865/2821/1101
f 1863/2819/1102 1864/2820/1103 1865/2821/1101
f 1820/2759/1094 1865/2821/1101 1825/2764/1132
f 1864/2820/1103 1825/2764/1132 1865/2821/1101
f 1866/2822/1106 1864/2820/1103 1860/2816/1112
f 1856/2810/1114 1866/2822/1106 1860/2816/1112
f 1867/2823/1125 1825/2764/1132 1864/2820/1103
f 1864/2820/1103 1866/2822/1106 1867/2823/1125
f 1867/2823/1125 1815/2754/1124 1825/2764/1132
f 1815/2754/1124 1867/2823/1125 1868/2824/1123
f 1866/2822/1106 1868/2824/1123 1867/2823/1125
f 1817/2756/1108 1815/2754/1124 1868/2824/1123
f 1866/2822/1106 1856/2810/1114 1869/2825/1109
f 1856/2810/1114 1857/2811/1113 1869/2825/1109
f 1868/2824/1123 1866/2822/1106 1870/2826/1122
f 1869/2825/1109 1870/2826/1122 1866/2822/1106
f 1868/2824/1123 1871/2827/1117 1817/2756/1108
f 1871/2827/1117 1868/2824/1123 1870/2826/1122
f 1871/2827/1117 1800/2739/1103 1817/2756/1108
f 1870/2826/1122 1869/2825/1109 1872/2828/1120
f 1873/2829/1112 1800/2739/1103 1871/2827/1117
f 1794/2733/1106 1800/2739/1103 1873/2829/1112
f 1792/2731/1114 1794/2733/1106 1873/2829/1112
f 1871/2827/1117 1792/2731/1114 1873/2829/1112
f 1870/2826/1122 1874/2830/1118 1871/2827/1117
f 1792/2731/1114 1871/2827/1117 1874/2830/1118
f 1874/2830/1118 1870/2826/1122 1872/2828/1120
f 1869/2825/1109 1875/2831/1119 1872/2828/1120
f 1875/2831/1119 1874/2830/1118 1872/2828/1120
f 1875/2831/1119 1869/2825/1109 1857/2811/1113
f 1857/2811/1113 1809/2813/1130 1875/2831/1119
f 1874/2830/1118 1876/2832/1116 1792/2731/1114
f 1876/2832/1116 1874/2830/1118 1875/2831/1119
f 1809/2813/1130 1876/2832/1116 1875/2831/1119
f 1789/2728/1121 1792/2731/1114 1876/2832/1116
f 1809/2813/1130 1805/2833/1096 1876/2832/1116
f 1876/2832/1116 1768/2726/1089 1789/2728/1121
f 1768/2726/1089 1876/2832/1116 1805/2833/1096
f 1877/2834/1155 1878/2835/1125 1879/2836/1105
f 1880/2837/1132 1878/2835/1125 1877/2834/1155
f 1878/2835/1125 1880/2837/1132 1881/2838/1103
f 1877/2834/1155 1882/2839/1090 1880/2837/1132
f 1882/2839/1090 1877/2834/1155 1883/2840/1091
f 1884/2841/1147 1882/2839/1090 1883/2840/1091
f 1885/2842/1101 1881/2838/1103 1880/2837/1132
f 1882/2839/1090 1884/2841/1147 1886/2843/1150
f 1881/2838/1103 1885/2842/1101 1887/2844/1102
f 1881/2838/1103 1887/2844/1102 1888/2845/1108
f 1880/2837/1132 1889/2846/1094 1885/2842/1101
f 1889/2846/1094 1880/2837/1132 1882/2839/1090
f 1889/2846/1094 1887/2844/1102 1885/2842/1101
f 1886/2843/1150 1889/2846/1094 1882/2839/1090
f 1890/2847/1124 1888/2845/1108 1887/2844/1102
f 1888/2845/1108 1890/2847/1124 1891/2848/1123
f 1890/2847/1124 1892/2849/1125 1891/2848/1123
f 1887/2844/1102 1889/2846/1094 1893/2850/1100
f 1890/2847/1124 1887/2844/1102 1893/2850/1100
f 1889/2846/1094 1886/2843/1150 1894/2851/1156
f 1895/2852/1132 1892/2849/1125 1890/2847/1124
f 1895/2852/1132 1896/2853/1103 1892/2849/1125
f 1889/2846/1094 1894/2851/1156 1897/2854/1095
f 1889/2846/1094 1897/2854/1095 1893/2850/1100
f 1898/2855/1089 1894/2851/1156 1886/2843/1150
f 1898/2855/1089 1897/2854/1095 1894/2851/1156
f 1884/2841/1147 1899/2856/1085 1886/2843/1150
f 1898/2855/1089 1886/2843/1150 1899/2856/1085
f 1899/2856/1085 1884/2841/1147 1900/2857/1087
f 1900/2857/1087 1901/2858/1113 1899/2856/1085
f 1901/2858/1113 1898/2855/1089 1899/2856/1085
f 1901/2858/1113 1900/2857/1087 1902/2859/1111
f 1897/2854/1095 1898/2855/1089 1903/2860/1096
f 1902/2859/1111 1904/2861/1109 1901/2858/1113
f 1904/2861/1109 1902/2859/1111 1905/2862/1110
f 1906/2863/1107 1904/2861/1109 1905/2862/1110
f 1907/2864/1121 1898/2855/1089 1901/2858/1113
f 1906/2863/1107 1908/2865/1106 1904/2861/1109
f 1879/2866/1105 1908/2865/1106 1906/2863/1107
f 1908/2865/1106 1879/2866/1105 1878/2867/1125
f 1881/2868/1103 1908/2865/1106 1878/2867/1125
f 1909/2869/1152 1901/2858/1113 1904/2861/1109
f 1904/2861/1109 1908/2865/1106 1909/2869/1152
f 1901/2858/1113 1909/2869/1152 1907/2864/1121
f 1908/2865/1106 1881/2868/1103 1910/2870/1157
f 1910/2870/1157 1909/2869/1152 1908/2865/1106
f 1881/2868/1103 1911/2871/1117 1910/2870/1157
f 1911/2871/1117 1909/2869/1152 1910/2870/1157
f 1911/2871/1117 1881/2868/1103 1888/2872/1108
f 1891/2873/1123 1911/2871/1117 1888/2872/1108
f 1909/2869/1152 1912/2874/1116 1907/2864/1121
f 1898/2855/1089 1907/2864/1121 1912/2874/1116
f 1912/2874/1116 1903/2860/1096 1898/2855/1089
f 1911/2871/1117 1913/2875/1118 1909/2869/1152
f 1912/2874/1116 1909/2869/1152 1913/2875/1118
f 1911/2871/1117 1891/2873/1123 1914/2876/1122
f 1914/2876/1122 1913/2875/1118 1911/2871/1117
f 1915/2877/1099 1903/2860/1096 1912/2874/1116
f 1913/2875/1118 1914/2876/1122 1916/2878/1120
f 1912/2874/1116 1913/2875/1118 1917/2879/1119
f 1917/2879/1119 1913/2875/1118 1916/2878/1120
f 1915/2877/1099 1912/2874/1116 1917/2879/1119
f 1914/2876/1122 1918/2880/1109 1916/2878/1120
f 1918/2880/1109 1917/2879/1119 1916/2878/1120
f 1891/2873/1123 1919/2881/1106 1914/2876/1122
f 1914/2876/1122 1919/2881/1106 1918/2880/1109
f 1919/2881/1106 1891/2873/1123 1892/2882/1125
f 1896/2883/1103 1919/2881/1106 1892/2882/1125
f 1917/2879/1119 1918/2880/1109 1920/2884/1113
f 1920/2884/1113 1915/2877/1099 1917/2879/1119
f 1918/2880/1109 1919/2881/1106 1921/2885/1114
f 1921/2885/1114 1920/2884/1113 1918/2880/1109
f 1919/2881/1106 1896/2883/1103 1922/2886/1112
f 1922/2886/1112 1921/2885/1114 1919/2881/1106
f 1896/2883/1103 1923/2887/1117 1922/2886/1112
f 1923/2887/1117 1921/2885/1114 1922/2886/1112
f 1923/2887/1117 1896/2883/1103 1924/2888/1108
f 1925/2889/1145 1923/2887/1117 1924/2888/1108
f 1920/2884/1113 1921/2885/1114 1926/2890/1121
f 1923/2887/1117 1925/2889/1145 1927/2891/1122
f 1923/2887/1117 1928/2892/1118 1921/2885/1114
f 1923/2887/1117 1927/2891/1122 1928/2892/1118
f 1921/2885/1114 1929/2893/1116 1926/2890/1121
f 1929/2893/1116 1921/2885/1114 1928/2892/1118
f 1926/2890/1121 1930/2894/1089 1920/2884/1113
f 1930/2894/1089 1926/2890/1121 1929/2893/1116
f 1915/2877/1099 1920/2884/1113 1931/2895/1085
f 1920/2884/1113 1930/2894/1089 1931/2895/1085
f 1931/2895/1085 1932/2896/1098 1915/2877/1099
f 1932/2896/1098 1903/2860/1096 1915/2877/1099
f 1903/2860/1096 1932/2896/1098 1897/2854/1095
f 1932/2896/1098 1893/2850/1100 1897/2854/1095
f 1893/2850/1100 1932/2896/1098 1933/2897/1126
f 1893/2850/1100 1933/2897/1126 1890/2847/1124
f 1931/2895/1085 1934/2898/1088 1932/2896/1098
f 1930/2894/1089 1934/2898/1088 1931/2895/1085
f 1932/2896/1098 1935/2899/1090 1933/2897/1126
f 1935/2899/1090 1890/2847/1124 1933/2897/1126
f 1935/2899/1090 1932/2896/1098 1934/2898/1088
f 1890/2847/1124 1935/2899/1090 1895/2852/1132
f 1934/2898/1088 1936/2900/1094 1935/2899/1090
f 1936/2900/1094 1895/2852/1132 1935/2899/1090
f 1930/2894/1089 1937/2901/1093 1934/2898/1088
f 1936/2900/1094 1934/2898/1088 1937/2901/1093
f 1930/2894/1089 1938/2902/1095 1937/2901/1093
f 1936/2900/1094 1937/2901/1093 1938/2902/1095
f 1895/2852/1132 1936/2900/1094 1939/2903/1129
f 1939/2903/1129 1896/2853/1103 1895/2852/1132
f 1896/2853/1103 1939/2903/1129 1940/2904/1102
f 1936/2900/1094 1940/2904/1102 1939/2903/1129
f 1896/2853/1103 1940/2904/1102 1924/2905/1108
f 1940/2904/1102 1936/2900/1094 1941/2906/1100
f 1936/2900/1094 1938/2902/1095 1941/2906/1100
f 1924/2905/1108 1940/2904/1102 1942/2907/1124
f 1941/2906/1100 1942/2907/1124 1940/2904/1102
f 1924/2905/1108 1942/2907/1124 1925/2908/1145
f 1942/2907/1124 1943/2909/1125 1925/2908/1145
f 1942/2907/1124 1941/2906/1100 1944/2910/1126
f 1945/2911/1132 1943/2909/1125 1942/2907/1124
f 1945/2911/1132 1946/2912/1103 1943/2909/1125
f 1947/2913/1090 1942/2907/1124 1944/2910/1126
f 1942/2907/1124 1947/2913/1090 1945/2911/1132
f 1941/2906/1100 1948/2914/1098 1944/2910/1126
f 1948/2914/1098 1947/2913/1090 1944/2910/1126
f 1948/2914/1098 1941/2906/1100 1938/2902/1095
f 1949/2915/1129 1946/2912/1103 1945/2911/1132
f 1950/2916/1096 1948/2914/1098 1938/2902/1095
f 1938/2902/1095 1930/2894/1089 1950/2916/1096
f 1929/2893/1116 1950/2916/1096 1930/2894/1089
f 1946/2912/1103 1949/2915/1129 1951/2917/1102
f 1946/2912/1103 1951/2917/1102 1952/2918/1108
f 1945/2911/1132 1953/2919/1128 1949/2915/1129
f 1953/2919/1128 1951/2917/1102 1949/2915/1129
f 1953/2919/1128 1945/2911/1132 1947/2913/1090
f 1952/2918/1108 1951/2917/1102 1954/2920/1124
f 1952/2918/1108 1954/2920/1124 1955/2921/1123
f 1954/2920/1124 1956/2922/1125 1955/2921/1123
f 1951/2917/1102 1953/2919/1128 1957/2923/1100
f 1957/2923/1100 1954/2920/1124 1951/2917/1102
f 1958/2924/1150 1953/2919/1128 1947/2913/1090
f 1947/2913/1090 1948/2914/1098 1958/2924/1150
f 1959/2925/1132 1956/2922/1125 1954/2920/1124
f 1956/2922/1125 1959/2925/1132 1960/2926/1103
f 1954/2920/1124 1957/2923/1100 1961/2927/1134
f 1962/2928/1129 1960/2926/1103 1959/2925/1132
f 1963/2929/1090 1954/2920/1124 1961/2927/1134
f 1954/2920/1124 1963/2929/1090 1959/2925/1132
f 1960/2926/1103 1962/2928/1129 1964/2930/1138
f 1960/2926/1103 1964/2930/1138 1965/2931/1139
f 1959/2925/1132 1966/2932/1094 1962/2928/1129
f 1966/2932/1094 1964/2930/1138 1962/2928/1129
f 1966/2932/1094 1959/2925/1132 1963/2929/1090
f 1505/2933/991 1965/2931/1139 1964/2930/1138
f 1965/2931/1139 1505/2933/991 1503/2934/990
f 1505/2933/991 1964/2930/1138 1967/2935/1137
f 1964/2930/1138 1966/2932/1094 1967/2935/1137
f 1967/2935/1137 1507/2936/992 1505/2933/991
f 1967/2935/1137 1509/2937/993 1507/2936/992
f 1509/2937/993 1967/2935/1137 1968/2938/1135
f 1966/2932/1094 1968/2938/1135 1967/2935/1137
f 1969/2939/1136 1509/2937/993 1968/2938/1135
f 1509/2937/993 1969/2939/1136 1512/2940/994
f 1966/2932/1094 1970/2941/1156 1968/2938/1135
f 1512/2940/994 1969/2939/1136 1971/2942/1158
f 1971/2942/1158 1499/2943/995 1512/2940/994
f 1968/2938/1135 1972/2944/1089 1969/2939/1136
f 1972/2944/1089 1968/2938/1135 1970/2941/1156
f 1971/2942/1158 1969/2939/1136 1972/2944/1089
f 1966/2932/1094 1973/2945/1133 1970/2941/1156
f 1972/2944/1089 1970/2941/1156 1973/2945/1133
f 1973/2945/1133 1966/2932/1094 1963/2929/1090
f 1972/2944/1089 1974/2946/1115 1971/2942/1158
f 1963/2929/1090 1975/2947/1098 1973/2945/1133
f 1975/2947/1098 1963/2929/1090 1961/2927/1134
f 1957/2923/1100 1975/2947/1098 1961/2927/1134
f 1972/2944/1089 1973/2945/1133 1976/2948/1085
f 1975/2947/1098 1976/2948/1085 1973/2945/1133
f 1974/2946/1115 1972/2944/1089 1977/2949/1113
f 1977/2949/1113 1972/2944/1089 1976/2948/1085
f 1975/2947/1098 1957/2923/1100 1978/2950/1095
f 1953/2919/1128 1978/2950/1095 1957/2923/1100
f 1976/2948/1085 1975/2947/1098 1979/2951/1099
f 1979/2951/1099 1977/2949/1113 1976/2948/1085
f 1953/2919/1128 1980/2952/1093 1978/2950/1095
f 1953/2919/1128 1958/2924/1150 1980/2952/1093
f 1981/2953/1096 1975/2947/1098 1978/2950/1095
f 1975/2947/1098 1981/2953/1096 1979/2951/1099
f 1982/2954/1089 1978/2950/1095 1980/2952/1093
f 1978/2950/1095 1982/2954/1089 1981/2953/1096
f 1982/2954/1089 1980/2952/1093 1958/2924/1150
f 1983/2955/1116 1979/2951/1099 1981/2953/1096
f 1983/2955/1116 1981/2953/1096 1982/2954/1089
f 1982/2954/1089 1958/2924/1150 1984/2956/1085
f 1948/2914/1098 1984/2956/1085 1958/2924/1150
f 1982/2954/1089 1985/2957/1121 1983/2955/1116
f 1984/2956/1085 1948/2914/1098 1986/2958/1130
f 1948/2914/1098 1950/2916/1096 1986/2958/1130
f 1929/2893/1116 1986/2958/1130 1950/2916/1096
f 1987/2959/1113 1982/2954/1089 1984/2956/1085
f 1986/2958/1130 1987/2959/1113 1984/2956/1085
f 1985/2957/1121 1982/2954/1089 1987/2959/1113
f 1986/2958/1130 1929/2893/1116 1988/2960/1119
f 1987/2959/1113 1986/2958/1130 1988/2960/1119
f 1928/2892/1118 1988/2960/1119 1929/2893/1116
f 1987/2959/1113 1989/2961/1114 1985/2957/1121
f 1989/2961/1114 1983/2955/1116 1985/2957/1121
f 1988/2960/1119 1928/2892/1118 1990/2962/1120
f 1928/2892/1118 1927/2891/1122 1990/2962/1120
f 1988/2960/1119 1991/2963/1109 1987/2959/1113
f 1991/2963/1109 1988/2960/1119 1990/2962/1120
f 1927/2891/1122 1991/2963/1109 1990/2962/1120
f 1989/2961/1114 1987/2959/1113 1991/2963/1109
f 1927/2891/1122 1992/2964/1106 1991/2963/1109
f 1991/2963/1109 1992/2964/1106 1989/2961/1114
f 1925/2889/1145 1992/2964/1106 1927/2891/1122
f 1992/2964/1106 1925/2889/1145 1943/2965/1125
f 1946/2966/1103 1992/2964/1106 1943/2965/1125
f 1992/2964/1106 1946/2966/1103 1993/2967/1112
f 1993/2967/1112 1989/2961/1114 1992/2964/1106
f 1946/2966/1103 1994/2968/1117 1993/2967/1112
f 1994/2968/1117 1989/2961/1114 1993/2967/1112
f 1994/2968/1117 1946/2966/1103 1952/2969/1108
f 1955/2970/1123 1994/2968/1117 1952/2969/1108
f 1994/2968/1117 1995/2971/1118 1989/2961/1114
f 1983/2955/1116 1989/2961/1114 1995/2971/1118
f 1994/2968/1117 1955/2970/1123 1996/2972/1122
f 1994/2968/1117 1996/2972/1122 1995/2971/1118
f 1995/2971/1118 1997/2973/1119 1983/2955/1116
f 1979/2951/1099 1983/2955/1116 1997/2973/1119
f 1977/2949/1113 1979/2951/1099 1997/2973/1119
f 1997/2973/1119 1995/2971/1118 1998/2974/1144
f 1995/2971/1118 1996/2972/1122 1998/2974/1144
f 1999/2975/1109 1997/2973/1119 1998/2974/1144
f 1996/2972/1122 1999/2975/1109 1998/2974/1144
f 1997/2973/1119 1999/2975/1109 1977/2949/1113
f 1955/2970/1123 2000/2976/1106 1996/2972/1122
f 1996/2972/1122 2000/2976/1106 1999/2975/1109
f 2000/2976/1106 1955/2970/1123 1956/2977/1125
f 1960/2978/1103 2000/2976/1106 1956/2977/1125
f 2001/2979/1114 1977/2949/1113 1999/2975/1109
f 1999/2975/1109 2000/2976/1106 2001/2979/1114
f 1977/2949/1113 2001/2979/1114 1974/2946/1115
f 2001/2979/1114 1971/2942/1158 1974/2946/1115
f 2000/2976/1106 1960/2978/1103 2002/2980/1112
f 2002/2980/1112 2001/2979/1114 2000/2976/1106
f 1960/2978/1103 2003/2981/1140 2002/2980/1112
f 2003/2981/1140 2001/2979/1114 2002/2980/1112
f 2003/2981/1140 1960/2978/1103 1965/2982/1139
f 1503/2983/990 2003/2981/1140 1965/2982/1139
f 2003/2981/1140 1503/2983/990 1501/2984/989
f 1971/2942/1158 2001/2979/1114 2004/2985/1141
f 2003/2981/1140 2004/2985/1141 2001/2979/1114
f 1501/2984/989 2004/2985/1141 2003/2981/1140
f 1971/2942/1158 2004/2985/1141 1499/2943/995
f 2004/2985/1141 1501/2984/989 1497/2986/996
f 1499/2943/995 2004/2985/1141 1497/2986/996
f 2005/2987/1092 2006/2988/1104 2007/2989/1105
f 2008/2990/1127 2006/2988/1104 2005/2987/1092
f 2006/2988/1104 2008/2990/1127 2009/2991/1103
f 2005/2987/1092 2010/2992/1090 2008/2990/1127
f 2010/2992/1090 2005/2987/1092 2011/2993/1091
f 2012/2994/1086 2010/2992/1090 2011/2993/1091
f 2013/2995/1129 2009/2991/1103 2008/2990/1127
f 2010/2992/1090 2012/2994/1086 2014/2996/1133
f 2009/2991/1103 2013/2995/1129 2015/2997/1102
f 2009/2991/1103 2015/2997/1102 2016/2998/1108
f 2008/2990/1127 2017/2999/1128 2013/2995/1129
f 2017/2999/1128 2008/2990/1127 2010/2992/1090
f 2017/2999/1128 2015/2997/1102 2013/2995/1129
f 2014/2996/1133 2017/2999/1128 2010/2992/1090
f 2018/3000/1124 2016/2998/1108 2015/2997/1102
f 2016/2998/1108 2018/3000/1124 2019/3001/1123
f 2018/3000/1124 2020/3002/1125 2019/3001/1123
f 2015/2997/1102 2017/2999/1128 2021/3003/1100
f 2018/3000/1124 2015/2997/1102 2021/3003/1100
f 2017/2999/1128 2014/2996/1133 2022/3004/1093
f 2023/3005/1127 2020/3002/1125 2018/3000/1124
f 2020/3002/1125 2023/3005/1127 2024/3006/1103
f 2017/2999/1128 2022/3004/1093 2025/3007/1095
f 2017/2999/1128 2025/3007/1095 2021/3003/1100
f 2026/3008/1148 2022/3004/1093 2014/2996/1133
f 2026/3008/1148 2025/3007/1095 2022/3004/1093
f 2012/2994/1086 2027/3009/1146 2014/2996/1133
f 2026/3008/1148 2014/2996/1133 2027/3009/1146
f 2027/3009/1146 2012/2994/1086 2028/3010/1087
f 2028/3010/1087 2029/3011/1113 2027/3009/1146
f 2029/3011/1113 2026/3008/1148 2027/3009/1146
f 2029/3011/1113 2028/3010/1087 2030/3012/1111
f 2025/3007/1095 2026/3008/1148 2031/3013/1096
f 2030/3012/1111 2032/3014/1109 2029/3011/1113
f 2032/3014/1109 2030/3012/1111 2033/3015/1110
f 2034/3016/1107 2032/3014/1109 2033/3015/1110
f 2035/3017/1121 2026/3008/1148 2029/3011/1113
f 2034/3016/1107 2036/3018/1106 2032/3014/1109
f 2007/3019/1105 2036/3018/1106 2034/3016/1107
f 2036/3018/1106 2007/3019/1105 2006/3020/1104
f 2009/3021/1103 2036/3018/1106 2006/3020/1104
f 2037/3022/1114 2029/3011/1113 2032/3014/1109
f 2032/3014/1109 2036/3018/1106 2037/3022/1114
f 2029/3011/1113 2037/3022/1114 2035/3017/1121
f 2036/3018/1106 2009/3021/1103 2038/3023/1142
f 2038/3023/1142 2037/3022/1114 2036/3018/1106
f 2009/3021/1103 2039/3024/1117 2038/3023/1142
f 2039/3024/1117 2037/3022/1114 2038/3023/1142
f 2039/3024/1117 2009/3021/1103 2016/3025/1108
f 2019/3026/1123 2039/3024/1117 2016/3025/1108
f 2037/3022/1114 2040/3027/1116 2035/3017/1121
f 2026/3008/1148 2035/3017/1121 2040/3027/1116
f 2040/3027/1116 2031/3013/1096 2026/3008/1148
f 2039/3024/1117 2041/3028/1118 2037/3022/1114
f 2040/3027/1116 2037/3022/1114 2041/3028/1118
f 2039/3024/1117 2019/3026/1123 2042/3029/1159
f 2042/3029/1159 2041/3028/1118 2039/3024/1117
f 2043/3030/1099 2031/3013/1096 2040/3027/1116
f 2041/3028/1118 2042/3029/1159 2044/3031/1120
f 2040/3027/1116 2041/3028/1118 2045/3032/1119
f 2045/3032/1119 2041/3028/1118 2044/3031/1120
f 2043/3030/1099 2040/3027/1116 2045/3032/1119
f 2042/3029/1159 2046/3033/1109 2044/3031/1120
f 2046/3033/1109 2045/3032/1119 2044/3031/1120
f 2019/3026/1123 2047/3034/1160 2042/3029/1159
f 2042/3029/1159 2047/3034/1160 2046/3033/1109
f 2047/3034/1160 2019/3026/1123 2020/3035/1125
f 2024/3036/1103 2047/3034/1160 2020/3035/1125
f 2045/3032/1119 2046/3033/1109 2048/3037/1161
f 2048/3037/1161 2043/3030/1099 2045/3032/1119
f 2046/3033/1109 2047/3034/1160 2049/3038/1114
f 2049/3038/1114 2048/3037/1161 2046/3033/1109
f 2047/3034/1160 2024/3036/1103 2050/3039/1112
f 2050/3039/1112 2049/3038/1114 2047/3034/1160
f 2024/3036/1103 2051/3040/1117 2050/3039/1112
f 2051/3040/1117 2049/3038/1114 2050/3039/1112
f 2051/3040/1117 2024/3036/1103 2052/3041/1108
f 2053/3042/1145 2051/3040/1117 2052/3041/1108
f 2048/3037/1161 2049/3038/1114 2054/3043/1121
f 2051/3040/1117 2053/3042/1145 2055/3044/1122
f 2051/3040/1117 2056/3045/1118 2049/3038/1114
f 2051/3040/1117 2055/3044/1122 2056/3045/1118
f 2049/3038/1114 2057/3046/1116 2054/3043/1121
f 2057/3046/1116 2049/3038/1114 2056/3045/1118
f 2054/3043/1121 2058/3047/1089 2048/3037/1161
f 2058/3047/1089 2054/3043/1121 2057/3046/1116
f 2043/3030/1099 2048/3037/1161 2059/3048/1085
f 2048/3037/1161 2058/3047/1089 2059/3048/1085
f 2059/3048/1085 2060/3049/1098 2043/3030/1099
f 2060/3049/1098 2031/3013/1096 2043/3030/1099
f 2031/3013/1096 2060/3049/1098 2025/3007/1095
f 2060/3049/1098 2021/3003/1100 2025/3007/1095
f 2021/3003/1100 2060/3049/1098 2061/3050/1134
f 2021/3003/1100 2061/3050/1134 2018/3000/1124
f 2059/3048/1085 2062/3051/1133 2060/3049/1098
f 2058/3047/1089 2062/3051/1133 2059/3048/1085
f 2060/3049/1098 2063/3052/1090 2061/3050/1134
f 2063/3052/1090 2018/3000/1124 2061/3050/1134
f 2063/3052/1090 2060/3049/1098 2062/3051/1133
f 2018/3000/1124 2063/3052/1090 2023/3005/1127
f 2062/3051/1133 2064/3053/1094 2063/3052/1090
f 2064/3053/1094 2023/3005/1127 2063/3052/1090
f 2058/3047/1089 2065/3054/1156 2062/3051/1133
f 2064/3053/1094 2062/3051/1133 2065/3054/1156
f 2058/3047/1089 2066/3055/1095 2065/3054/1156
f 2064/3053/1094 2065/3054/1156 2066/3055/1095
f 2023/3005/1127 2064/3053/1094 2067/3056/1101
f 2067/3056/1101 2024/3006/1103 2023/3005/1127
f 2024/3006/1103 2067/3056/1101 2068/3057/1102
f 2064/3053/1094 2068/3057/1102 2067/3056/1101
f 2024/3006/1103 2068/3057/1102 2052/3058/1108
f 2068/3057/1102 2064/3053/1094 2069/3059/1100
f 2064/3053/1094 2066/3055/1095 2069/3059/1100
f 2052/3058/1108 2068/3057/1102 2070/3060/1124
f 2069/3059/1100 2070/3060/1124 2068/3057/1102
f 2052/3058/1108 2070/3060/1124 2053/3061/1145
f 2070/3060/1124 2071/3062/1125 2053/3061/1145
f 2070/3060/1124 2069/3059/1100 2072/3063/1134
f 2073/3064/1132 2071/3062/1125 2070/3060/1124
f 2071/3062/1125 2073/3064/1132 2074/3065/1103
f 2075/3066/1090 2070/3060/1124 2072/3063/1134
f 2070/3060/1124 2075/3066/1090 2073/3064/1132
f 2069/3059/1100 2076/3067/1098 2072/3063/1134
f 2076/3067/1098 2075/3066/1090 2072/3063/1134
f 2076/3067/1098 2069/3059/1100 2066/3055/1095
f 2077/3068/1129 2074/3065/1103 2073/3064/1132
f 2078/3069/1096 2076/3067/1098 2066/3055/1095
f 2066/3055/1095 2058/3047/1089 2078/3069/1096
f 2057/3046/1116 2078/3069/1096 2058/3047/1089
f 2074/3065/1103 2077/3068/1129 2079/3070/1102
f 2074/3065/1103 2079/3070/1102 2080/3071/1108
f 2073/3064/1132 2081/3072/1128 2077/3068/1129
f 2081/3072/1128 2079/3070/1102 2077/3068/1129
f 2081/3072/1128 2073/3064/1132 2075/3066/1090
f 2080/3071/1108 2079/3070/1102 2082/3073/1124
f 2080/3071/1108 2082/3073/1124 2083/3074/1145
f 2082/3073/1124 2084/3075/1125 2083/3074/1145
f 2079/3070/1102 2081/3072/1128 2085/3076/1100
f 2085/3076/1100 2082/3073/1124 2079/3070/1102
f 2086/3077/1150 2081/3072/1128 2075/3066/1090
f 2075/3066/1090 2076/3067/1098 2086/3077/1150
f 2087/3078/1127 2084/3075/1125 2082/3073/1124
f 2084/3075/1125 2087/3078/1127 2088/3079/1103
f 2082/3073/1124 2085/3076/1100 2089/3080/1134
f 2090/3081/1129 2088/3079/1103 2087/3078/1127
f 2091/3082/1090 2082/3073/1124 2089/3080/1134
f 2082/3073/1124 2091/3082/1090 2087/3078/1127
f 2088/3079/1103 2090/3081/1129 2092/3083/1138
f 2088/3079/1103 2092/3083/1138 2093/3084/1139
f 2087/3078/1127 2094/3085/1094 2090/3081/1129
f 2094/3085/1094 2092/3083/1138 2090/3081/1129
f 2094/3085/1094 2087/3078/1127 2091/3082/1090
f 1538/3086/991 2093/3084/1139 2092/3083/1138
f 2093/3084/1139 1538/3086/991 1536/3087/990
f 1538/3086/991 2092/3083/1138 2095/3088/1137
f 2092/3083/1138 2094/3085/1094 2095/3088/1137
f 2095/3088/1137 1539/3089/992 1538/3086/991
f 2095/3088/1137 1541/3090/993 1539/3089/992
f 1541/3090/993 2095/3088/1137 2096/3091/1135
f 2094/3085/1094 2096/3091/1135 2095/3088/1137
f 2097/3092/1136 1541/3090/993 2096/3091/1135
f 1541/3090/993 2097/3092/1136 1544/3093/994
f 2094/3085/1094 2098/3094/1093 2096/3091/1135
f 1544/3093/994 2097/3092/1136 2099/3095/1143
f 2099/3095/1143 1531/3096/995 1544/3093/994
f 2096/3091/1135 2100/3097/1089 2097/3092/1136
f 2100/3097/1089 2096/3091/1135 2098/3094/1093
f 2099/3095/1143 2097/3092/1136 2100/3097/1089
f 2094/3085/1094 2101/3098/1150 2098/3094/1093
f 2100/3097/1089 2098/3094/1093 2101/3098/1150
f 2101/3098/1150 2094/3085/1094 2091/3082/1090
f 2100/3097/1089 2102/3099/1121 2099/3095/1143
f 2091/3082/1090 2103/3100/1153 2101/3098/1150
f 2103/3100/1153 2091/3082/1090 2089/3080/1134
f 2085/3076/1100 2103/3100/1153 2089/3080/1134
f 2100/3097/1089 2101/3098/1150 2104/3101/1085
f 2103/3100/1153 2104/3101/1085 2101/3098/1150
f 2102/3099/1121 2100/3097/1089 2105/3102/1113
f 2105/3102/1113 2100/3097/1089 2104/3101/1085
f 2103/3100/1153 2085/3076/1100 2106/3103/1095
f 2081/3072/1128 2106/3103/1095 2085/3076/1100
f 2104/3101/1085 2103/3100/1153 2107/3104/1130
f 2107/3104/1130 2105/3102/1113 2104/3101/1085
f 2081/3072/1128 2108/3105/1093 2106/3103/1095
f 2081/3072/1128 2086/3077/1150 2108/3105/1093
f 2109/3106/1096 2103/3100/1153 2106/3103/1095
f 2103/3100/1153 2109/3106/1096 2107/3104/1130
f 2110/3107/1089 2106/3103/1095 2108/3105/1093
f 2106/3103/1095 2110/3107/1089 2109/3106/1096
f 2110/3107/1089 2108/3105/1093 2086/3077/1150
f 2111/3108/1116 2107/3104/1130 2109/3106/1096
f 2111/3108/1116 2109/3106/1096 2110/3107/1089
f 2110/3107/1089 2086/3077/1150 2112/3109/1085
f 2076/3067/1098 2112/3109/1085 2086/3077/1150
f 2110/3107/1089 2113/3110/1115 2111/3108/1116
f 2112/3109/1085 2076/3067/1098 2114/3111/1099
f 2076/3067/1098 2078/3069/1096 2114/3111/1099
f 2057/3046/1116 2114/3111/1099 2078/3069/1096
f 2115/3112/1113 2110/3107/1089 2112/3109/1085
f 2114/3111/1099 2115/3112/1113 2112/3109/1085
f 2113/3110/1115 2110/3107/1089 2115/3112/1113
f 2114/3111/1099 2057/3046/1116 2116/3113/1119
f 2115/3112/1113 2114/3111/1099 2116/3113/1119
f 2056/3045/1118 2116/3113/1119 2057/3046/1116
f 2115/3112/1113 2117/3114/1152 2113/3110/1115
f 2117/3114/1152 2111/3108/1116 2113/3110/1115
f 2116/3113/1119 2056/3045/1118 2118/3115/1120
f 2056/3045/1118 2055/3044/1122 2118/3115/1120
f 2116/3113/1119 2119/3116/1109 2115/3112/1113
f 2119/3116/1109 2116/3113/1119 2118/3115/1120
f 2055/3044/1122 2119/3116/1109 2118/3115/1120
f 2117/3114/1152 2115/3112/1113 2119/3116/1109
f 2055/3044/1122 2120/3117/1106 2119/3116/1109
f 2119/3116/1109 2120/3117/1106 2117/3114/1152
f 2053/3042/1145 2120/3117/1106 2055/3044/1122
f 2120/3117/1106 2053/3042/1145 2071/3118/1125
f 2074/3119/1103 2120/3117/1106 2071/3118/1125
f 2120/3117/1106 2074/3119/1103 2121/3120/1112
f 2121/3120/1112 2117/3114/1152 2120/3117/1106
f 2074/3119/1103 2122/3121/1117 2121/3120/1112
f 2122/3121/1117 2117/3114/1152 2121/3120/1112
f 2122/3121/1117 2074/3119/1103 2080/3122/1108
f 2083/3123/1145 2122/3121/1117 2080/3122/1108
f 2122/3121/1117 2123/3124/1118 2117/3114/1152
f 2111/3108/1116 2117/3114/1152 2123/3124/1118
f 2122/3121/1117 2083/3123/1145 2124/3125/1122
f 2122/3121/1117 2124/3125/1122 2123/3124/1118
f 2123/3124/1118 2125/3126/1119 2111/3108/1116
f 2107/3104/1130 2111/3108/1116 2125/3126/1119
f 2105/3102/1113 2107/3104/1130 2125/3126/1119
f 2125/3126/1119 2123/3124/1118 2126/3127/1144
f 2123/3124/1118 2124/3125/1122 2126/3127/1144
f 2127/3128/1109 2125/3126/1119 2126/3127/1144
f 2124/3125/1122 2127/3128/1109 2126/3127/1144
f 2125/3126/1119 2127/3128/1109 2105/3102/1113
f 2083/3123/1145 2128/3129/1106 2124/3125/1122
f 2124/3125/1122 2128/3129/1106 2127/3128/1109
f 2128/3129/1106 2083/3123/1145 2084/3130/1125
f 2088/3131/1103 2128/3129/1106 2084/3130/1125
f 2129/3132/1114 2105/3102/1113 2127/3128/1109
f 2127/3128/1109 2128/3129/1106 2129/3132/1114
f 2105/3102/1113 2129/3132/1114 2102/3099/1121
f 2129/3132/1114 2099/3095/1143 2102/3099/1121
f 2128/3129/1106 2088/3131/1103 2130/3133/1112
f 2130/3133/1112 2129/3132/1114 2128/3129/1106
f 2088/3131/1103 2131/3134/1140 2130/3133/1112
f 2131/3134/1140 2129/3132/1114 2130/3133/1112
f 2131/3134/1140 2088/3131/1103 2093/3135/1139
f 1536/3136/990 2131/3134/1140 2093/3135/1139
f 2131/3134/1140 1536/3136/990 1533/3137/989
f 2099/3095/1143 2129/3132/1114 2132/3138/1141
f 2131/3134/1140 2132/3138/1141 2129/3132/1114
f 1533/3137/989 2132/3138/1141 2131/3134/1140
f 2099/3095/1143 2132/3138/1141 1531/3096/995
f 2132/3138/1141 1533/3137/989 1529/3139/996
f 1531/3096/995 2132/3138/1141 1529/3139/996
f 1329/3140/980 1331/3141/982 2133/3142/3
f 1327/3143/979 1329/3140/980 2133/3142/3
f 1331/3141/982 1333/3144/983 2133/3142/3
f 1325/3145/977 1327/3143/979 2133/3142/3
f 1333/3144/983 1335/3146/985 2133/3142/3
f 1339/3147/988 1325/3145/977 2133/3142/3
f 1335/3146/985 1337/3148/986 2133/3142/3
f 1337/3148/986 1339/3147/988 2133/3142/3
f 1361/3149/998 1363/3150/982 2134/3151/3
f 1359/3152/979 1361/3149/998 2134/3151/3
f 1363/3150/982 1365/3153/983 2134/3151/3
f 1357/3154/997 1359/3152/979 2134/3151/3
f 1365/3153/983 1367/3155/985 2134/3151/3
f 1371/3156/999 1357/3154/997 2134/3151/3
f 1367/3155/985 1369/3157/986 2134/3151/3
f 1369/3157/986 1371/3156/999 2134/3151/3
f 1485/3158/977 2135/3159/3 1487/3160/999
f 1481/3161/979 2135/3159/3 1485/3158/977
f 1487/3160/999 2135/3159/3 1489/3162/986
f 1483/3163/998 2135/3159/3 1481/3161/979
f 1489/3162/986 2135/3159/3 1491/3164/985
f 1495/3165/1025 2135/3159/3 1483/3163/998
f 1491/3164/985 2135/3159/3 1493/3166/983
f 1493/3166/983 2135/3159/3 1495/3165/1025
f 1517/3167/1026 2136/3168/3 1519/3169/999
f 1513/3170/979 2136/3168/3 1517/3167/1026
f 1519/3169/999 2136/3168/3 1521/3171/986
f 1515/3172/998 2136/3168/3 1513/3170/979
f 1521/3171/986 2136/3168/3 1523/3173/985
f 1527/3174/982 2136/3168/3 1515/3172/998
f 1523/3173/985 2136/3168/3 1525/3175/983
f 1525/3175/983 2136/3168/3 1527/3174/982
